,SPY,EFA,IEF,GLD,SHY
2004-12-01,79.8759613037,27.8666400909,46.6214218140,45.3800010681,53.3593902588
2004-12-02,79.9429702759,27.8225250244,46.5162811279,44.9500007629,53.3397445679
2004-12-03,79.8894119263,27.9883785248,46.9812812805,45.5999984741,53.4576606750
2004-12-06,79.8626098633,27.8172359467,47.0698814392,45.1699981689,53.4642295837
2004-12-07,79.1189804077,27.6655120850,47.0643539429,45.1100006104,53.4642295837
2004-12-08,79.5812225342,27.6461067200,47.4131393433,44.0099983215,53.4838714600
2004-12-09,79.8626098633,27.5314197540,47.3024368286,43.7799987793,53.4773101807
2004-12-10,79.9429702759,27.2614860535,47.3743896484,43.4399986267,53.4838714600
2004-12-13,80.6397171021,27.6725692749,47.4076499939,43.9099998474,53.4445915222
2004-12-14,80.9210662842,27.6813888550,47.4906845093,43.5499992371,53.4576606750
2004-12-15,80.9813995361,27.8489990234,47.6622505188,43.9900016785,53.5101013184
2004-12-16,80.9344940186,27.6725692749,47.2968864441,43.6800003052,53.4511413574
2004-12-17,80.3946914673,27.5931758881,47.2359886169,44.1899986267,53.4314308167
2004-12-20,80.4148864746,27.8454704285,47.2913665771,44.3400001526,53.4314308167
2004-12-21,81.0341262817,28.0413017273,47.3577690125,44.2200012207,53.4380111694
2004-12-22,81.2293014526,28.0836486816,47.3079910278,44.0200004578,53.4380111694
2004-12-23,81.2898559570,28.2679786682,47.2470779419,44.2700004578,53.4249343872
2004-12-27,81.1215972900,28.4901084900,47.0477943420,44.4799995422,53.3921318054
2004-12-28,81.5658493042,28.6799888611,47.0422058105,44.3699989319,53.4118232727
2004-12-29,81.6870040894,28.5420665741,46.9480934143,43.6599998474,53.4052429199
2004-12-30,81.5321960449,28.5456447601,47.1252899170,43.8300018311,53.4249343872
2004-12-31,81.3572006226,28.7068634033,47.1813545227,43.7999992371,53.4472427368
2005-01-03,80.9735183716,28.5008640289,47.2758102417,43.0200004578,53.4537849426
2005-01-04,79.9840545654,27.9544754028,46.9813804626,42.7400016785,53.3356437683
2005-01-05,79.4321441650,27.9365653992,47.0591506958,42.6699981689,53.3487510681
2005-01-06,79.8359909058,27.9365653992,47.1035957336,42.1500015259,53.3749771118
2005-01-07,79.7215652466,27.8111763000,47.0647201538,41.8400001526,53.3815841675
2005-01-10,80.0985031128,27.9365653992,47.0591506958,41.9500007629,53.3487510681
2005-01-11,79.5465774536,27.8828220367,47.1535911560,42.2099990845,53.3619079590
2005-01-12,79.8090896606,28.1067543030,47.2258300781,42.5999984741,53.3684921265
2005-01-13,79.1696472168,27.8649120331,47.4146575928,42.5999984741,53.4341354370
2005-01-14,79.5869598389,27.9992771149,47.3868522644,42.3199996948,53.4078712463
2005-01-18,80.4148864746,28.0207672119,47.3701820374,42.3199996948,53.3881454468
2005-01-19,79.5734786987,27.7305564880,47.3979492188,42.2599983215,53.3947486877
2005-01-20,79.0888671875,27.5460510254,47.4812889099,42.2500000000,53.4406585693
2005-01-21,78.6042022705,27.6553249359,47.5756874084,42.7400016785,53.4931945801
2005-01-24,78.4494400024,27.7036914825,47.5701141357,42.7700004578,53.4603691101
2005-01-25,78.6715087891,27.7126483917,47.3923645020,42.2400016785,53.4406585693
2005-01-26,78.9071273804,28.0476341248,47.4035224915,42.6899986267,53.4209594727
2005-01-27,79.0417327881,28.0888290405,47.3312797546,42.6199989319,53.4078712463
2005-01-28,79.0417327881,28.0261497498,47.5756874084,42.6899986267,53.4341354370
2005-01-31,79.5330963135,28.1604919434,47.5923767090,42.2200012207,53.4275245667
2005-02-01,80.0379638672,28.3360500336,47.5594787598,42.0999984741,53.4412841797
2005-02-02,80.2802429199,28.3754577637,47.5650863647,42.1599998474,53.4216270447
2005-02-03,80.0715637207,28.2214069366,47.4870567322,41.6800003052,53.3886833191
2005-02-04,80.9264297485,28.3665008545,47.7321891785,41.4700012207,53.4412841797
2005-02-07,80.8187332153,28.1873703003,47.8268737793,41.2700004578,53.4282035828
2005-02-08,80.9129791260,28.1873703003,47.8714332581,41.2599983215,53.4084205627
2005-02-09,80.3071594238,28.1157093048,48.1054496765,41.3100013733,53.5071144104
2005-02-10,80.5965881348,28.4076957703,47.8045959473,41.7500000000,53.4676208496
2005-02-11,81.2898559570,28.6047611237,47.7433128357,42.0800018311,53.4412841797
2005-02-14,81.2293014526,28.8268756866,47.8045959473,42.5499992371,53.4150085449
2005-02-15,81.5321960449,29.0203590393,47.7321891785,42.5800018311,53.4216270447
2005-02-16,81.5860290527,28.7641925812,47.5594787598,42.5200004578,53.3952865601
2005-02-17,80.9264297485,28.8233013153,47.4536361694,42.7299995422,53.4216270447
2005-02-18,81.0341262817,28.9666213989,47.2140655518,42.7500000000,53.3492050171
2005-02-22,79.8292694092,28.8985385895,47.2196617126,43.5699996948,53.3690109253
2005-02-23,80.4013824463,28.9128780365,47.2586669922,43.4199981689,53.3624191284
2005-02-24,80.9331436157,28.9576568604,47.1806564331,43.3300018311,53.3492050171
2005-02-25,81.7341613770,29.2944393158,47.2475128174,43.5000000000,53.3229331970
2005-02-28,81.1956634521,29.2263698578,46.9411048889,43.5299987793,53.2900047302
2005-03-01,81.5995254517,29.3875904083,46.9416809082,43.2200012207,53.2788391113
2005-03-02,81.5591278076,29.1672534943,46.9360694885,43.2500000000,53.3118171692
2005-03-03,81.5928115845,29.1815795898,46.9081649780,42.9700012207,53.3315277100
2005-03-04,82.6091384888,29.6921176910,47.1204490662,43.3800010681,53.3315277100
2005-03-07,82.6495437622,29.5667266846,47.1316032410,43.4700012207,53.3118171692
2005-03-08,82.3399276733,29.6473445892,46.9081649780,44.0299987793,53.3118171692
2005-03-09,81.4244689941,29.5129928589,46.5506515503,44.0200004578,53.2920761108
2005-03-10,81.6062240601,29.6097278595,46.6344223022,44.2000007629,53.2525138855
2005-03-11,81.0341262817,29.6025543213,46.4389076233,44.4300003052,53.2393226624
2005-03-14,81.5389175415,29.5076026917,46.5506515503,44.0299987793,53.2195358276
2005-03-15,80.8657989502,29.3248882294,46.4612541199,44.0600013733,53.1997985840
2005-03-16,80.1793060303,29.3589229584,46.5673942566,44.3100013733,53.2656631470
2005-03-17,80.3408050537,29.3248882294,46.7461357117,43.8199996948,53.2854347229
2005-03-18,80.1023178101,29.2657794952,46.6288146973,43.8899993896,53.2590255737
2005-03-21,79.8049392700,29.0669326782,46.5729637146,43.0900001526,53.2920761108
2005-03-22,78.9940414429,28.7337398529,46.2322082520,42.6500015259,53.1997985840
2005-03-23,79.0616378784,28.5420665741,46.3383636475,42.4199981689,53.1931610107
2005-03-24,79.1562500000,28.5366878510,46.3774490356,42.3899993896,53.2064018250
2005-03-28,79.2711257935,28.5366878510,46.2266197205,42.5400009155,53.1799812317
2005-03-29,78.7440567017,28.2411098480,46.4165000916,42.5600013733,53.2195358276
2005-03-30,79.8590240479,28.4721946716,46.5227203369,42.6100006104,53.2261772156
2005-03-31,79.7103652954,28.4596614838,46.7517051697,42.8199996948,53.2986488342
2005-04-01,79.3521957397,28.3933792114,46.8464584351,42.6199989319,53.3316917419
2005-04-04,79.4873275757,28.4023265839,46.8240737915,42.4000015259,53.3316917419
2005-04-05,79.8657455444,28.5545921326,46.8296279907,42.4500007629,53.3448600769
2005-04-06,80.1428146362,28.6352062225,46.9697837830,42.6300010681,53.3844604492
2005-04-07,80.5752792358,28.7516479492,46.7904243469,42.5699996948,53.3647003174
2005-04-08,79.7373733521,28.7516479492,46.8408470154,42.6899986267,53.3580970764
2005-04-11,79.7981872559,28.8591365814,46.9809646606,42.7799987793,53.3580970764
2005-04-12,80.2104110718,28.9307842255,47.2276077271,42.8400001526,53.3910980225
2005-04-13,79.2643585205,28.6262435913,47.2500305176,42.9000015259,53.4704360962
2005-04-14,78.2304763794,28.2500553131,47.3733253479,42.3100013733,53.5166397095
2005-04-15,77.1357345581,27.9043273926,47.6815948486,42.4000015259,53.6025085449
2005-04-18,77.3723144531,27.8022251129,47.5807037354,42.6899986267,53.5760879517
2005-04-19,77.9872131348,28.1712379456,47.8553695679,43.2799987793,53.6421546936
2005-04-20,76.8992691040,27.8111763000,47.8273086548,43.4000015259,53.6223144531
2005-04-21,78.3926239014,28.3145523071,47.4854316711,43.1899986267,53.5298538208
2005-04-22,78.0953521729,28.2142353058,47.6872367859,43.3899993896,53.5430526733
2005-04-25,78.6089096069,28.3629150391,47.6872367859,43.4399986267,53.5562667847
2005-04-26,77.8452835083,28.0082244873,47.6647949219,43.6399993896,53.5430526733
2005-04-27,78.1493911743,27.9329776764,47.8105049133,43.2000007629,53.5826454163
2005-04-28,77.1695632935,27.5568027496,48.1019973755,43.0000000000,53.6289482117
2005-04-29,78.2170028687,27.9992771149,47.9282608032,43.3499984741,53.5760879517
2005-05-02,78.6562118530,27.9903182983,47.9771537781,42.8800010681,53.5826911926
2005-05-03,78.7913589478,28.0512142181,48.0390014648,42.7599983215,53.6158256531
2005-05-04,79.3995285034,28.3844127655,48.0277099609,42.9000015259,53.6356506348
2005-05-05,79.3724899292,28.4256114960,48.1795349121,42.9099998474,53.6886177063
2005-05-06,79.1224365234,28.3020133972,47.8365974426,42.5200004578,53.5694732666
2005-05-09,79.6157531738,28.3665008545,47.8309707642,42.5499992371,53.5429496765
2005-05-10,78.7913589478,27.9723949432,47.9996147156,42.6399993896,53.5826911926
2005-05-11,79.2238006592,28.0977935791,48.0614967346,42.6899986267,53.6158256531
2005-05-12,78.3521041870,27.7484779358,48.1064376831,42.1599998474,53.6423301697
2005-05-13,78.1966781616,27.5872535706,48.2301597595,41.9500007629,53.7019081116
2005-05-16,78.9264831543,27.6983184814,48.2357482910,41.8800010681,53.6886177063
2005-05-17,79.4535675049,27.6947269440,48.2976303101,41.8600006104,53.6886177063
2005-05-18,80.2712020874,28.0082244873,48.4550361633,42.0499992371,53.7416152954
2005-05-19,80.6090927124,28.0279312134,48.3088417053,41.9799995422,53.6621360779
2005-05-20,80.4942474365,27.9097042084,48.3032341003,41.6500015259,53.6621360779
2005-05-23,80.9402084351,28.1407928467,48.5225486755,41.6199989319,53.6952629089
2005-05-24,80.7509841919,28.0673503876,48.6518325806,41.7299995422,53.7283668518
2005-05-25,80.6902160645,27.9903182983,48.4775238037,41.8699989319,53.7482452393
2005-05-26,81.1226577759,28.0082244873,48.5056457520,41.6899986267,53.7283668518
2005-05-27,81.2577972412,28.1246623993,48.5562438965,41.8800010681,53.7482452393
2005-05-31,80.7374801636,27.7574348450,48.8092536926,41.6500015259,53.7879867554
2005-06-01,81.4267196655,27.9258232117,49.1104316711,41.5299987793,53.8941917419
2005-06-02,81.6024322510,28.1640777588,49.0935096741,42.0999984741,53.8742713928
2005-06-03,81.1902465820,27.9007377625,48.8115310669,42.1699981689,53.8079261780
2005-06-06,81.1159133911,28.0852565765,48.9412841797,42.4799995422,53.8344116211
2005-06-07,81.1766967773,28.2285747528,49.0822219849,42.3800010681,53.8476982117
2005-06-08,81.0280532837,28.1246623993,48.9919853210,42.3400001526,53.8344116211
2005-06-09,81.4132308960,28.2357349396,48.9638442993,42.2700004578,53.8012466431
2005-06-10,81.2239990234,28.1282463074,48.6536178589,42.6199989319,53.7548027039
2005-06-13,81.4808044434,28.0315189362,48.5238914490,42.7799987793,53.7548027039
2005-06-14,81.6699981689,27.9992771149,48.4674873352,42.5999984741,53.7680435181
2005-06-15,81.8254165649,28.1658668518,48.4506340027,42.7400016785,53.7548027039
2005-06-16,82.0348892212,28.2572269440,48.6028671265,43.4599990845,53.8012466431
2005-06-17,82.3388595581,28.6817893982,48.5464820862,43.6300010681,53.7945976257
2005-06-20,82.3659744263,28.4130821228,48.4731369019,43.6599998474,53.7813110352
2005-06-21,82.4134902954,28.6280422211,48.6254386902,43.8100013733,53.7879867554
2005-06-22,82.4813232422,28.5420665741,48.9919853210,43.7200012207,53.9074935913
2005-06-23,81.3211517334,28.2196140289,48.9412841797,44.0200004578,53.8875160217
2005-06-24,80.7241363525,28.2142353058,49.0596733093,43.9000015259,53.9140968323
2005-06-27,80.8394470215,28.1497459412,49.0991439819,43.9099998474,53.9340095520
2005-06-28,81.5179214478,28.3109703064,48.8904876709,43.4500007629,53.8742713928
2005-06-29,81.3007965088,28.1927394867,48.8735618591,43.6300010681,53.8875160217
2005-06-30,80.8598098755,28.1551189423,49.0427513123,43.4399986267,53.9207496643
2005-07-01,81.0972595215,28.1175079346,48.6207351685,42.7000007629,53.7717132568
2005-07-05,81.7485580444,28.1497459412,48.4227600098,42.2799987793,53.7850570679
2005-07-06,81.0633316040,28.0745029449,48.5245857239,42.2500000000,53.8183097839
2005-07-07,81.3822097778,27.9186553955,48.6376838684,42.3600006104,53.8648376465
2005-07-08,82.3117446899,28.2948493958,48.4623565674,42.2599983215,53.8049888611
2005-07-11,82.7323379517,28.4990596771,48.4397354126,42.5400009155,53.7650947571
2005-07-12,82.9494857788,28.7946414948,48.3152809143,42.6399993896,53.7650947571
2005-07-13,83.0648422241,28.5635433197,48.2700042725,42.3499984741,53.7717132568
2005-07-14,83.3904647827,28.6441612244,48.2077865601,41.9000015259,53.7717132568
2005-07-15,83.3430023193,28.5689315796,48.2190856934,42.0499992371,53.7783737183
2005-07-18,83.0105361938,28.4883251190,48.1399269104,42.0099983215,53.7650947571
2005-07-19,83.4650802612,28.5528068542,48.2077865601,41.8899993896,53.7850570679
2005-07-20,83.7500610352,28.7462711334,48.2983055115,42.2000007629,53.7783737183
2005-07-21,83.2615890503,28.8053874969,47.9419364929,42.4599990845,53.7251625061
2005-07-22,83.8179168701,28.7785282135,48.1682090759,42.4500007629,53.7783737183
2005-07-25,83.5804748535,28.6979007721,48.0833587646,42.5099983215,53.7583656311
2005-07-26,83.6822052002,28.6119270325,48.1172828674,42.2500000000,53.7450790405
2005-07-27,83.9875183105,28.9397449493,48.0494079590,42.4399986267,53.7450790405
2005-07-28,84.5167236328,29.1385898590,48.2587165833,42.7500000000,53.7518005371
2005-07-29,83.9535980225,28.9988574982,47.9701805115,42.8199996948,53.7184829712
2005-08-01,83.8925552368,29.2836856842,47.8743133545,43.1300010681,53.6858329773
2005-08-02,84.3945846558,29.4932765961,47.8289108276,43.1399993896,53.6924972534
2005-08-03,84.6184768677,29.7136268616,47.9480895996,43.5299987793,53.7125015259
2005-08-04,83.9400482178,29.4717845917,47.9140434265,43.6800003052,53.7125015259
2005-08-05,83.3700942993,29.3642978668,47.6586723328,43.5999984741,53.6658210754
2005-08-08,83.2140808105,29.4341640472,47.5338020325,43.3499984741,53.6125259399
2005-08-09,83.7161331177,29.8103580475,47.6699981689,43.3400001526,53.6725425720
2005-08-10,83.6754302979,30.0145721436,47.6473007202,43.6500015259,53.6725425720
2005-08-11,84.0078582764,30.4982433319,47.8515701294,44.4500007629,53.7125015259
2005-08-12,83.4923019409,30.3101520538,48.0445747375,44.4900016785,53.7791938782
2005-08-15,84.0078582764,30.3638877869,47.9820976257,44.1300010681,53.7525177002
2005-08-16,82.9155578613,30.0360717773,48.2091140747,44.5499992371,53.7791938782
2005-08-17,82.9087829590,29.9608287811,48.0218505859,43.9099998474,53.7924995422
2005-08-18,82.9020004272,29.6383876801,48.2772636414,43.8300018311,53.8391609192
2005-08-19,83.0919418335,29.7834854126,48.2488365173,43.5999984741,53.8191757202
2005-08-22,83.0919418335,30.1113109589,48.2885742188,43.7000007629,53.8258514404
2005-08-23,82.9359207153,29.9823207855,48.3793525696,43.7599983215,53.8791694641
2005-08-24,82.1963424683,29.6652526855,48.4020538330,43.5900001526,53.8858222961
2005-08-25,82.4948959351,29.7781066895,48.4304313660,43.7299995422,53.8791694641
2005-08-26,81.9317779541,29.6813774109,48.3509902954,43.6100006104,53.8391609192
2005-08-29,82.5627670288,29.6652526855,48.3850440979,43.5699996948,53.8524894714
2005-08-30,82.1285247803,29.5792655945,48.6120643616,43.0099983215,53.9325370789
2005-08-31,83.1666107178,30.1113109589,48.9298439026,43.4000015259,54.0725326538
2005-09-01,83.1055297852,30.4713745117,48.9776496887,44.2200012207,54.1380844116
2005-09-02,82.9562530518,30.5788555145,48.9890441895,44.2500000000,54.2049369812
2005-09-06,83.9264984131,30.9550495148,48.8353347778,44.2700004578,54.1179809570
2005-09-07,84.0689468384,30.8690567017,48.6759338379,44.3300018311,54.0778694153
2005-09-08,83.7907791138,30.6325988770,48.6759338379,44.5999984741,54.0511474609
2005-09-09,84.5370788574,31.0356597900,48.7158203125,44.8400001526,54.0645332336
2005-09-12,84.3674468994,30.7938251495,48.5620765686,44.8899993896,54.0444488525
2005-09-13,83.8993682861,30.5842342377,48.7101364136,44.5600013733,54.0778694153
2005-09-14,83.5940246582,30.6057281494,48.6076087952,44.9599990845,54.0711822510
2005-09-15,83.5533065796,30.6272182465,48.4595832825,45.4199981689,54.0578422546
2005-09-16,84.1474380493,30.9711627960,48.2717361450,45.8199996948,54.0177116394
2005-09-19,83.8681030273,30.7669487000,48.3685302734,46.2500000000,54.0310707092
2005-09-20,83.1594924927,30.6540946960,48.3286705017,46.2299995422,53.9909400940
2005-09-21,82.3827285767,30.6863460541,48.5506935120,47.0600013733,54.0444488525
2005-09-22,82.6757278442,30.6540946960,48.5848350525,46.3600006104,54.0645332336
2005-09-23,82.7438507080,30.5251293182,48.3172798157,46.2799987793,54.0177116394
2005-09-26,82.8392715454,30.8583087921,48.1920242310,46.5699996948,53.9776268005
2005-09-27,82.8187789917,30.7400722504,48.2204742432,46.2500000000,53.9575309753
2005-09-28,82.9006347656,31.0571479797,48.3172798157,46.7999992371,53.9776268005
2005-09-29,83.5750732422,31.4279689789,48.2090835571,47.0999984741,53.9575309753
2005-09-30,83.8340301514,31.2237510681,48.0724754333,46.7000007629,53.9106826782
2005-10-03,83.5342407227,31.1162624359,47.8879585266,46.4199981689,53.8866081238
2005-10-04,82.5939712524,30.9120445251,47.9108352661,46.4500007629,53.8798751831
2005-10-05,81.5106201172,30.6433486938,48.0250854492,46.3600006104,53.9067077637
2005-10-06,81.2176208496,30.4982433319,47.9622116089,47.2099990845,53.9067077637
2005-10-07,81.4969863892,30.6057281494,48.0250854492,47.3600006104,53.9469833374
2005-10-10,80.8087844849,30.4552516937,48.0365066528,47.3699989319,53.9402542114
2005-10-11,80.6929779053,30.4928741455,47.9451484680,47.3899993896,53.9268455505
2005-10-12,80.0592727661,30.2886562347,47.7623367310,46.8499984741,53.8866081238
2005-10-13,80.0116195679,30.2241592407,47.6880416870,47.0200004578,53.8866081238
2005-10-14,80.8564987183,30.5089893341,47.6880416870,46.7999992371,53.9000129700
2005-10-17,81.1562957764,30.2026691437,47.6309509277,47.2599983215,53.8731918335
2005-10-18,80.2773361206,29.8533515930,47.6994934082,47.0000000000,53.9201393127
2005-10-19,81.6128311157,30.0951881409,47.7565765381,46.3400001526,53.9469833374
2005-10-20,80.1751480103,29.4072875977,47.7851486206,45.9799995422,53.9469833374
2005-10-21,80.4885711670,29.5362739563,47.9965171814,46.5200004578,53.9804916382
2005-10-24,81.7354507446,29.9984493256,47.7908821106,46.3899993896,53.9603462219
2005-10-25,81.5719375610,30.0306968689,47.5681495667,47.0600013733,53.8664894104
2005-10-26,81.3334426880,29.9769554138,47.3853111267,46.9300003052,53.8463439941
2005-10-27,80.4681243896,29.9178409576,47.4938468933,47.1800003052,53.8866081238
2005-10-28,81.6264343262,30.1757926941,47.4424781799,47.2200012207,53.8866081238
2005-10-31,81.8512573242,30.2295322418,47.4767189026,46.4000015259,53.8664894104
2005-11-01,82.0965652466,30.4874897003,47.4469261169,45.7299995422,53.8812637329
2005-11-02,82.9550628662,30.9066753387,47.3494796753,46.1300010681,53.8745613098
2005-11-03,83.3093872070,30.8905506134,47.1832695007,45.9599990845,53.8476448059
2005-11-04,83.2003555298,30.6057281494,47.1603660583,45.5099983215,53.8476448059
2005-11-07,83.2821350098,30.7830772400,47.2463111877,45.7700004578,53.8408889771
2005-11-08,83.2821350098,30.7078418732,47.4813499451,45.9099998474,53.9081687927
2005-11-09,83.3911514282,30.6863460541,47.2291259766,46.5600013733,53.8408889771
2005-11-10,84.0384368896,30.6487102509,47.4985008240,46.4799995422,53.9148521423
2005-11-11,84.3246231079,30.8099460602,47.5558471680,46.7999992371,53.9350662231
2005-11-14,84.2769317627,30.6272182465,47.3437843323,46.6199989319,53.8543968201
2005-11-15,83.9702911377,30.4606323242,47.5042419434,46.6599998474,53.8947257996
2005-11-16,84.1406326294,30.4068870544,47.7449989319,47.7799987793,53.9619674683
2005-11-17,84.9241714478,30.9281864166,47.8367004395,48.4799995422,54.0090522766
2005-11-18,85.2580642700,31.1431465149,47.7220611572,48.4599990845,54.0090522766
2005-11-21,85.6873092651,31.1861343384,47.8137397766,48.9900016785,54.0426864624
2005-11-22,86.0552215576,31.2882442474,47.9799728394,49.3199996948,54.1166458130
2005-11-23,86.5526428223,31.4387187958,47.8538932800,49.1500015259,54.0493583679
2005-11-25,86.6208038330,31.1377639771,47.9971733093,49.4199981689,54.0964927673
2005-11-28,86.0075454712,31.2183799744,48.0601997375,49.7400016785,54.1099319458
2005-11-29,85.9121398926,31.1700096130,47.7965583801,49.7999992371,54.0695533752
2005-11-30,85.4488449097,30.9281864166,47.7736511230,49.0999984741,54.0763053894
2005-12-01,86.3209609985,31.5085735321,47.6660614014,50.1699981689,54.0230178833
2005-12-02,86.4300003052,31.6268100739,47.7063484192,50.3199996948,54.0701942444
2005-12-05,86.2460098267,31.7665386200,47.5625991821,50.7799987793,54.0095443726
2005-12-06,86.4095611572,31.8632774353,47.7868576050,50.8899993896,54.0837593079
2005-12-07,85.9053421021,31.6536922455,47.7580642700,51.3199996948,54.0904312134
2005-12-08,85.8508682251,31.6483116150,47.9651527405,51.9000015259,54.1578788757
2005-12-09,86.0757064819,31.9653797150,47.7523803711,52.4000015259,54.1039695740
2005-12-12,86.1574325562,32.3684425354,47.6430892944,52.5600013733,54.0971870422
2005-12-13,86.7434158325,32.5242996216,47.7580642700,51.6500015259,54.1241683960
2005-12-14,87.0840988159,32.5081787109,48.0571594238,50.3499984741,54.1848945618
2005-12-15,86.8319854736,32.2072219849,47.9938850403,50.2400016785,54.1848945618
2005-12-16,86.5525360107,32.4598121643,48.0801773071,50.0900001526,54.2185897827
2005-12-19,86.1073074341,32.4006919861,48.1089210510,50.2200012207,54.1848945618
2005-12-20,86.1895065308,32.4060668945,48.0284271240,49.0400009155,54.1781539917
2005-12-21,86.3265075684,32.5619087219,47.9651527405,49.3699989319,54.1781539917
2005-12-22,86.7785491943,32.7500076294,48.1549568176,50.1399993896,54.2253227234
2005-12-23,86.8265151978,32.7335891724,48.2699623108,50.1199989319,54.2523612976
2005-12-27,85.9429016113,32.4325256348,48.5000076294,50.6399993896,54.2591094971
2005-12-28,86.1347122192,32.6678962708,48.3511199951,51.4700012207,54.3260765076
2005-12-29,85.7511291504,32.6788444519,48.4088516235,51.4700012207,54.2854270935
2005-12-30,85.2853469849,32.5310516357,48.4261779785,51.5800018311,54.2651481628
2006-01-03,86.7854080200,33.6203536987,48.4203491211,53.1199989319,54.3395500183
2006-01-04,87.1963958740,33.8995056152,48.5069313049,53.2999992371,54.3937110901
2006-01-05,87.2511749268,33.7298316956,48.5184478760,52.3400001526,54.3463935852
2006-01-06,87.9772491455,34.1841583252,48.4550018311,53.7200012207,54.3599090576
2006-01-09,88.2032775879,34.2005844116,48.4780921936,54.5999984741,54.3666496277
2006-01-10,88.2923812866,33.8940467834,48.2818374634,54.0600013733,54.3124961853
2006-01-11,88.5731735229,34.1841583252,48.1606559753,54.5299987793,54.3124961853
2006-01-12,88.2238311768,33.9049911499,48.3338317871,54.4300003052,54.3395500183
2006-01-13,88.1416702271,34.0363616943,48.5473442078,55.4399986267,54.4478302002
2006-01-17,87.9019012451,33.6094093323,48.6050682068,55.2599983215,54.4275474548
2006-01-18,87.5525970459,33.1550827026,48.6223793030,54.0699996948,54.4207687378
2006-01-19,87.8882141113,33.5327606201,48.5012130737,55.5900001526,54.4275474548
2006-01-20,86.2853851318,33.0236968994,48.5819549561,55.2000007629,54.4478302002
2006-01-23,86.5935897827,33.4835090637,48.5704460144,55.7700004578,54.4545707703
2006-01-24,86.6826705933,33.6531944275,48.4896125793,55.7299995422,54.4410247803
2006-01-25,86.7580184937,33.7681350708,48.1895256042,56.1399993896,54.3666496277
2006-01-26,87.2374496460,34.1677398682,48.0856628418,55.8800010681,54.3733634949
2006-01-27,88.0457534790,34.3483734131,48.1202545166,55.6300010681,54.3328094482
2006-01-30,87.9772491455,34.3757476807,48.0163879395,56.6800003052,54.3599090576
2006-01-31,87.3333892822,34.4085845947,48.0856628418,56.7000007629,54.3599090576
2006-02-01,87.9430084229,34.5125770569,47.9374313354,56.7000007629,54.3103408813
2006-02-02,86.9224166870,34.1239318848,47.9374313354,56.9799995422,54.3103408813
2006-02-03,86.4908905029,34.0363616943,48.0821723938,56.5000000000,54.3374824524
2006-02-06,86.7168960571,33.9871025085,48.0126838684,56.7200012207,54.3103408813
2006-02-07,85.9497528076,33.7352981567,47.9548263550,54.5999984741,54.3171272278
2006-02-08,86.7306060791,33.8557243347,47.9258651733,54.8300018311,54.2967338562
2006-02-09,86.5867843628,33.9214057922,47.9721794128,56.1800003052,54.2831573486
2006-02-10,86.7443008423,33.8447685242,47.8332099915,54.7900009155,54.2424964905
2006-02-13,86.5867843628,33.6094093323,47.8332099915,53.7200012207,54.2831573486
2006-02-14,87.5046310425,33.9816246033,47.7637634277,54.4900016785,54.2831573486
2006-02-15,87.8128509521,33.6750907898,47.8505859375,53.7599983215,54.2764129639
2006-02-16,88.4704284668,33.9980506897,47.8274192810,54.5200004578,54.3171272278
2006-02-17,88.2307052612,33.8995056152,47.9895744324,54.9599990845,54.3578224182
2006-02-21,88.0114974976,33.9049911499,47.9316520691,55.1199989319,54.3171272278
2006-02-22,88.5457916260,34.1622581482,48.1111221313,55.3400001526,54.3578224182
2006-02-23,88.4156417847,34.2498359680,47.9953346252,54.6399993896,54.3103408813
2006-02-24,88.6417007446,34.3647918701,47.9374313354,55.6399993896,54.3306770325
2006-02-27,88.6759185791,34.4852218628,47.8448104858,55.2200012207,54.3034896851
2006-02-28,87.8334274292,34.1677398682,48.0358963013,56.0699996948,54.3781929016
2006-03-01,88.6142425537,34.5180549622,47.9411773682,56.0999984741,54.3502998352
2006-03-02,88.6074371338,34.4523773193,47.7495079041,56.7400016785,54.3707237244
2006-03-03,88.1964416504,34.3100585938,47.6333198547,56.2799987793,54.3162498474
2006-03-06,87.7923431396,34.1786880493,47.4823379517,55.2299995422,54.3366508484
2006-03-07,87.6553268433,33.7626724243,47.5055541992,54.9500007629,54.3366508484
2006-03-08,87.8402557373,33.8776245117,47.5287933350,53.9700012207,54.3707237244
2006-03-09,87.2511749268,33.8393096924,47.5752716064,54.2400016785,54.3911552429
2006-03-10,88.0800018311,34.3538360596,47.4823379517,53.8300018311,54.3366508484
2006-03-13,88.2444076538,34.6384811401,47.4416770935,54.3100013733,54.3366508484
2006-03-14,89.1691131592,35.0052337646,47.7146263123,54.8699989319,54.4456024170
2006-03-15,89.5663681030,35.1311378479,47.6275482178,55.1199989319,54.4592399597
2006-03-16,89.7513198853,35.2460899353,47.9295654297,55.3400001526,54.5545997620
2006-03-17,89.8262786865,35.4157638550,47.8307952881,55.1199989319,54.5341682434
2006-03-20,89.6818847656,35.4869384766,47.9237480164,55.1699981689,54.5613975525
2006-03-21,89.1179351807,35.1201934814,47.7262535095,54.8300018311,54.4660377502
2006-03-22,89.6612243652,35.4486236572,47.7843818665,54.7500000000,54.4796867371
2006-03-23,89.4755706787,35.0216560364,47.6623649597,54.7000007629,54.4660377502
2006-03-24,89.5443344116,35.3008193970,47.8714408875,55.7099990845,54.5409278870
2006-03-27,89.4136505127,35.2406005859,47.7669334412,56.3899993896,54.5273475647
2006-03-28,88.8635101318,34.9012336731,47.5345764160,56.0600013733,54.4796867371
2006-03-29,89.4205245972,35.3610343933,47.4881134033,57.0699996948,54.4796867371
2006-03-30,89.2623825073,35.7879905701,47.3487358093,58.5999984741,54.4524154663
2006-03-31,89.2830276489,35.5361976624,47.3836021423,58.0999984741,54.4728279114
2006-04-03,89.2142181396,35.9248428345,47.3311119080,58.4700012207,54.4427833557
2006-04-04,89.7849960327,36.2094726562,47.3369865417,58.3300018311,54.4837989807
2006-04-05,90.0944671631,36.3299102783,47.4476623535,58.6599998474,54.4906120300
2006-04-06,89.9981994629,36.3627433777,47.3136901855,59.2799987793,54.4837989807
2006-04-07,89.0835876465,35.9467353821,47.0980873108,58.5900001526,54.4496726990
2006-04-10,89.2211303711,36.0124206543,47.1563453674,59.5999984741,54.4632987976
2006-04-11,88.4646377563,35.7715682983,47.2437477112,59.0099983215,54.5111503601
2006-04-12,88.6297073364,35.5964088440,47.1330490112,59.4300003052,54.4769897461
2006-04-13,88.5128173828,35.6894798279,46.8824691772,59.5000000000,54.4701080322
2006-04-17,88.4784011841,35.8536796570,47.0631065369,61.0900001526,54.5043182373
2006-04-18,89.8813018799,36.5871849060,47.2146263123,61.8499984741,54.5794296265
2006-04-19,90.0532302856,36.8389739990,47.0806159973,63.7500000000,54.5657730103
2006-04-20,90.1769866943,36.6747512817,47.0398178101,60.9599990845,54.5452995300
2006-04-21,90.1907424927,36.9210853577,47.1388282776,63.2000007629,54.5452995300
2006-04-24,90.0257034302,36.9593887329,47.1971206665,61.6500015259,54.5726356506
2006-04-25,89.6543731689,36.9375000000,46.8999519348,62.7799987793,54.5316162109
2006-04-26,89.6750030518,37.1674041748,46.8766441345,63.6500015259,54.4906120300
2006-04-27,90.1082382202,37.2330818176,47.0048217773,62.9599990845,54.5794296265
2006-04-28,90.4108352661,37.2385559082,47.0863914490,65.0899963379,54.5930900574
2006-05-01,89.6750030518,37.2221412659,46.8314514160,65.1600036621,54.5608787537
2006-05-02,90.3489303589,37.7914237976,46.9074478149,66.5500030518,54.5677299500
2006-05-03,90.0119400024,37.5669822693,46.8431091309,66.4599990845,54.5677299500
2006-05-04,90.3351669312,37.8571090698,46.8138847351,67.4800033569,54.5745964050
2006-05-05,91.1329116821,38.4373359680,46.9250144958,67.9899978638,54.5883026123
2006-05-08,91.0228424072,38.4044876099,46.9484100342,67.5599975586,54.5814781189
2006-05-09,91.2016220093,38.6343994141,46.9308547974,69.6800003052,54.5883026123
2006-05-10,91.1535720825,38.5139617920,46.9542732239,70.3799972534,54.5883026123
2006-05-11,90.0532302856,38.1253356934,46.8723907471,71.0299987793,54.6088867188
2006-05-12,88.8772811890,37.6326751709,46.6969490051,71.1200027466,54.5883026123
2006-05-15,89.0560607910,37.3097152710,46.7963829041,67.4100036621,54.6157417297
2006-05-16,88.9253997803,37.2549896240,46.9717788696,68.6100006104,54.6637344360
2006-05-17,87.2336959839,36.0671653748,46.8372955322,68.1500015259,54.6362686157
2006-05-18,86.7935485840,35.9576911926,47.1706466675,67.4599990845,54.6911659241
2006-05-19,87.4056091309,36.1383171082,47.1413917542,65.5800018311,54.6774177551
2006-05-22,86.7385711670,35.3446083069,47.2057228088,65.3000030518,54.6774177551
2006-05-23,86.0783920288,35.3555564880,47.1881713867,66.3799972534,54.7117080688
2006-05-24,86.7660293579,35.3336715698,47.2583389282,64.0599975586,54.7459526062
2006-05-25,87.8388671875,35.8098945618,47.1823501587,64.6999969482,54.7459526062
2006-05-26,88.2858657837,36.0999946594,47.2232627869,65.0999984741,54.7665557861
2006-05-30,86.7178878784,35.5526084900,47.1823501587,65.1100006104,54.7254333496
2006-05-31,87.6875305176,35.8153648376,47.0361099243,64.2300033569,54.6843032837
2006-06-01,88.5265197754,36.0452575684,47.1147918701,62.5600013733,54.7516670227
2006-06-02,88.7121963501,36.3955802917,47.4787139893,63.5000000000,54.8342208862
2006-06-05,87.4193725586,35.6073570251,47.3847961426,63.2900009155,54.7861251831
2006-06-06,87.2061767578,35.1749229431,47.4258842468,62.5499992371,54.7861251831
2006-06-07,86.5528717041,34.6932258606,47.3612632751,62.2799987793,54.7516670227
2006-06-08,86.4772186279,33.9268836975,47.4258842468,60.9099998474,54.8136329651
2006-06-09,86.2021331787,33.8885726929,47.5432281494,60.4500007629,54.8136329651
2006-06-12,85.2668762207,33.5984611511,47.5197830200,60.0299987793,54.8204383850
2006-06-13,84.2766265869,32.5474815369,47.5843544006,55.9199981689,54.8066902161
2006-06-14,84.9299240112,33.0182304382,47.2673683167,55.6199989319,54.7516670227
2006-06-15,86.7316818237,34.1567840576,47.1617355347,57.3199996948,54.7379302979
2006-06-16,86.0996780396,33.8830909729,47.1324005127,57.6800003052,54.7104148865
2006-06-19,85.4227218628,33.7133941650,47.0795631409,56.3600006104,54.6897735596
2006-06-20,85.7127914429,33.9159431458,47.0443344116,57.2999992371,54.6829185486
2006-06-21,86.3483047485,34.3538360596,47.0384788513,58.3300018311,54.6966247559
2006-06-22,85.9683990479,34.1732177734,46.8858757019,57.7299995422,54.6691780090
2006-06-23,85.9545974731,34.0746765137,46.8447723389,57.9900016785,54.6553993225
2006-06-26,86.3345260620,34.3428993225,46.8154335022,58.2799987793,54.6622467041
2006-06-27,85.5885009766,33.7079277039,46.9387245178,57.6800003052,54.6966247559
2006-06-28,86.1687164307,34.0911026001,46.7860679626,57.5400009155,54.6691780090
2006-06-29,87.9093399048,35.3500823975,46.9798240662,59.5200004578,54.7654762268
2006-06-30,87.9162826538,35.7934684753,47.1441192627,61.2299995422,54.8136329651
2006-07-03,88.2754287720,35.9795799255,47.1217689514,62.1800003052,54.8053321838
2006-07-05,87.7712173462,35.2953453064,46.9508743286,62.5000000000,54.7570228577
2006-07-06,88.0267868042,35.6675758362,47.0981521606,63.0200004578,54.7983894348
2006-07-07,87.4534835815,35.5033531189,47.2454605103,62.6300010681,54.8398323059
2006-07-10,87.6192779541,35.7989349365,47.2808151245,62.0200004578,54.8398323059
2006-07-11,88.0060653687,35.8974723816,47.3338737488,63.8100013733,54.8398323059
2006-07-12,87.0666809082,35.2241859436,47.3751258850,64.9199981689,54.8605651855
2006-07-13,85.6506729126,34.6056365967,47.4811744690,65.5500030518,54.9295501709
2006-07-14,85.3190994263,34.3100585938,47.5165481567,65.8499984741,54.9364585876
2006-07-17,85.1947708130,33.8283538818,47.4752693176,63.9500007629,54.9295501709
2006-07-18,85.6299591064,33.7736129761,47.2926101685,62.9000015259,54.8881072998
2006-07-19,86.8180313110,34.6056365967,47.5931625366,64.0299987793,54.9640464783
2006-07-20,86.2239837646,34.4195327759,47.6932830811,62.5400009155,55.0331268311
2006-07-21,85.6161270142,34.4195327759,47.6638526917,61.7099990845,55.0192718506
2006-07-24,87.1771774292,35.0435485840,47.6638526917,61.1399993896,55.0192718506
2006-07-25,87.4880371094,35.0326042175,47.6166801453,61.5499992371,55.0055274963
2006-07-26,87.6054382324,35.2789268494,47.7345619202,62.0000000000,55.0745162964
2006-07-27,87.5225448608,35.4978866577,47.7286338806,62.9000015259,55.1021423340
2006-07-28,88.3997726440,36.2094726562,47.8582763672,63.1100006104,55.1711730957
2006-07-31,88.3099975586,36.0835838318,47.9349403381,63.1599998474,55.1780662537
2006-08-01,87.8748321533,35.8317794800,47.9461174011,64.3199996948,55.2119789124
2006-08-02,88.4688491821,36.2259063721,47.9875335693,64.7500000000,55.2119789124
2006-08-03,88.7037048340,36.1656913757,47.9993934631,64.1200027466,55.2050285339
2006-08-04,88.5517349243,36.1930580139,48.2359886169,64.2799987793,55.2535667419
2006-08-07,88.3445587158,35.9686279297,48.1709098816,64.5000000000,55.2743682861
2006-08-08,88.0060653687,35.8427276611,48.1768417358,63.9700012207,55.3021049500
2006-08-09,87.7090606689,36.0178985596,48.1531486511,64.6299972534,55.3228073120
2006-08-10,87.9784317017,36.0999946594,48.1650390625,63.2500000000,55.3089752197
2006-08-11,87.7297592163,35.7879905701,48.0111961365,62.7099990845,55.2605285645
2006-08-14,87.7988433838,35.9084281921,47.9283828735,62.2500000000,55.2327346802
2006-08-15,88.8487472534,36.6857032776,48.1590957642,62.0099983215,55.3089752197
2006-08-16,89.5878219604,37.0196113586,48.3602638245,62.4900016785,55.3990287781
2006-08-17,89.8157806396,36.8827552795,48.3484153748,61.0299987793,55.3920745850
2006-08-18,90.2716598511,37.0360336304,48.4785499573,61.0400009155,55.4128494263
2006-08-21,89.8848419189,36.9210853577,48.5377120972,62.4399986267,55.4475250244
2006-08-22,89.8779754639,36.8170738220,48.5554161072,62.0499992371,55.4405784607
2006-08-23,89.6292648315,36.6857032776,48.5080986023,61.8300018311,55.4267120361
2006-08-24,89.5532913208,36.5816993713,48.5554161072,61.7500000000,55.4613876343
2006-08-25,89.6638031006,36.5543327332,48.6205062866,61.7700004578,55.4752464294
2006-08-28,90.0920639038,36.7075996399,48.6146125793,61.0000000000,55.4891052246
2006-08-29,90.1956787109,37.0031852722,48.6560134888,60.9399986267,55.5098648071
2006-08-30,90.2509536743,37.0031852722,48.7151527405,61.4199981689,55.5445098877
2006-08-31,90.2371292114,37.0031852722,48.7802429199,62.2900009155,55.5930099487
2006-09-01,90.7758636475,37.2768745422,48.8526802063,62.1399993896,55.6562728882
2006-09-05,90.9485626221,37.4739341736,48.6923370361,63.3600006104,55.5936927795
2006-09-06,90.1473159790,36.8444519043,48.6567420959,62.8600006104,55.5936927795
2006-09-07,89.7328796387,36.4010696411,48.6923370361,61.2500000000,55.5936927795
2006-09-08,89.9884948730,36.4120101929,48.7398338318,60.6399993896,55.6284637451
2006-09-11,90.0782852173,36.1930580139,48.6507568359,58.5000000000,55.6215019226
2006-09-12,90.9624023438,36.6090736389,48.7873611450,58.3199996948,55.6493186951
2006-09-13,91.3284912109,36.5379142761,48.8348770142,58.6199989319,55.6562728882
2006-09-14,91.3353805542,36.5871849060,48.7398338318,57.1899986267,55.6076393127
2006-09-15,91.5497817993,36.5105438232,48.7101707458,57.4000015259,55.6284637451
2006-09-18,91.6746520996,36.6638031006,48.6388778687,58.2299995422,55.6215019226
2006-09-19,91.4456939697,36.3244209290,48.9298362732,56.9199981689,55.6979751587
2006-09-20,91.9313507080,36.6802291870,48.9417572021,57.2599983215,55.7188529968
2006-09-21,91.4873199463,36.7678108215,49.2921142578,57.9500007629,55.8162231445
2006-09-22,91.2098541260,36.5871849060,49.4405441284,58.5000000000,55.8439712524
2006-09-25,91.9105453491,36.7404441833,49.6068344116,58.5000000000,55.8926963806
2006-09-26,92.6736679077,36.8280220032,49.4821014404,58.7400016785,55.8301086426
2006-09-27,92.7846832275,37.0634040833,49.4702415466,59.8100013733,55.8718223572
2006-09-28,92.7499847412,37.1674041748,49.4227256775,59.7900009155,55.8926963806
2006-09-29,92.6736679077,37.0852928162,49.3692932129,59.4700012207,55.8370361328
2006-10-02,92.3267745972,37.1892967224,49.4563217163,59.1500015259,55.9026336670
2006-10-03,92.5210418701,37.2221412659,49.4503479004,57.1100006104,55.9096221924
2006-10-04,93.6033325195,37.5779457092,49.6768417358,56.3699989319,56.0073013306
2006-10-05,93.7837295532,37.6217384338,49.5040054321,56.9199981689,55.9514961243
2006-10-06,93.6657791138,37.2878227234,49.2357788086,56.9900016785,55.8816909790
2006-10-09,93.7212600708,37.3151893616,49.2953796387,57.2000007629,55.8886566162
2006-10-10,93.8461303711,37.3589820862,48.9973678589,57.0000000000,55.8119544983
2006-10-11,93.7351455688,37.3316040039,48.9377021790,56.8800010681,55.8049011230
2006-10-12,94.5468292236,37.7312049866,48.9675140381,57.4900016785,55.8328590393
2006-10-13,94.7897033691,37.7968864441,48.8841056824,58.5699996948,55.8119544983
2006-10-16,94.9354171753,37.9392089844,48.9675140381,59.1699981689,55.8398056030
2006-10-17,94.6370697021,37.7038421631,49.0211677551,58.6500015259,55.8467788696
2006-10-18,94.7619323730,37.7968864441,49.0092773438,58.5900001526,55.8538093567
2006-10-19,94.9145507812,38.0815315247,48.9675140381,59.4099998474,55.8467788696
2006-10-20,94.9354171753,38.2019653320,48.9555816650,58.7799987793,55.8677291870
2006-10-23,95.3724746704,38.2348060608,48.8184738159,57.7599983215,55.8398056030
2006-10-24,95.6568832397,38.2402801514,48.8841056824,58.1699981689,55.8398056030
2006-10-25,95.9830093384,38.5084915161,49.0629348755,58.7599983215,55.9026336670
2006-10-26,96.2812652588,38.8040733337,49.2298355103,59.2900009155,55.9723892212
2006-10-27,95.6776733398,38.5358695984,49.3907165527,59.4000015259,56.0282974243
2006-10-30,95.6083221436,38.4537544250,49.4145851135,59.9000015259,55.9933280945
2006-10-31,95.5944442749,38.4756507874,49.6351356506,60.2400016785,56.0701103210
2006-11-01,94.9492645264,38.4099617004,49.8074645996,61.3600006104,56.1100311279
2006-11-02,94.8937377930,38.5522689819,49.6698265076,61.9199981689,56.0960540771
2006-11-03,94.7272491455,38.4044876099,49.2929267883,62.2999992371,55.9909515381
2006-11-06,95.7956542969,38.9737701416,49.3407897949,61.8899993896,55.9839477539
2006-11-07,96.1633377075,39.0175666809,49.5082817078,62.0400009155,56.0539855957
2006-11-08,96.3714828491,39.0285224915,49.6159782410,61.1100006104,56.0820007324
2006-11-09,95.8650054932,38.8314590454,49.6100349426,62.9500007629,56.0750541687
2006-11-10,95.9066162109,38.9847221375,49.7177162170,62.4900016785,56.1170997620
2006-11-13,96.1425094604,38.7383956909,49.6937751770,62.1899986267,56.1170997620
2006-11-14,96.8640441895,39.1653633118,49.7954826355,61.6300010681,56.1240577698
2006-11-15,97.1415252686,39.1544113159,49.6578559875,61.8400001526,56.0890464783
2006-11-16,97.3912963867,39.0722923279,49.5322456360,61.3100013733,56.0680313110
2006-11-17,97.4190292358,38.9573440552,49.7116928101,61.7799987793,56.1380805969
2006-11-20,97.4745941162,38.6617622375,49.7416076660,61.7700004578,56.1520576477
2006-11-21,97.5716705322,38.8533439636,49.8134384155,62.2700004578,56.1660728455
2006-11-22,97.7659378052,39.2310409546,49.8911666870,62.5000000000,56.2081222534
2006-11-24,97.3704986572,39.0230331421,49.9450759888,63.5000000000,56.2150840759
2006-11-27,96.0315322876,38.7000732422,49.9929008484,63.7000007629,56.2500801086
2006-11-28,96.4477539062,39.0449295044,50.0826797485,63.5699996948,56.2781944275
2006-11-29,97.4537277222,39.4883270264,50.0228424072,63.1599998474,56.2781944275
2006-11-30,97.4953613281,39.6579933167,50.2860946655,64.3899993896,56.3411750793
2006-12-01,97.2803115845,39.6087265015,50.4025611877,64.1200027466,56.4515075684
2006-12-04,98.0226211548,39.8660125732,50.3965950012,64.1200027466,56.4444770813
2006-12-05,98.4458312988,40.0904388428,50.3305130005,63.8100013733,56.4444770813
2006-12-06,98.3625869751,40.0028648376,50.2524261475,62.6899986267,56.4374809265
2006-12-07,97.9324340820,40.1396942139,50.2344474792,62.7299995422,56.4234237671
2006-12-08,98.1128311157,40.0411682129,50.0062751770,62.0499992371,56.3531303406
2006-12-11,98.3972702026,40.2053833008,50.1624069214,62.5699996948,56.3601570129
2006-12-12,98.3209533691,40.3696060181,50.2524261475,62.5200004578,56.4374809265
2006-12-13,98.4250335693,40.5228652954,49.9942550659,62.4799995422,56.3601570129
2006-12-14,99.2922363281,40.6870918274,49.9162139893,62.1199989319,56.3320388794
2006-12-15,99.3013000488,40.5228652954,49.9282112122,61.0000000000,56.3531303406
2006-12-18,99.0292053223,40.4626502991,49.9522056580,61.0400009155,56.3531303406
2006-12-19,99.2175979614,40.6432952881,49.9402389526,61.7999992371,56.3601570129
2006-12-20,99.1617660522,40.5721168518,49.9282112122,61.6199989319,56.3953094482
2006-12-21,98.7990036011,40.5514564514,50.1083641052,61.3800010681,56.4374809265
2006-12-22,98.1920852661,40.4564323425,49.8801383972,61.6500015259,56.4304504395
2006-12-26,98.7711105347,40.4396705627,49.9162139893,61.9799995422,56.4304504395
2006-12-27,99.4198684692,40.9427070618,49.7830772400,62.2200012207,56.3994102478
2006-12-28,99.2105941772,40.9706459045,49.6687049866,62.9000015259,56.3641700745
2006-12-29,98.7990036011,40.9259529114,49.6446456909,63.2099990845,56.3782882690
2007-01-03,98.6245880127,41.0880432129,49.7891120911,62.2799987793,56.4346694946
2007-01-04,98.8338623047,40.9706459045,49.9698333740,61.6500015259,56.4910964966
2007-01-05,98.0455322266,40.3558197021,49.8072204590,60.1699981689,56.4558334351
2007-01-08,98.4990386963,40.4117012024,49.8433151245,60.4799995422,56.4205551147
2007-01-09,98.4153060913,40.4508438110,49.8312797546,60.8499984741,56.4417419434
2007-01-10,98.7431793213,40.1434249878,49.7469825745,60.5900001526,56.4276351929
2007-01-11,99.1757583618,40.4005317688,49.6145248413,60.6300010681,56.3852920532
2007-01-12,99.9291763306,40.8588638306,49.5121116638,62.1699981689,56.3500709534
2007-01-16,99.7338256836,40.8085746765,49.6084671021,61.9700012207,56.4064483643
2007-01-17,99.7756958008,40.8309097290,49.5121116638,62.6399993896,56.3852920532
2007-01-18,99.4408264160,40.6912078857,49.5783691406,62.2599983215,56.4064483643
2007-01-19,99.6361923218,41.1886596680,49.5001144409,63.0000000000,56.3994102478
2007-01-22,99.3291931152,40.9818496704,49.5904312134,62.7200012207,56.4205551147
2007-01-23,99.6222152710,41.3451499939,49.4458847046,64.2300033569,56.3923759460
2007-01-24,100.4244613647,41.6134490967,49.4518852234,64.3300018311,56.4205551147
2007-01-25,99.2454605103,40.9371261597,49.2592391968,64.0599975586,56.3782882690
2007-01-26,99.1548080444,41.0153732300,49.2531890869,64.1699981689,56.3852920532
2007-01-29,99.0989990234,41.0600929260,49.2170524597,63.7700004578,56.3923759460
2007-01-30,99.6152496338,41.3395729065,49.2651977539,64.2200012207,56.4064483643
2007-01-31,100.2849578857,41.4960632324,49.4458847046,64.8300018311,56.4699096680
2007-02-01,100.8849334717,41.8426170349,49.4102668762,65.2200012207,56.4628372192
2007-02-02,101.0244598389,41.7587699890,49.4525146484,64.2799987793,56.4840774536
2007-02-05,101.0523605347,41.6246261597,49.5069389343,64.3099975586,56.4699478149
2007-02-06,101.0802383423,41.9488105774,49.6459350586,64.7900009155,56.5336074829
2007-02-07,101.3035049438,42.0661926270,49.7547912598,64.6299972534,56.5619354248
2007-02-08,101.1709518433,41.8985023499,49.7668495178,65.5199966431,56.5831069946
2007-02-09,100.4174652100,41.7196426392,49.6157493591,66.1200027466,56.5265235901
2007-02-12,100.0756759644,41.5575675964,49.5492553711,65.6699981689,56.5265235901
2007-02-13,100.9198379517,42.0885658264,49.5129966736,65.8399963379,56.5194854736
2007-02-14,101.5825576782,42.6586685181,49.7970886230,66.3700027466,56.6468582153
2007-02-15,101.7151565552,42.7089805603,49.8757057190,66.4100036621,56.6752014160
2007-02-16,101.6662368774,42.6921958923,49.9300956726,66.3600006104,56.6893043518
2007-02-20,101.8825454712,42.7536964417,49.9905204773,65.3099975586,56.6822204590
2007-02-21,101.8406677246,42.5357055664,49.9844894409,67.3499984741,56.7176208496
2007-02-22,101.7639617920,42.7257461548,49.8575515747,67.1500015259,56.6822204590
2007-02-23,101.3662948608,42.8599052429,50.0570068359,67.7200012207,56.7459754944
2007-02-26,101.2755661011,42.8822364807,50.2141532898,68.0999984741,56.7883872986
2007-02-27,97.3200302124,41.1551055908,50.6373214722,65.4100036621,56.9228553772
2007-02-28,98.3176269531,41.4457626343,50.4620323181,66.4800033569,56.8803977966
2007-03-01,98.0246353149,41.0209655762,50.5075263977,65.8199996948,56.9592170715
2007-03-02,96.7409744263,40.4676017761,50.6712417603,63.7099990845,57.0231399536
2007-03-05,95.8201065063,39.6292037964,50.7015762329,62.9300003052,57.0444717407
2007-03-06,97.4595108032,40.8588638306,50.6348915100,64.1500015259,56.9947166443
2007-03-07,97.3618774414,40.8700561523,50.7258262634,64.3000030518,57.0515518188
2007-03-08,98.1850814819,41.3507537842,50.7197494507,64.4800033569,57.0515518188
2007-03-09,98.2129898071,41.4178199768,50.4347305298,64.2500000000,56.9521522522
2007-03-12,98.3594970703,41.6861076355,50.5741920471,64.3700027466,57.0018386841
2007-03-13,96.4479598999,40.6912078857,50.7986106873,63.7200012207,57.0799598694
2007-03-14,97.1665115356,40.7079658508,50.7319221497,63.9399986267,57.0941772461
2007-03-15,97.2990722656,40.8924102783,50.6772918701,63.9799995422,57.0799598694
2007-03-16,97.0266189575,40.9427070618,50.6712417603,64.6200027466,57.0728340149
2007-03-19,98.1963195801,41.5743217468,50.6045455933,64.7399978638,57.0231399536
2007-03-20,98.7356414795,41.9264602661,50.6772918701,65.2699966431,57.0728340149
2007-03-21,100.3605651855,42.8207702637,50.7500762939,65.8199996948,57.1651496887
2007-03-22,100.2834777832,42.6586685181,50.5802650452,65.7600021362,57.1083564758
2007-03-23,100.4305877686,42.7592849731,50.5014190674,65.1500015259,57.0728340149
2007-03-26,100.2974700928,42.7760505676,50.5438613892,65.8399963379,57.1296958923
2007-03-27,100.0593566895,42.5860137939,50.5317573547,65.6999969482,57.1367683411
2007-03-28,99.3309402466,42.2115211487,50.5256652832,66.0500030518,57.1651496887
2007-03-29,99.4360122681,42.5804214478,50.4529075623,65.6500015259,57.1367683411
2007-03-30,99.4570083618,42.6474914551,50.3922920227,65.7399978638,57.1367683411
2007-04-02,99.5690765381,42.7592849731,50.4482460022,65.8499984741,57.1474876404
2007-04-03,100.6406784058,43.1170120239,50.4056549072,65.8300018311,57.1474876404
2007-04-04,100.7527694702,43.2958602905,50.4848365784,66.8099975586,57.1830787659
2007-04-05,101.0259323120,43.4523658752,50.3569679260,66.8600006104,57.1617240906
2007-04-09,101.1659774780,43.4188461304,50.1255760193,66.5299987793,57.0333976746
2007-04-10,101.2850952148,43.7430305481,50.2290954590,67.1600036621,57.1047325134
2007-04-11,100.8718032837,43.5306320190,50.1682395935,67.0800018311,57.1047325134
2007-04-12,101.3200912476,43.8212776184,50.2169113159,66.9899978638,57.0975761414
2007-04-13,101.7823410034,43.9666137695,50.1316871643,67.8399963379,57.0690612793
2007-04-16,102.7489471436,44.4305343628,50.1864662170,68.4000015259,57.0619583130
2007-04-17,103.0220336914,44.4361267090,50.3996238708,68.0000000000,57.1545867920
2007-04-18,103.1481323242,44.4193496704,50.5152778625,68.3799972534,57.2329788208
2007-04-19,103.1201019287,44.2516708374,50.5091476440,67.5299987793,57.2329788208
2007-04-20,104.0936889648,44.7603073120,50.4543876648,68.6999969482,57.2187080383
2007-04-23,103.7014617920,44.3243370056,50.5578575134,68.2600021362,57.2615089417
2007-04-24,103.7434234619,44.2963943481,50.6553115845,67.7300033569,57.3113822937
2007-04-25,104.6960449219,44.7100028992,50.6248321533,67.8899993896,57.2900161743
2007-04-26,104.8151321411,44.5032043457,50.4787330627,66.8700027466,57.2472686768
2007-04-27,104.7310485840,44.4081764221,50.4787330627,67.5599975586,57.2686119080
2007-04-30,103.8625183105,44.2460784912,50.6978912354,67.0899963379,57.3113822937
2007-05-01,104.1287384033,44.2013511658,50.7003707886,66.6900024414,57.2870674133
2007-05-02,104.7380447388,44.5367202759,50.6392517090,66.6600036621,57.3156890869
2007-05-03,105.3053741455,44.5982208252,50.5842704773,67.4899978638,57.2727851868
2007-05-04,105.7046279907,45.0174102783,50.7126083374,68.1900024414,57.3013648987
2007-05-07,105.7256317139,45.0844993591,50.7553825378,68.2500000000,57.3013648987
2007-05-08,105.5855636597,44.7156028748,50.7553825378,67.8799972534,57.3300247192
2007-05-09,105.8726959229,44.9615173340,50.5903472900,67.4499969482,57.2870674133
2007-05-10,104.7660598755,44.0728034973,50.7186546326,66.0000000000,57.3371620178
2007-05-11,105.6626205444,44.8162155151,50.6147575378,66.4499969482,57.3156890869
2007-05-14,105.4314651489,44.6485290527,50.5414848328,66.2799987793,57.2727851868
2007-05-15,105.4594497681,44.7267761230,50.5353584290,66.5400009155,57.2870674133
2007-05-16,106.1808853149,44.7938423157,50.5047988892,65.5999984741,57.3442840576
2007-05-17,105.9707641602,44.5646896362,50.3703117371,65.0599975586,57.3085937500
2007-05-18,106.8952636719,44.9056320190,50.2236595154,65.5199966431,57.2513465881
2007-05-21,106.8392410278,44.6988143921,50.2909240723,65.6699981689,57.2656173706
2007-05-22,106.7551803589,44.7379302979,50.1503143311,65.1999969482,57.2799720764
2007-05-23,106.7691879272,44.9671134949,50.0525283813,65.5400009155,57.2656173706
2007-05-24,105.8026885986,44.5367202759,50.1197814941,64.7500000000,57.2870674133
2007-05-25,106.2439117432,44.8217811584,50.0647583008,64.9400024414,57.3227996826
2007-05-29,106.6291503906,44.8776855469,49.9608802795,65.0699996948,57.2656173706
2007-05-30,107.4976043701,45.0677185059,50.0097732544,64.7200012207,57.3085937500
2007-05-31,107.3856277466,45.2913017273,49.9914283752,65.5400009155,57.2727851868
2007-06-01,107.9178695679,45.5875358582,49.7760467529,66.4400024414,57.2433166504
2007-06-04,107.9318618774,45.7105178833,49.8558616638,66.5400009155,57.2648506165
2007-06-05,107.5046005249,45.4757461548,49.6962509155,66.3700027466,57.2145614624
2007-06-06,106.3489303589,44.8217811584,49.7207984924,66.4100036621,57.2863845825
2007-06-07,104.4298171997,44.0560379028,49.2238121033,65.2600021362,57.2217941284
2007-06-08,105.7886352539,44.5367202759,49.3158416748,64.2200012207,57.2433166504
2007-06-11,105.9707641602,44.6876449585,49.1869812012,64.6999969482,57.2505531311
2007-06-12,104.8151321411,43.8939476013,48.8372383118,64.0999984741,57.2002563477
2007-06-13,106.3839950562,44.4640693665,48.9967536926,64.5299987793,57.2145614624
2007-06-14,107.0634078979,44.7938423157,49.0090484619,64.5999984741,57.2145614624
2007-06-15,107.6725387573,45.1571578979,49.2238121033,64.8499984741,57.2936286926
2007-06-18,107.5459671021,45.4086837769,49.1992301941,64.9499969482,57.2936286926
2007-06-19,107.8132324219,45.4533920288,49.4385757446,65.4800033569,57.3940391541
2007-06-20,106.3149490356,44.9168205261,49.2790336609,64.7099990845,57.3366813660
2007-06-21,106.9058227539,45.3248367310,49.2176818848,64.5599975586,57.3581962585
2007-06-22,105.8999252319,44.6988143921,49.3649291992,64.7799987793,57.4371719360
2007-06-25,105.3934631348,44.6876449585,49.5244636536,64.4300003052,57.4874267578
2007-06-26,104.3101577759,44.4640693665,49.5367164612,63.6199989319,57.4514923096
2007-06-27,105.7944259644,44.7826766968,49.5306053162,63.6699981689,57.4443893433
2007-06-28,105.7803192139,44.8162155151,49.4999389648,64.2600021362,57.4299774170
2007-06-29,105.8154830933,45.1459770203,49.7576408386,64.2699966431,57.5448188782
2007-07-02,106.7721862793,45.7999458313,49.8334083557,65.0199966431,57.5822944641
2007-07-03,107.1590652466,46.0179405212,49.6855545044,64.7399978638,57.5607376099
2007-07-05,107.0465240479,45.7887573242,49.4084053040,64.4199981689,57.4814147949
2007-07-06,107.6092224121,46.1185379028,49.2913246155,64.9599990845,57.4741897583
2007-07-09,107.6936492920,46.2303276062,49.4699783325,65.3799972534,57.5174827576
2007-07-10,106.1602096558,45.6657981873,49.8087615967,65.6100006104,57.6255035400
2007-07-11,106.9128417969,46.0961914062,49.6362686157,65.4400024414,57.5967102051
2007-07-12,108.6010742188,46.7389717102,49.4946060181,66.0199966431,57.5607376099
2007-07-13,108.9246063232,46.7054405212,49.6054954529,66.0299987793,57.5895576477
2007-07-16,108.9106063843,46.5992393494,49.8026313782,65.8199996948,57.6471748352
2007-07-17,108.8543014526,46.4427299500,49.6979064941,65.7500000000,57.6110649109
2007-07-18,108.6573257446,46.2806396484,49.8765335083,66.6200027466,57.6976203918
2007-07-19,109.0793914795,46.5433387756,49.8703575134,67.0100021362,57.6904106140
2007-07-20,107.9750366211,46.0626525879,50.1167869568,67.5800018311,57.7840995789
2007-07-23,108.3056411743,46.3421096802,50.0982856750,67.4700012207,57.7408561707
2007-07-24,106.4275054932,45.6434440613,50.2338142395,67.4700012207,57.7984657288
2007-07-25,106.6455612183,45.5204734802,50.3015975952,66.9000015259,57.8417129517
2007-07-26,104.1203155518,44.0057334900,50.7019577026,65.6500015259,57.9786033630
2007-07-27,102.0733108521,43.3964767456,50.8005142212,65.4100036621,58.0435066223
2007-07-30,103.6700439453,44.1678352356,50.6711578369,65.7699966431,57.9714775085
2007-07-31,102.5024261475,44.1119422913,50.8805809021,65.7900009155,58.0651359558
2007-08-01,103.0018539429,44.1845893860,50.7396316528,65.9300003052,58.0086631775
2007-08-02,103.8248672485,44.3187561035,50.7766914368,65.8899993896,58.0376243591
2007-08-03,101.1518478394,43.5194435120,51.1044654846,66.6900024414,58.1823158264
2007-08-06,102.8470916748,43.9945526123,50.9003677368,66.5199966431,58.1099472046
2007-08-07,103.9443817139,44.1454658508,50.8941917419,66.4800033569,58.0593261719
2007-08-08,105.3934631348,44.8609199524,50.5417251587,66.7699966431,58.0159034729
2007-08-09,102.2702789307,43.5809326172,50.8261718750,65.4599990845,58.1823158264
2007-08-10,101.7919616699,42.8319396973,50.7519493103,66.5699996948,58.1605567932
2007-08-13,102.1577606201,42.9157905579,50.8323249817,66.2600021362,58.2112159729
2007-08-14,100.5961608887,42.5021705627,51.0178642273,66.2900009155,58.2907485962
2007-08-15,99.2103347778,41.5072479248,51.1106376648,66.1299972534,58.3703155518
2007-08-16,99.9560470581,41.3283920288,51.3085136414,64.6800003052,58.4860801697
2007-08-17,101.7919616699,41.7084732056,51.3456153870,65.0100021362,58.5367050171
2007-08-20,101.7427062988,41.8426170349,51.4569473267,65.1200027466,58.6090736389
2007-08-21,101.9467086792,41.8146629333,51.6795463562,65.0699996948,58.6885871887
2007-08-22,103.1566314697,42.8039970398,51.5125923157,65.4000015259,58.6090736389
2007-08-23,103.0651397705,42.9940376282,51.5311355591,65.3099975586,58.5728530884
2007-08-24,104.3383255005,43.7430305481,51.5496597290,66.1100006104,58.4643592834
2007-08-27,103.3676071167,43.2791137695,51.6919364929,65.9800033569,58.5439453125
2007-08-28,101.0955429077,42.4071540833,51.9578742981,65.5899963379,58.6958503723
2007-08-29,103.0792465210,43.3797035217,51.7599754333,66.0699996948,58.6235427856
2007-08-30,102.8049011230,43.0778808594,52.0196990967,65.8000030518,58.6741065979
2007-08-31,103.8178176880,43.8324470520,52.0320243835,66.5199966431,58.6741065979
2007-09-04,104.8658981323,44.2349128723,51.9351921082,67.4400024414,58.6712417603
2007-09-05,103.9585037231,43.5921287537,52.2580604553,67.5599975586,58.8236846924
2007-09-06,104.1976699829,43.7542076111,52.1462783813,68.8600006104,58.7510871887
2007-09-07,102.7486419678,43.2232093811,52.7050437927,69.3899993896,58.9543838501
2007-09-10,102.5516510010,43.0443496704,52.8230209351,69.6200027466,58.9761505127
2007-09-11,103.7474670410,43.7877426147,52.7112846375,70.5199966431,58.8890342712
2007-09-12,104.0147705078,43.8324470520,52.5808753967,70.4599990845,58.9398765564
2007-09-13,104.7462997437,44.0169029236,52.2704811096,70.0800018311,58.8527832031
2007-09-14,104.7392349243,43.7597999573,52.3387413025,69.9899978638,58.8455047607
2007-09-17,104.1765289307,43.1449546814,52.3697929382,70.9700012207,58.8381996155
2007-09-18,107.2434692383,44.5478973389,52.3139038086,71.6999969482,58.9180755615
2007-09-19,107.8765335083,44.9503440857,52.1276168823,71.4300003052,58.9180755615
2007-09-20,107.1168060303,44.9112167358,51.5378227234,72.7200012207,58.7946548462
2007-09-21,107.4059753418,45.1068534851,51.7986373901,72.3399963379,58.8744812012
2007-09-24,107.2080383301,45.2074584961,51.8668823242,72.2799987793,58.9398765564
2007-09-25,106.9959793091,45.2633590698,51.8731231689,72.3300018311,58.9906845093
2007-09-26,107.5614242554,45.4869308472,51.8917579651,72.0000000000,58.9543838501
2007-09-27,108.1975173950,46.0905876160,52.0593643188,72.6999969482,59.0632324219
2007-09-28,107.8370590210,46.1632652283,52.0779991150,73.5100021362,58.9979362488
2007-10-01,109.0526657104,46.7557411194,52.1403045654,73.9000015259,59.0103492737
2007-10-02,108.9042434692,46.6383743286,52.2524642944,72.3499984741,59.0468177795
2007-10-03,108.6851196289,46.4259643555,52.2150917053,71.9000015259,59.0394630432
2007-10-04,108.8547668457,46.5880584717,52.3085365295,72.8700027466,59.0686607361
2007-10-05,110.1481475830,47.0631599426,51.8474731445,73.4000015259,59.0030174255
2007-10-08,109.5615692139,46.6271629333,52.0343551636,72.5299987793,59.0613098145
2007-10-09,110.5933761597,47.1469993591,51.8723449707,73.0899963379,58.9301605225
2007-10-10,110.4096374512,47.0575828552,51.9222297668,73.3600006104,58.9447784424
2007-10-11,109.8795623779,47.2755584717,51.9284362793,73.9100036621,58.9593315125
2007-10-12,110.4873352051,47.4823722839,51.7539634705,74.5899963379,58.8937149048
2007-10-15,109.5544509888,47.0966987610,51.8037948608,75.1399993896,58.8937149048
2007-10-16,108.6851196289,46.3700714111,51.9470901489,75.1200027466,58.9665794373
2007-10-17,109.0172805786,46.8619346619,52.2649421692,74.5000000000,59.1050834656
2007-10-18,108.6215209961,46.9737205505,52.4643783569,76.0000000000,59.1852569580
2007-10-19,105.7803878784,45.9396781921,52.9129791260,75.6999969482,59.3382148743
2007-10-22,106.3952407837,45.8838005066,52.8133125305,74.5999984741,59.2872200012
2007-10-23,107.2574386597,46.5321578979,52.8008270264,75.2300033569,59.2944869995
2007-10-24,107.0595855713,46.4315681458,53.0688552856,75.5199966431,59.4111251831
2007-10-25,107.3140411377,46.6439437866,53.0251998901,76.0299987793,59.3746795654
2007-10-26,108.5720672607,47.4879608154,52.8943176270,77.6900024414,59.3819770813
2007-10-29,108.9325332642,47.8344993591,52.9379501343,78.1200027466,59.3819770813
2007-10-30,108.1762924194,47.4544334412,52.9940185547,77.3499984741,59.3746795654
2007-10-31,109.3000183105,48.1251564026,52.6388511658,78.6200027466,59.2799377441
2007-11-01,106.7415695190,47.1134605408,53.0684852600,77.9300003052,59.4722747803
2007-11-02,106.8616943359,47.3761672974,53.2122917175,79.8300018311,59.5454483032
2007-11-05,106.0489501953,46.6216011047,53.1497612000,79.7500000000,59.5381698608
2007-11-06,107.4766540527,47.3258590698,53.0559692383,81.4300003052,59.5016174316
2007-11-07,104.5364532471,46.5042114258,53.2498130798,82.2399978638,59.6697883606
2007-11-08,104.0064468384,46.5880584717,53.3686065674,82.2300033569,59.7648544312
2007-11-09,102.5787353516,45.6825675964,53.6875419617,82.1800003052,59.7867736816
2007-11-12,101.5610198975,44.9335746765,53.7813835144,78.3000030518,59.9257926941
2007-11-13,104.6566390991,46.1408996582,53.5061798096,79.1200027466,59.7429656982
2007-11-14,104.3668136597,46.0682373047,53.5437736511,80.2799987793,59.7722091675
2007-11-15,102.8614501953,45.3080558777,53.8438720703,77.9499969482,59.9697074890
2007-11-16,103.0381622314,45.4533920288,53.8438720703,77.7500000000,59.9697074890
2007-11-19,101.6034545898,44.2516708374,54.2316818237,77.2399978638,60.1672248840
2007-11-20,102.2253799438,45.2410011292,54.0878028870,79.4700012207,60.1452407837
2007-11-21,100.1333847046,44.2181320190,54.5130538940,79.3600006104,60.3354110718
2007-11-23,101.8649368286,45.3304367065,54.3504562378,81.2500000000,60.2695732117
2007-11-26,99.6174392700,44.6205787659,55.0946578979,81.3000030518,60.4377899170
2007-11-27,100.7624282837,45.2242279053,54.5818290710,80.0999984741,60.2550201416
2007-11-28,103.9852066040,46.5097999573,54.3880043030,79.5699996948,60.2037506104
2007-11-29,104.0205917358,46.1297225952,54.6943817139,78.2799987793,60.3134346008
2007-11-30,105.0665283203,46.3812561035,54.7694702148,77.3199996948,60.3426895142
2007-12-03,104.3739089966,46.2079772949,54.9859390259,78.2799987793,60.4792213440
2007-12-04,103.4409942627,45.9173393250,55.0361824036,79.4000015259,60.4718856812
2007-12-05,105.1725234985,46.4483146667,54.8290519714,78.6299972534,60.4938964844
2007-12-06,106.6779861450,46.8899002075,54.5404434204,79.3700027466,60.3691864014
2007-12-07,106.6567077637,46.7054405212,54.1890563965,78.5999984741,60.3031044006
2007-12-10,107.4836273193,47.1861152649,54.0635299683,80.0000000000,60.2590522766
2007-12-11,104.5364532471,45.9564552307,54.8039817810,78.8399963379,60.4792213440
2007-12-12,105.5683212280,46.8787193298,54.3458633423,80.4899978638,60.3251266479
2007-12-13,105.3492813110,45.9229049683,53.9443092346,78.5000000000,60.2370300293
2007-12-14,104.0134658813,44.6820564270,53.7874488831,78.5199966431,60.0902214050
2007-12-17,102.5292892456,43.7318496704,54.1074676514,78.1299972534,60.2663612366
2007-12-18,103.1017303467,44.2796173096,54.2141609192,79.2500000000,60.2296943665
2007-12-19,103.1017303467,43.9162979126,54.6471023560,79.2399978638,60.3838157654
2007-12-20,103.7519454956,44.2293052673,54.5592422485,78.6699981689,60.4278907776
2007-12-21,105.2475433350,44.8609199524,54.1639823914,80.0999984741,60.3324241638
2007-12-24,106.0291519165,45.0443572998,54.0070343018,80.1399993896,60.2810249329
2007-12-26,106.2565612793,45.1704788208,53.7497940063,81.5199966431,60.2223434448
2007-12-27,104.9207687378,44.8953094482,54.1106719971,81.5599975586,60.3541641235
2007-12-28,104.6578750610,45.2793846130,54.5451965332,83.0000000000,60.4278221130
2007-12-31,103.8834533691,44.9984931946,54.7971687317,82.4599990845,60.5235710144
2008-01-02,102.9739227295,44.8379859924,55.1875839233,84.8600006104,60.6340179443
2008-01-03,102.9242095947,44.9125099182,55.3009414673,85.5699996948,60.7297096252
2008-01-04,100.4019241333,43.8921546936,55.4458122253,85.1299972534,60.8180923462
2008-01-07,100.3166961670,43.9380187988,55.5465202332,84.7699966431,60.7812728882
2008-01-08,98.6967239380,43.6915283203,55.6662292480,86.7799987793,60.8696784973
2008-01-09,99.7340927124,44.0068092346,55.5780754089,86.5500030518,60.8402252197
2008-01-10,100.3877105713,43.9609642029,55.4269256592,88.2500000000,60.8402252197
2008-01-11,99.5777282715,43.0839157104,55.7795867920,88.5800018311,61.0095977783
2008-01-14,100.3806228638,43.7717895508,55.8047943115,89.5400009155,61.0316658020
2008-01-15,98.1709213257,42.3501739502,56.1700477600,87.9899978638,61.0831413269
2008-01-16,97.3254089355,41.4960632324,56.0629806519,86.6999969482,61.1347236633
2008-01-17,94.8031311035,40.8712577820,56.5164527893,86.5000000000,61.2378540039
2008-01-18,93.8297348022,41.1062622070,56.4345550537,87.4199981689,61.2893905640
2008-01-22,92.8776321411,39.9598159790,57.0643234253,88.1699981689,61.5471572876
2008-01-23,95.1086502075,39.7247848511,56.7997894287,87.8899993896,61.5176734924
2008-01-24,95.9115371704,41.1177253723,56.2834510803,90.0800018311,61.3262214661
2008-01-25,94.5260238647,40.5215721130,56.8061141968,90.3000030518,61.4882278442
2008-01-28,96.0891494751,40.9744262695,56.5983123779,91.7500000000,61.4587249756
2008-01-29,96.5651855469,41.2209129333,56.3715667725,91.1500015259,61.4219055176
2008-01-30,95.8546752930,41.0317535400,56.3463973999,92.0599975586,61.4660911560
2008-01-31,97.6025009155,41.4673995972,56.6361045837,91.4000015259,61.5250015259
2008-02-01,99.1727600098,42.1610145569,56.8199234009,89.3499984741,61.5921897888
2008-02-04,97.9222717285,41.7310905457,56.5040435791,89.0999984741,61.5996017456
2008-02-05,95.3004531860,39.8165130615,56.9020576477,87.6800003052,61.7398605347
2008-02-06,94.5331115723,39.7821083069,56.8010025024,88.9499969482,61.7620277405
2008-02-07,95.1583786011,39.5814743042,56.1628799438,89.8499984741,61.6808471680
2008-02-08,94.5473556519,39.1744804382,56.6367454529,91.0000000000,61.7915573120
2008-02-11,95.0304641724,39.3808479309,56.7630996704,91.3300018311,61.8137092590
2008-02-12,95.9115371704,40.2292175293,56.6430587769,89.3300018311,61.8358917236
2008-02-13,96.8920059204,40.5043792725,56.4029884338,89.4400024414,61.8580780029
2008-02-14,96.0394210815,40.3209457397,56.0934333801,89.7099990845,61.8137092590
2008-02-15,96.0180740356,40.4699821472,56.2134628296,89.1500015259,61.7472801208
2008-02-19,96.2880859375,40.8655128479,55.8091049194,91.5800018311,61.7029685974
2008-02-20,96.5722656250,40.6534042358,55.7585563660,93.2399978638,61.6291084290
2008-02-21,95.7694091797,40.5788879395,56.3334846497,93.2500000000,61.7989349365
2008-02-22,96.3591384888,41.0948066711,56.1755485535,93.3899993896,61.7324790955
2008-02-25,97.5740966797,41.7482833862,55.8028221130,92.7399978638,61.6365280151
2008-02-26,98.3059463501,42.3673667908,55.9417724609,93.7099990845,61.7251396179
2008-02-27,98.2064666748,42.5049514771,56.0744667053,94.7799987793,61.7989349365
2008-02-28,97.2472534180,42.0979652405,56.7314796448,95.9899978638,61.9466705322
2008-02-29,95.0802154541,41.0432052612,57.3380050659,96.1800003052,62.1607704163
2008-03-03,94.8528671265,41.1635780334,57.1922340393,97.2399978638,62.1629486084
2008-03-04,94.4905242920,40.5387802124,56.9767532349,95.1800003052,62.1481208801
2008-03-05,95.0873565674,41.0260200500,56.7295684814,97.7200012207,62.1111755371
2008-03-06,93.1192016602,40.4413299561,57.1858863831,96.5000000000,62.2960662842
2008-03-07,92.1600189209,39.9655380249,57.3823318481,96.0899963379,62.2665443420
2008-03-10,90.9450683594,39.7649116516,57.7942161560,95.8700027466,62.3331565857
2008-03-11,94.2133941650,41.0202941895,57.1668586731,95.9899978638,62.0224227905
2008-03-12,93.3323516846,41.0202941895,57.8259696960,97.0100021362,62.2221374512
2008-03-13,93.5384216309,41.0890769958,57.5217514038,98.3399963379,62.1924972534
2008-03-14,92.0889663696,40.0973815918,58.1174316406,98.7099990845,62.3774681091
2008-03-17,91.1582107544,39.4897537231,58.4089431763,99.1699981689,62.5181007385
2008-03-18,94.9452133179,40.6992721558,58.0097160339,96.5000000000,62.2960662842
2008-03-19,92.5934524536,39.2260742188,58.5103416443,93.0400009155,62.3627395630
2008-03-20,94.3085250854,39.8165130615,58.6370620728,89.9100036621,62.2887039185
2008-03-24,96.1935653687,40.5445060730,57.6041221619,90.0999984741,62.0297660828
2008-03-25,96.2863922119,41.1349220276,57.8069076538,92.7300033569,62.0742111206
2008-03-26,95.1082229614,41.1349220276,57.8512611389,93.8000030518,62.2073211670
2008-03-27,94.8084030151,41.1005363464,57.7752227783,93.4599990845,62.2738914490
2008-03-28,93.9015426636,41.0661392212,58.0033264160,91.8799972534,62.3035163879
2008-03-31,94.2300033569,41.2151756287,58.1048088074,90.4100036621,62.3182945251
2008-04-01,97.5430755615,42.5164108276,57.5967025757,86.8600006104,62.0929641724
2008-04-02,97.6073379517,42.6081275940,57.4059562683,89.2699966431,62.0410423279
2008-04-03,97.8501205444,42.7342453003,57.4059562683,89.4199981689,61.9965934753
2008-04-04,97.7429733276,42.8775482178,57.8446121216,90.2500000000,62.1078414917
2008-04-07,97.7929840088,43.1412315369,57.4631614685,91.1699981689,61.9891357422
2008-04-08,97.6930389404,42.6883850098,57.4695510864,90.3499984741,62.0262145996
2008-04-09,96.9861221313,42.3387107849,57.8129005432,92.2900009155,62.1448860168
2008-04-10,97.1217880249,42.2068634033,57.5839881897,91.7699966431,62.1226272583
2008-04-11,95.2368011475,41.6393737793,57.8319282532,91.3000030518,62.2263870239
2008-04-14,94.9154357910,41.7310905457,57.6857452393,91.1100006104,62.1892547607
2008-04-15,95.1368103027,42.0234375000,57.4249839783,91.6600036621,62.1078414917
2008-04-16,97.7144165039,43.3475952148,57.0371360779,93.2699966431,61.9743232727
2008-04-17,97.8572311401,42.8660697937,56.9035873413,92.5599975586,61.8631439209
2008-04-18,98.8782730103,43.1699066162,56.8463821411,90.6200027466,61.8260841370
2008-04-21,98.9282455444,43.5081024170,56.8527221680,90.2500000000,61.7667655945
2008-04-22,98.4927368164,43.0552444458,56.8972473145,90.2699966431,61.7890167236
2008-04-23,98.3356246948,43.2788009644,56.8400115967,89.2200012207,61.7890167236
2008-04-24,98.7640609741,42.9979286194,56.3948631287,87.2200012207,61.6184883118
2008-04-25,99.6780014038,43.3533134460,56.3186378479,87.2699966431,61.6259117126
2008-04-28,99.6994018555,43.6055374146,56.4203376770,87.6900024414,61.6926574707
2008-04-29,99.3067016602,43.2214851379,56.5220985413,85.8099975586,61.6778030396
2008-04-30,98.7211914062,43.4565010071,56.7000999451,86.6500015259,61.7963867188
2008-05-01,100.7633285522,43.7201919556,56.6937675476,83.9899978638,61.6864662170
2008-05-02,101.0417861938,43.8405647278,56.2344970703,84.5800018311,61.6047973633
2008-05-05,100.5562286377,43.9150924683,56.3174552917,86.2699966431,61.6716270447
2008-05-06,101.4273376465,44.2418174744,56.1388282776,86.6299972534,61.7087478638
2008-05-07,99.6208801270,43.4679718018,56.3620758057,85.8199996948,61.7830009460
2008-05-08,99.3638381958,43.8463096619,56.7256393433,87.2399978638,61.8350601196
2008-05-09,99.1781845093,43.4966392517,56.7894210815,87.4199981689,61.8572845459
2008-05-12,100.2920379639,43.9322853088,56.6937675476,86.9899978638,61.7384529114
2008-05-13,100.3063201904,43.7832374573,56.2217102051,85.3899993896,61.6345176697
2008-05-14,100.5134201050,43.7832374573,56.2025756836,85.1999969482,61.5899505615
2008-05-15,101.7700805664,44.5284576416,56.5151138306,87.0000000000,61.6419296265
2008-05-16,101.8629531860,45.0099525452,56.4194755554,89.0999984741,61.6567955017
2008-05-19,102.1413955688,44.8265190125,56.5470123291,89.3899993896,61.7236022949
2008-05-20,101.3131027222,44.4137992859,56.7192802429,90.9000015259,61.8127746582
2008-05-21,99.5994338989,43.9093475342,56.5853042603,91.9599990845,61.7458877563
2008-05-22,99.6137313843,44.4195251465,56.2153472900,90.9800033569,61.5750808716
2008-05-23,98.2785186768,43.9150924683,56.4641380310,91.2300033569,61.6938858032
2008-05-27,99.0068283081,43.8291130066,56.1898651123,89.3600006104,61.6270637512
2008-05-28,99.4637908936,43.8233718872,55.7688674927,89.1399993896,61.5156898499
2008-05-29,99.9636077881,43.7259292603,55.5073127747,86.5100021362,61.4933929443
2008-05-30,100.2135314941,43.9724121094,55.6922760010,87.4499969482,61.5825004578
2008-06-02,99.1781845093,43.5138282776,56.0232200623,87.9599990845,61.7038803101
2008-06-03,98.5998687744,43.4221115112,56.3177185059,86.8799972534,61.7932853699
2008-06-04,98.5498123169,43.1699066162,56.1128654480,86.6500015259,61.7708969116
2008-06-05,100.5205612183,43.8864250183,55.8183517456,86.4499969482,61.6889915466
2008-06-06,97.3145599365,42.6253356934,56.3049240112,89.0599975586,61.7708969116
2008-06-09,97.5502243042,42.5680007935,55.9016265869,87.9899978638,61.4580841064
2008-06-10,97.0646743774,41.8457336426,55.5687294006,85.5500030518,61.3166389465
2008-06-11,95.6366195679,41.3126296997,55.6263694763,87.0199966431,61.4209251404
2008-06-12,96.0007629395,41.1693267822,55.1398506165,85.5999984741,61.1229896545
2008-06-13,97.2146377563,41.5476493835,55.0118331909,85.8300018311,61.1900444031
2008-06-16,97.2717361450,41.7597351074,55.0182876587,87.0100021362,61.2272453308
2008-06-17,96.8004989624,41.8858566284,55.2038803101,87.2500000000,61.3463706970
2008-06-18,95.8579483032,41.5419158936,55.5047569275,88.2799987793,61.4059753418
2008-06-19,95.9793624878,41.4616699219,55.1847229004,88.4199981689,61.2868537903
2008-06-20,94.4214553833,40.5559730530,55.4407119751,88.9499969482,61.3985176086
2008-06-23,94.3281631470,40.5502281189,55.4151268005,87.0899963379,61.3314933777
2008-06-24,94.1416091919,40.3667945862,55.7095451355,87.4700012207,61.4432029724
2008-06-25,94.5865097046,40.7978591919,55.7031745911,87.4199981689,61.4878921509
2008-06-26,92.0175323486,39.7640533447,56.0168342590,90.6100006104,61.6666488647
2008-06-27,91.5151977539,39.8691711426,56.2921295166,91.4700012207,61.6964073181
2008-06-30,91.8381042480,40.1086273193,56.3304901123,91.4000015259,61.7336769104
2008-07-01,92.1251373291,39.6764183044,56.1776046753,92.6600036621,61.7179527283
2008-07-02,90.5464401245,39.0456237793,56.3125114441,93.1699981689,61.7254714966
2008-07-03,90.6397171021,39.2967758179,56.3317756653,92.0599975586,61.8300628662
2008-07-07,89.7140426636,38.9580078125,56.5951385498,91.2300033569,61.8673820496
2008-07-08,91.3070907593,39.1624336243,56.7363929749,90.8600006104,61.8748130798
2008-07-09,89.5489959717,38.6542930603,57.0061035156,91.5000000000,61.9794311523
2008-07-10,89.9149322510,38.9872055054,57.0253944397,93.5299987793,61.9047203064
2008-07-11,88.8672637939,38.3739356995,56.4923858643,95.1600036621,61.7777519226
2008-07-14,88.0635452271,38.2921524048,56.7942199707,95.9100036621,61.9196205139
2008-07-15,86.8221359253,37.6788749695,56.9997367859,96.1699981689,62.0092086792
2008-07-16,88.9533462524,38.3739356995,56.4795455933,94.4400024414,61.9494247437
2008-07-17,89.8431701660,38.9580078125,56.2097244263,94.2200012207,61.8598213196
2008-07-18,90.4029159546,39.2091598511,56.0170707703,94.1699981689,61.7478713989
2008-07-21,90.4531250000,39.4369468689,56.1455230713,95.1200027466,61.7777519226
2008-07-22,91.4793243408,39.5712928772,55.9528541565,93.0599975586,61.7254714966
2008-07-23,91.9744644165,39.7173080444,55.8629684448,90.5699996948,61.6956176758
2008-07-24,90.0656280518,38.9930534363,56.3446502686,91.3300018311,61.8673820496
2008-07-25,90.0441055298,39.0748329163,56.0170707703,91.6900024414,61.7852172852
2008-07-28,88.7237091064,38.4206581116,56.3381805420,91.7300033569,61.9121170044
2008-07-29,90.6181793213,38.8003044128,56.1776046753,90.5899963379,61.8598213196
2008-07-30,92.2327957153,39.1624336243,56.2867889404,89.5199966431,61.8748130798
2008-07-31,91.0128707886,38.7769508362,56.7363929749,90.0800018311,62.0017433167
2008-08-01,90.5320739746,38.1987037659,56.7647361755,89.5699996948,62.0137939453
2008-08-04,89.6924819946,37.8365936279,56.7260894775,88.1399993896,62.0062866211
2008-08-05,92.1107864380,38.7944602966,56.4360656738,86.0800018311,61.9763183594
2008-08-06,92.5197906494,38.8061447144,56.4553718567,86.6399993896,61.9837951660
2008-08-07,91.1420288086,38.0293197632,56.9838562012,86.0899963379,62.1186294556
2008-08-08,92.8355712891,38.1870269775,56.9581222534,84.4300003052,62.0661964417
2008-08-11,93.7971649170,38.1519927979,56.6809577942,81.1299972534,61.9837951660
2008-08-12,92.8211822510,37.8774604797,57.0740661621,80.5199966431,62.0961418152
2008-08-13,92.2614898682,37.2817039490,56.9516525269,81.5599975586,62.0887145996
2008-08-14,92.9575729370,37.1356849670,57.1256637573,79.3499984741,62.1110954285
2008-08-15,93.4096298218,36.8903694153,57.3383178711,77.6299972534,62.1560974121
2008-08-18,92.1323165894,36.7034645081,57.4801254272,78.8000030518,62.2085227966
2008-08-19,91.1276855469,36.2887725830,57.3963356018,80.4300003052,62.2534751892
2008-08-20,91.5510635376,36.5048751831,57.5639076233,80.0599975586,62.3358421326
2008-08-21,91.7089157104,36.6508979797,57.4414482117,82.3000030518,62.2834091187
2008-08-22,93.0364913940,36.8202819824,57.2738494873,81.0800018311,62.1710472107
2008-08-25,91.1492080688,36.2420501709,57.6541213989,80.9300003052,62.2759552002
2008-08-26,91.4147109985,36.4231033325,57.6734428406,81.2300033569,62.2534751892
2008-08-27,92.3045425415,36.7677116394,57.7572479248,81.3600006104,62.2909240723
2008-08-28,93.4239807129,37.2408180237,57.6734428406,82.1800003052,62.2609443665
2008-08-29,92.4193267822,37.1298446655,57.6025505066,81.7099990845,62.2909240723
2008-09-02,91.8452758789,36.5574340820,57.9161834717,79.1999969482,62.3698081970
2008-09-03,91.7663650513,36.4055862427,58.0584564209,78.8899993896,62.3923530579
2008-09-04,89.0036087036,34.8460960388,58.3493728638,78.3899993896,62.4299392700
2008-09-05,89.2834320068,34.7176017761,58.2200431824,78.9800033569,62.4073638916
2008-09-08,91.1276855469,35.4944190979,58.2265243530,78.8600006104,62.3773422241
2008-09-09,88.4223327637,34.3437919617,58.4916610718,76.4899978638,62.4749336243
2008-09-10,88.7811355591,34.6767158508,58.3429603577,74.2200012207,62.4900169373
2008-09-11,90.0656280518,34.6007881165,58.2395019531,73.0800018311,62.4674949646
2008-09-12,90.4818420410,35.2783164978,57.9485015869,75.5500030518,62.4749336243
2008-09-15,86.1762390137,33.7772407532,59.0606079102,77.5599975586,62.9182510376
2008-09-16,87.6186141968,33.5260810852,58.8925628662,76.7900009155,62.8055191040
2008-09-17,83.6790008545,32.2469406128,59.4227485657,85.4599990845,63.1060447693
2008-09-18,86.1619186401,33.7129859924,58.7244110107,82.8000030518,62.9031867981
2008-09-19,89.5836944580,36.1018676758,57.6769065857,85.9800033569,62.5501136780
2008-09-22,87.5556030273,34.8694496155,57.5541191101,89.1800003052,62.5951309204
2008-09-23,85.5635757446,34.3788223267,57.5541191101,88.3199996948,62.6402473450
2008-09-24,85.8378372192,34.4781227112,57.7027664185,86.7099990845,62.7754898071
2008-09-25,87.1802825928,35.2724761963,57.5281829834,86.4499969482,62.6627769470
2008-09-26,87.2236022949,34.8986740112,57.4893951416,86.6399993896,62.6627769470
2008-09-29,80.3886184692,31.0028705597,58.2912178040,89.5699996948,63.0234184265
2008-09-30,83.7158889771,32.8835945129,57.5216979980,85.0699996948,62.7754898071
2008-10-01,83.7664337158,32.6382827759,57.9272384644,85.9700012207,62.9715156555
2008-10-02,80.7278213501,31.2131252289,58.2516822815,82.3300018311,63.1071281433
2008-10-03,79.6380157471,31.0904788971,58.4722976685,82.5899963379,63.2805404663
2008-10-06,75.5817489624,29.3323955536,58.9458732605,84.2799987793,63.4087066650
2008-10-07,72.1967468262,27.9598121643,58.9004936218,87.2699966431,63.4237365723
2008-10-08,70.3779067993,27.3348541260,58.1478614807,89.4199981689,63.1524391174
2008-10-09,65.4628143311,25.6994247437,57.5638885498,89.9000015259,63.1901588440
2008-10-10,63.8749694824,24.7415409088,56.8891181946,83.2200012207,63.2880706787
2008-10-13,73.1494750977,28.6723918915,56.4998092651,81.9899978638,63.0090942383
2008-10-14,72.0667877197,28.0824718475,56.2338256836,82.1999969482,63.0242767334
2008-10-15,64.9719924927,25.0861549377,56.6944732666,83.3099975586,63.2353057861
2008-10-16,67.6785888672,26.5638694763,56.7074813843,79.2900009155,63.1975936890
2008-10-17,67.2743835449,25.9973106384,57.0643157959,77.2099990845,63.2428779602
2008-10-20,71.3162155151,27.6560955048,57.1227149963,78.5000000000,63.1975936890
2008-10-21,69.1870422363,26.0966053009,57.7261466980,76.0299987793,63.3257484436
2008-10-22,65.4194869995,24.1925029755,58.1673316956,71.7099990845,63.4162902832
2008-10-23,66.1773071289,24.7240219116,58.2451858521,70.6500015259,63.3784866333
2008-10-24,62.8212013245,23.1236495972,57.9985961914,72.2099990845,63.4312973022
2008-10-27,60.5910148621,21.9087657928,57.9662208557,72.1800003052,63.2730216980
2008-10-28,67.6713790894,24.9284496307,57.4989967346,73.7900009155,63.3483924866
2008-10-29,67.1805801392,24.9868621826,57.5833854675,74.0000000000,63.3860397339
2008-10-30,69.5045852661,25.8629779816,57.1421928406,72.7099990845,63.4387779236
2008-10-31,69.8871383667,26.0323562622,57.0253982544,71.3399963379,63.4689826965
2008-11-03,70.0892257690,26.1374874115,57.1165657043,71.0999984741,63.5877990723
2008-11-04,72.4710006714,27.9306125641,57.8002738953,75.4800033569,63.5650825500
2008-11-05,69.4252090454,26.4120121002,58.1063766479,72.8000030518,63.6785812378
2008-11-06,65.5782928467,24.7065029144,57.9305496216,72.2200012207,63.7012748718
2008-11-07,67.7435302734,26.1024551392,57.7221755981,72.5000000000,63.5877990723
2008-11-10,66.8557815552,25.7111167908,57.7807846069,73.5800018311,63.7845230103
2008-11-11,64.7915954590,24.8642005920,57.9956474304,72.0500030518,63.8299179077
2008-11-12,61.9406700134,23.5266628265,58.3537864685,70.0000000000,63.9283332825
2008-11-13,65.8020095825,25.5300559998,57.9305496216,72.1500015259,63.7694396973
2008-11-14,62.5180664062,24.0640220642,58.5036544800,73.3000030518,63.7542381287
2008-11-17,61.6880569458,23.6259555817,58.7510643005,72.6500015259,63.8677749634
2008-11-18,62.8500900269,23.6668415070,59.2069015503,72.5100021362,63.9358978271
2008-11-19,58.8226852417,22.0839939117,59.8450775146,72.2600021362,64.0267257690
2008-11-20,54.4560966492,20.8691101074,61.0497627258,73.4499969482,64.1477432251
2008-11-21,57.3936500549,22.3526763916,60.4897613525,78.8499984741,64.0417633057
2008-11-24,61.3704986572,23.6902046204,59.9232482910,80.9100036621,63.8828392029
2008-11-25,61.8251914978,24.1224269867,60.9521102905,80.8700027466,63.9358978271
2008-11-26,64.2141723633,24.3852558136,61.3233146667,80.3799972534,64.1326065063
2008-11-28,65.0225143433,24.3735828400,61.4470024109,80.3099975586,64.1705017090
2008-12-01,59.2629737854,22.3818702698,62.2787742615,75.6500015259,64.2760009766
2008-12-02,61.5437049866,23.5967597961,62.6054229736,76.9499969482,64.2684478760
2008-12-03,63.0232620239,23.9121551514,62.7034225464,76.1800003052,64.3216018677
2008-12-04,61.5653533936,23.1762199402,63.0954322815,75.5000000000,64.3367233276
2008-12-05,63.4635696411,23.4682598114,62.4289970398,74.5199966431,64.2608261108
2008-12-08,65.6793136597,24.5838489532,62.1938323975,76.1999969482,64.1696929932
2008-12-09,64.5967178345,24.3560523987,62.7230415344,76.3300018311,64.3670730591
2008-12-10,65.0369796753,24.9985351562,62.6642150879,79.7500000000,64.2835769653
2008-12-11,63.4707756042,24.8875598907,63.0431823730,80.6500015259,64.4354324341
2008-12-12,64.2286071777,25.1328735352,63.2195625305,80.8099975586,64.4658203125
2008-12-15,63.3336486816,25.1971302032,63.3567733765,82.5999984741,64.5113906860
2008-12-16,66.3144607544,26.6456394196,64.3629989624,84.4599990845,64.5417327881
2008-12-17,65.6721267700,26.5112972260,64.8007354736,85.4300003052,64.4050369263
2008-12-18,64.4451599121,25.6994247437,65.2384719849,83.8700027466,64.4354324341
2008-12-19,64.1679458618,25.3256263733,65.0228729248,82.6299972534,64.3746871948
2008-12-22,63.3457069397,25.1504001617,64.8530044556,83.4599990845,64.2531738281
2008-12-23,62.6908836365,24.9617118835,64.8203277588,82.6299972534,64.2684478760
2008-12-24,63.0546913147,25.2929573059,64.7549667358,83.4599990845,64.2835769653
2008-12-26,63.4184837341,25.4112548828,65.1013107300,85.5999984741,64.3594970703
2008-12-29,63.2365646362,25.4171772003,65.2448501587,86.3499984741,64.5013046265
2008-12-30,64.7354431152,26.1802234650,65.3366775513,85.9000015259,64.5622558594
2008-12-31,65.6595230103,26.5351276398,64.6153640747,86.5199966431,64.5317993164
2009-01-02,67.6386337280,26.8781967163,63.6906661987,86.2300033569,64.1887512207
2009-01-05,67.5585556030,26.4463996887,63.5791511536,84.4800033569,64.3183288574
2009-01-06,68.0096893311,26.7303218842,63.5398178101,85.1299972534,64.3489074707
2009-01-07,65.9723968506,26.2689418793,63.5529785156,82.7500000000,64.3030929565
2009-01-08,66.2416076660,26.6593437195,63.7234497070,84.4599990845,64.3183288574
2009-01-09,64.8227767944,25.7365798950,64.0185623169,83.9199981689,64.3640823364
2009-01-12,63.2656974792,25.1154994965,64.4186096191,80.7600021362,64.3792877197
2009-01-13,63.3820724487,24.6541271210,64.4645233154,80.8799972534,64.3869705200
2009-01-14,61.3884315491,23.6426448822,64.8251647949,79.7900009155,64.4632034302
2009-01-15,61.4102630615,23.8555870056,64.7727050781,80.3899993896,64.3945693970
2009-01-16,61.8904914856,23.9975585938,64.1759567261,82.7099990845,64.4250564575
2009-01-20,58.6235237122,22.2407627106,64.0776138306,84.5199966431,64.4555435181
2009-01-21,61.1556282043,23.3291397095,63.5070419312,84.1500015259,64.3564682007
2009-01-22,60.2097129822,22.7849655151,63.0873680115,84.5800018311,64.3869705200
2009-01-23,60.4716606140,22.6252498627,63.1004447937,88.5299987793,64.3717651367
2009-01-26,60.8863983154,23.0688819885,62.9430770874,88.9499969482,64.2878036499
2009-01-27,61.5048675537,23.5184249878,63.3562240601,88.3799972534,64.3564682007
2009-01-28,63.5858421326,24.2104892731,62.9496002197,87.4199981689,64.3335266113
2009-01-29,61.5194282532,23.1102848053,62.1298980713,89.5000000000,64.2116165161
2009-01-30,60.2679595947,22.8914279938,62.1036186218,91.3099975586,64.2497634888
2009-02-02,60.0860404968,22.6666507721,62.6073989868,88.8399963379,64.3093185425
2009-02-03,60.9300689697,23.3173103333,62.0681076050,88.4700012207,64.2406463623
2009-02-04,60.6317138672,23.1990089417,61.7524833679,89.1800003052,64.1336975098
2009-02-05,61.5339622498,23.5302562714,61.8971481323,90.1200027466,64.1490020752
2009-02-06,63.2875480652,24.0744438171,61.5223007202,89.5899963379,64.1108016968
2009-02-09,63.3748359680,24.0685253143,61.3973503113,88.3199996948,64.0878524780
2009-02-10,60.4716606140,22.8736820221,62.2193717957,90.2099990845,64.2329864502
2009-02-11,60.8281822205,23.1221141815,62.6994590759,92.2900009155,64.2177047729
2009-02-12,60.8718605042,23.0511322021,62.6797294617,93.1699981689,64.2940139771
2009-02-13,60.2170143127,22.8026981354,62.1865386963,92.5500030518,64.1718673706
2009-02-17,57.6412391663,21.5901050568,63.2321739197,95.4499969482,64.3399276733
2009-02-18,57.5030136108,21.5723590851,62.7718048096,96.9100036621,64.2329864502
2009-02-19,56.8845443726,21.5427799225,62.4232635498,95.7699966431,64.2099990845
2009-02-20,56.3315544128,21.2292881012,62.6008110046,97.8000030518,64.2634582520
2009-02-23,54.3160858154,20.4189167023,62.6600036621,97.7300033569,64.2558898926
2009-02-24,56.3752288818,21.2706890106,62.4232635498,94.7300033569,64.2099990845
2009-02-25,55.9313850403,20.6850948334,61.8576660156,93.1500015259,64.0878524780
2009-02-26,55.0218429565,20.5135555267,61.6998176575,93.0599975586,64.1184539795
2009-02-27,53.7922019958,20.5135555267,61.6472396851,92.6299972534,64.1566467285
2009-03-02,51.3692512512,19.3364543915,62.2657737732,90.9300003052,64.3011093140
2009-03-03,50.9836044312,19.2595596313,62.1866378784,90.0400009155,64.2475967407
2009-03-04,52.1914558411,20.1172428131,61.8701248169,88.9899978638,64.1787490845
2009-03-05,50.0595741272,19.3068771362,62.5954742432,91.9899978638,64.2552413940
2009-03-06,50.1468620300,19.2713909149,62.2986831665,92.2900009155,64.2092971802
2009-03-09,49.5575065613,18.7508602142,62.3250923157,90.5699996948,64.1482238770
2009-03-10,52.5116081238,20.0107765198,61.8701248169,88.1399993896,64.1100158691
2009-03-11,52.8535614014,20.1231632233,62.3119430542,89.2200012207,64.1405181885
2009-03-12,54.9345626831,20.5786228180,62.4899177551,91.0999984741,64.1634826660
2009-03-13,55.3638496399,20.7146682739,62.4437751770,91.3000030518,64.2170257568
2009-03-16,55.1964836121,20.9394493103,62.0877342224,90.8000030518,64.1328811646
2009-03-17,56.8845443726,21.4895496368,61.9690246582,90.0400009155,64.1175842285
2009-03-18,58.1578407288,22.1047115326,64.0922622681,93.0899963379,64.3623199463
2009-03-19,57.4375305176,22.0928840637,63.8746757507,94.3499984741,64.2858657837
2009-03-20,56.2144546509,21.7852993011,63.8746757507,93.5899963379,64.3623199463
2009-03-23,60.2523040771,23.3528079987,63.6570625305,92.0800018311,64.3087539673
2009-03-24,59.0650978088,22.6193275452,63.5647621155,90.9499969482,64.2246322632
2009-03-25,59.6880111694,22.9683265686,63.1823005676,91.9800033569,64.2092971802
2009-03-26,60.9044952393,23.2759056091,63.3471374512,91.9300003052,64.2934875488
2009-03-27,59.8052520752,22.5306072235,63.3075828552,90.6900024414,64.3240814209
2009-03-30,57.7387161255,21.6729221344,63.5779495239,89.9800033569,64.3852233887
2009-03-31,58.2736816406,22.2348480225,63.6899719238,90.2799987793,64.4770050049
2009-04-01,59.4022026062,22.8145313263,63.8461112976,91.0299987793,64.4624710083
2009-04-02,61.1390113831,23.8437557220,63.4294815063,88.8000030518,64.3552093506
2009-04-03,61.7472267151,23.9798069000,62.7021141052,87.5899963379,64.2096862793
2009-04-06,61.2635421753,23.4829387665,62.5566482544,85.2699966431,64.2556610107
2009-04-07,59.8345985413,22.9919834137,62.7153129578,86.7399978638,64.2786026001
2009-04-08,60.4794540405,23.2226676941,63.0261268616,86.6100006104,64.2786026001
2009-04-09,62.8830757141,23.8437557220,62.6557731628,86.3099975586,64.2020721436
2009-04-13,62.8977508545,24.0803565979,63.0261268616,87.8799972534,64.3245849609
2009-04-14,61.8131752014,23.8496723175,63.3501319885,87.3700027466,64.3782196045
2009-04-15,62.4726943970,24.1631717682,63.4096298218,87.5000000000,64.4088134766
2009-04-16,63.3887748718,24.3169651031,63.1583366394,85.8099975586,64.3168869019
2009-04-17,63.8137741089,24.2341499329,62.6491928101,85.2200012207,64.2479400635
2009-04-20,61.1390113831,23.2404193878,63.0856285095,86.9499969482,64.3092651367
2009-04-21,62.3334808350,23.7727756500,62.8409156799,86.8899993896,64.3168869019
2009-04-22,61.9524154663,23.5834903717,62.6888542175,87.3799972534,64.3168869019
2009-04-23,62.5606765747,24.1750049591,62.6756439209,88.8000030518,64.2708816528
2009-04-24,63.5059890747,24.5476493835,62.4309425354,89.7200012207,64.2708816528
2009-04-27,62.9050750732,24.2578144073,62.6888542175,89.0100021362,64.3475570679
2009-04-28,62.7072219849,24.0271205902,62.3846664429,87.7500000000,64.2862701416
2009-04-29,64.0409164429,24.6422977448,62.0474052429,88.3300018311,64.3168869019
2009-04-30,64.0629577637,24.7960815430,61.9416160583,87.2699966431,64.3705215454
2009-05-01,64.4073486328,25.0859260559,61.7425842285,86.9499969482,64.3222198486
2009-05-04,66.5984802246,26.1269855499,61.8022994995,88.6399993896,64.3067779541
2009-05-05,66.3713226318,25.8667163849,61.7890739441,88.2500000000,64.2915115356
2009-05-06,67.5218505859,26.4937267303,61.8155822754,89.5400009155,64.3298950195
2009-05-07,66.5838317871,26.0500888824,61.2982292175,89.4400024414,64.2377471924
2009-05-08,68.1373901367,27.1798706055,61.3711967468,89.9800033569,64.2837982178
2009-05-11,66.8623046875,26.4878063202,61.9482994080,89.6900024414,64.3912582397
2009-05-12,66.6644668579,26.7717304230,61.9084701538,90.6999969482,64.3836364746
2009-05-13,64.9862823486,25.8608131409,62.1936454773,91.0899963379,64.4142608643
2009-05-14,65.5432357788,26.1151523590,62.2003402710,91.0299987793,64.4373168945
2009-05-15,65.0082626343,25.8785476685,62.0477676392,91.5500030518,64.4295578003
2009-05-18,66.8549575806,26.8663654327,61.6829719543,90.3600006104,64.3682098389
2009-05-19,66.7743453979,27.1088867188,61.5966949463,90.9599990845,64.4065933228
2009-05-20,66.3273468018,27.2863426208,61.7890739441,92.2500000000,64.4909973145
2009-05-21,65.3747100830,27.0793094635,61.1125679016,93.8499984741,64.4065933228
2009-05-22,65.2354354858,27.2331008911,60.7543525696,94.1500015259,64.4219665527
2009-05-26,66.9062576294,27.7773017883,60.3497924805,93.7600021362,64.3375701904
2009-05-27,65.7117843628,27.2390213013,59.6666679382,93.4499969482,64.3222198486
2009-05-28,66.6277923584,27.5170402527,59.9783477783,94.2399978638,64.3145141602
2009-05-29,67.8076629639,28.0671329498,60.6548652649,96.1999969482,64.4065933228
2009-06-01,69.4491424561,28.7592029572,59.6650161743,95.7300033569,64.3535842896
2009-06-02,69.5077514648,29.0076389313,59.8646163940,96.3600006104,64.3304977417
2009-06-03,68.6284103394,28.1440296173,60.2304267883,94.4100036621,64.4458007812
2009-06-04,69.2732772827,28.3214759827,59.5320320129,96.2300033569,64.3843383789
2009-06-05,69.2879257202,27.9724941254,58.9399147034,93.7099990845,63.9615211487
2009-06-08,69.0021057129,27.9133472443,58.6405601501,93.5599975586,63.7924270630
2009-06-09,69.3538894653,28.2564315796,58.8933372498,93.8300018311,63.9384498596
2009-06-10,69.1779937744,28.3096580505,58.5408058167,93.8600006104,63.9308242798
2009-06-11,69.4858169556,28.7946891785,58.9399147034,93.6999969482,63.9384498596
2009-06-12,69.6763153076,28.6468200684,59.2525711060,92.1699981689,64.0076675415
2009-06-15,68.0787506104,27.6175918579,59.5186805725,91.0999984741,64.0538024902
2009-06-16,67.1554107666,27.2981739044,59.8513336182,91.9300003052,64.1229553223
2009-06-17,67.0895080566,27.3750820160,59.6916236877,92.3499984741,64.1921768188
2009-06-18,67.5804367065,27.3277492523,58.9665031433,91.6100006104,64.0845184326
2009-06-19,67.8295593262,27.7595558167,59.2393035889,91.9000015259,64.1229553223
2009-06-22,65.7955703735,26.8663654327,59.5585861206,90.5400009155,64.2075195312
2009-06-23,65.8471298218,27.2197608948,59.7514648438,90.9199981689,64.2075195312
2009-06-24,66.4145965576,27.2439212799,59.5253486633,91.4499969482,64.1998138428
2009-06-25,67.8590469360,27.8177928925,60.2703781128,92.3099975586,64.3228378296
2009-06-26,67.6821670532,27.7634296417,60.3502197266,92.2900009155,64.3535842896
2009-06-29,68.3159790039,27.9990196228,60.4765968323,92.0400009155,64.3535842896
2009-06-30,67.7631607056,27.6728115082,60.3169631958,91.1800003052,64.3459167480
2009-07-01,68.0432815552,28.1319198608,60.2782783508,92.3899993896,64.4090042114
2009-07-02,66.1861038208,27.3224544525,60.4784317017,91.2500000000,64.4782867432
2009-07-06,66.1787719727,27.3586902618,60.5183906555,90.7600021362,64.5013046265
2009-07-07,64.8964462280,26.6942081451,60.7585830688,90.7099990845,64.4936752319
2009-07-08,64.8522567749,26.5854701996,61.4589920044,89.2699966431,64.5936813354
2009-07-09,64.9775314331,26.9116802216,61.0987968445,89.5100021362,64.5629501343
2009-07-10,64.8227767944,26.5975551605,61.4790534973,89.5800018311,64.6244964600
2009-07-13,66.3998641968,27.0626926422,61.2588653564,90.1900024414,64.5860061646
2009-07-14,66.7756958008,27.2076835632,60.8519439697,90.8099975586,64.5398483276
2009-07-15,68.7286758423,28.1379585266,60.0647468567,92.2399978638,64.3859252930
2009-07-16,68.6180953979,28.3856353760,60.4250450134,91.9800033569,64.4859695435
2009-07-17,69.3697738647,28.2829341888,60.0181350708,91.9300003052,64.4629287720
2009-07-20,70.1067276001,28.8326492310,60.2382240295,93.2799987793,64.4551620483
2009-07-21,70.4309997559,29.0138683319,60.9119720459,93.1299972534,64.5321731567
2009-07-22,70.4162902832,29.0863628387,60.5517463684,93.4400024414,64.5013046265
2009-07-23,71.9712448120,29.5756587982,59.9647064209,93.2600021362,64.3859252930
2009-07-24,72.2659988403,29.7568855286,60.0914840698,93.4100036621,64.4243850708
2009-07-27,72.4797592163,29.7870903015,59.8113021851,93.7099990845,64.3782424927
2009-07-28,72.1407394409,29.6602325439,59.9314270020,92.1100006104,64.3397903442
2009-07-29,71.9638748169,29.4185905457,59.9714012146,91.1999969482,64.3012847900
2009-07-30,72.7155609131,29.9924678802,60.2115211487,91.6200027466,64.3088607788
2009-07-31,72.8187332153,30.4515762329,60.8185615540,93.3499984741,64.4167022705
2009-08-03,74.0199813843,31.1583385468,60.1723594666,93.8700027466,64.3257904053
2009-08-04,74.2115936279,31.1100177765,59.9983749390,94.6800003052,64.2717895508
2009-08-05,73.9978561401,30.9831676483,59.6572380066,94.7799987793,64.2486724854
2009-08-06,73.6146697998,30.7898616791,59.6572380066,94.5999984741,64.2486724854
2009-08-07,74.5800628662,30.7596607208,59.2624435425,93.7500000000,64.1408309937
2009-08-10,74.4253005981,30.5723953247,59.6438179016,92.9300003052,64.2410049438
2009-08-11,73.4967651367,30.3972167969,60.0585784912,92.7900009155,64.3103485107
2009-08-12,74.2852859497,30.7415370941,59.8913879395,92.9499969482,64.3334503174
2009-08-13,74.8527374268,31.2127170563,60.3596763611,93.7200012207,64.4413681030
2009-08-14,74.2779464722,30.9469261169,60.5469818115,93.0000000000,64.4875869751
2009-08-17,72.4502716064,29.9501895905,60.9617843628,91.6100006104,64.5569458008
2009-08-18,73.0251007080,30.4696960449,60.7476959229,92.0599975586,64.5415191650
2009-08-19,73.6662368774,30.7294425964,60.9751167297,92.5299987793,64.5724105835
2009-08-20,74.4253005981,30.9469261169,61.1357307434,92.2699966431,64.5569458008
2009-08-21,75.8844909668,31.6234855652,60.5135574341,93.6500015259,64.4567337036
2009-08-24,75.8771133423,31.6174411774,60.8881301880,92.3399963379,64.5338592529
2009-08-25,76.0245132446,31.9315624237,61.0487213135,92.7600021362,64.5338592529
2009-08-26,76.0318679810,31.7986736298,61.1290168762,92.7900009155,64.5724105835
2009-08-27,76.2013702393,32.0403060913,60.9617843628,93.1900024414,64.5646820068
2009-08-28,76.1866378784,32.0584220886,61.1022987366,93.8700027466,64.6340560913
2009-08-31,75.5086364746,31.8228302002,61.2828865051,93.4000015259,64.6802520752
2009-09-01,73.8431243896,31.0314865112,61.4419250488,93.9000015259,64.7327194214
2009-09-02,73.5631103516,30.9952468872,61.7773742676,96.1900024414,64.8022308350
2009-09-03,74.1747360229,31.2368659973,61.5559844971,97.4599990845,64.7404861450
2009-09-04,75.2138519287,31.7141017914,61.1869964600,97.5299987793,64.7095947266
2009-09-08,75.8623733521,32.3423385620,61.0460624695,97.4300003052,64.7173461914
2009-09-09,76.4445800781,32.7410316467,61.0998077393,97.0800018311,64.7250289917
2009-09-10,77.2257766724,33.0309829712,61.5559844971,97.6999969482,64.7636184692
2009-09-11,77.2109985352,32.9887046814,61.7371368408,98.7799987793,64.7404861450
2009-09-14,77.5869064331,33.0551490784,61.3748779297,97.9599990845,64.7019042969
2009-09-15,77.9111099243,33.0611953735,61.2473754883,98.9000015259,64.7327194214
2009-09-16,79.0902328491,33.7135925293,61.2004051208,99.9100036621,64.6478500366
2009-09-17,78.9723663330,33.4961280823,61.5022659302,99.3399963379,64.7404861450
2009-09-18,79.0226745605,33.5867385864,61.1735458374,98.6699981689,64.6786956787
2009-09-21,78.8227462769,33.2303276062,61.1332893372,98.3600006104,64.7019042969
2009-09-22,79.2818679810,33.6894340515,61.2943687439,99.6699981689,64.6864624023
2009-09-23,78.6228408813,33.3994750977,61.4284782410,98.8300018311,64.7867889404
2009-09-24,77.7564849854,32.9101829529,61.5962371826,97.5500030518,64.8022308350
2009-09-25,77.3418350220,32.7712364197,61.8444442749,97.0000000000,64.7791213989
2009-09-28,78.7265243530,33.2182579041,61.9517478943,97.0500030518,64.7712936401
2009-09-29,78.4895629883,33.0189094543,61.9249687195,97.4300003052,64.7636184692
2009-09-30,78.1859817505,33.0309829712,61.9719390869,98.8499984741,64.8330383301
2009-10-01,76.2459259033,32.1671600342,62.4381866455,97.8899993896,64.8979492188
2009-10-02,75.8905105591,31.8107528687,62.4112701416,98.3700027466,64.9211425781
2009-10-05,77.0234375000,32.2698478699,62.4045104980,99.8199996948,64.9211425781
2009-10-06,78.1267318726,32.8135147095,62.2027282715,102.2799987793,64.8825683594
2009-10-07,78.3414535522,32.9343414307,62.5995979309,102.3600006104,64.9675216675
2009-10-08,78.9412689209,33.4115486145,62.3709220886,103.6399993896,64.9057312012
2009-10-09,79.4225692749,33.3269844055,61.7721176147,102.8399963379,64.8129730225
2009-10-12,79.7335357666,33.5263328552,61.9537696838,103.5599975586,64.8903121948
2009-10-13,79.5706481934,33.4538459778,62.0950279236,104.2600021362,64.9289093018
2009-10-14,80.9405288696,34.2572669983,61.6712036133,104.1800003052,64.8439025879
2009-10-15,81.2367248535,34.4143371582,61.4693756104,102.8600006104,64.8052978516
2009-10-16,80.6295013428,33.8948249817,61.7519416809,103.1800003052,64.8439025879
2009-10-19,81.2959136963,34.4384841919,61.8461380005,104.2300033569,64.8439025879
2009-10-20,80.8664932251,34.2572669983,61.9874000549,103.4199981689,64.8748016357
2009-10-21,80.1407928467,34.1424789429,61.8461380005,103.7500000000,64.8439025879
2009-10-22,80.9553146362,34.4747352600,61.6644973755,103.9199981689,64.8516311646
2009-10-23,80.0297546387,33.9310684204,61.3617591858,103.4899978638,64.7434768677
2009-10-26,79.1634063721,33.4175987244,61.0119476318,101.8600006104,64.6738662720
2009-10-27,78.8005523682,33.1518058777,61.5366401672,101.8499984741,64.8052978516
2009-10-28,77.3122177124,32.3544273376,61.7249832153,100.7300033569,64.8979492188
2009-10-29,78.9708557129,33.3088531494,61.4290275574,102.6900024414,64.8439025879
2009-10-30,76.6828308105,32.1973533630,61.8864936829,102.5299987793,64.9211425781
2009-11-02,77.2455749512,32.5114822388,61.7236557007,103.9499969482,64.9289321899
2009-11-03,77.4899215698,32.3846321106,61.5811576843,106.4599990845,64.9211883545
2009-11-04,77.6898269653,32.7108345032,61.4115943909,107.0999984741,64.9134368896
2009-11-05,79.1189575195,33.1336860657,61.4251594543,106.9800033569,64.9753875732
2009-11-06,79.3263015747,33.2303276062,61.6083297729,107.4300003052,65.0218811035
2009-11-09,81.1330108643,34.1606101990,61.6354331970,108.1900024414,65.0218811035
2009-11-10,81.1478271484,33.9793930054,61.6829986572,108.3899993896,65.0063476562
2009-11-11,81.5625000000,34.0820884705,61.8593673706,109.5999984741,65.0760879517
2009-11-12,80.7331924438,33.5867385864,61.8797111511,108.2099990845,65.0682907104
2009-11-13,81.1700515747,34.0579223633,61.9272422791,109.7399978638,65.0838241577
2009-11-16,82.3473815918,34.6015892029,62.2595863342,111.6299972534,65.1225280762
2009-11-17,82.4436340332,34.3720397949,62.3953437805,111.9700012207,65.1380462646
2009-11-18,82.3918151855,34.2633132935,62.2392921448,112.2500000000,65.1380462646
2009-11-19,81.3181152344,33.6169433594,62.3139076233,112.3000030518,65.1612091064
2009-11-20,81.0293655396,33.4296722412,62.3071250916,112.9400024414,65.1767501831
2009-11-23,82.0586166382,34.0277137756,62.2189445496,114.2900009155,65.1689910889
2009-11-24,82.1845092773,33.8887863159,62.5377960205,114.7300033569,65.2231979370
2009-11-25,82.4732818604,34.3418388367,62.7481231689,116.6200027466,65.2542037964
2009-11-27,81.1330108643,33.3511466980,63.0330619812,115.0599975586,65.3006668091
2009-11-30,81.4069976807,33.4598808289,63.1347885132,115.6399993896,65.3083419800
2009-12-01,82.4140396118,34.3780822754,62.7866058350,117.3799972534,65.3247909546
2009-12-02,82.3770065308,34.4324531555,62.6574821472,119.1800003052,65.2701568604
2009-12-03,81.7328186035,34.3539199829,62.3651390076,118.6999969482,65.2311782837
2009-12-04,82.1993026733,34.2331047058,61.9027442932,113.7500000000,65.0673980713
2009-12-07,82.0734100342,34.0458374023,62.0726852417,113.1100006104,65.2078323364
2009-12-08,81.1626434326,33.4538459778,62.2902641296,110.9499969482,65.2701568604
2009-12-09,81.4662475586,33.4115486145,62.1679153442,110.8399963379,65.2233505249
2009-12-10,81.9253158569,33.5142478943,61.9571533203,110.8199996948,65.2000198364
2009-12-11,82.2733612061,33.5021629333,61.6511764526,109.3199996948,65.1298141479
2009-12-14,82.8361129761,33.8283691406,61.6511764526,110.2399978638,65.0596542358
2009-12-15,82.4510726929,33.4538459778,61.4539985657,110.2099990845,65.0440444946
2009-12-16,82.5769195557,33.8464965820,61.4539985657,111.5899963379,65.0908279419
2009-12-17,81.5847167969,33.0491027832,61.9979248047,107.3399963379,65.2155609131
2009-12-18,82.0462951660,33.1276359558,61.6919555664,108.9499969482,65.1688003540
2009-12-21,82.8800582886,33.2242927551,61.0596084595,106.9499969482,65.0673980713
2009-12-22,83.1778793335,33.4352073669,60.7876243591,106.1699981689,64.9894561768
2009-12-23,83.3416290283,33.7399978638,60.7604370117,106.5500030518,64.9894561768
2009-12-24,83.7361831665,33.8741035461,60.5428237915,108.3600006104,64.9114685059
2009-12-28,83.9148406982,34.0203971863,60.3796691895,108.5500030518,64.8179016113
2009-12-29,83.7957458496,34.0752601624,60.5390586853,107.4700012207,64.8608322144
2009-12-30,83.7659606934,33.9350585938,60.6479949951,106.9300003052,64.8373565674
2009-12-31,82.9619674683,33.6973266602,60.3551559448,107.3099975586,64.7593078613
2010-01-04,84.3689880371,34.5812072754,60.5050277710,109.8000030518,64.8451766968
2010-01-05,84.5923233032,34.6116943359,60.7706756592,109.6999969482,64.9232940674
2010-01-06,84.6518936157,34.7579841614,60.5254325867,111.5100021362,64.9310531616
2010-01-07,85.0092239380,34.6238861084,60.5254325867,110.8199996948,64.9154739380
2010-01-08,85.2921218872,34.8981819153,60.6003341675,111.3700027466,64.9779281616
2010-01-11,85.4112167358,35.1846847534,60.6412124634,112.8499984741,65.0091094971
2010-01-12,84.6146621704,34.7701797485,61.0772018433,110.4899978638,65.0637359619
2010-01-13,85.3293457031,35.0627746582,60.7842597961,111.5400009155,65.0091094971
2010-01-14,85.5601272583,35.3309936523,61.0704040527,112.0299987793,65.0716094971
2010-01-15,84.5997543335,34.7762680054,61.3428573608,110.8600006104,65.1262130737
2010-01-19,85.6568527222,35.1176376343,61.2338638306,111.5199966431,65.1418457031
2010-01-20,84.7858734131,34.2215538025,61.4450798035,108.9400024414,65.1418457031
2010-01-21,83.1555404663,33.4900703430,61.6698532104,107.3700027466,65.1965026855
2010-01-22,81.3018417358,32.8378295898,61.7243423462,107.1699981689,65.2511291504
2010-01-25,81.7187271118,33.2401428223,61.5881118774,107.4800033569,65.1965026855
2010-01-26,81.3762893677,33.0511703491,61.7107048035,107.5599975586,65.2042694092
2010-01-27,81.7633590698,33.0145950317,61.5676803589,106.5299987793,65.1809005737
2010-01-28,80.8253860474,32.4598846436,61.5472106934,106.4800033569,65.2121124268
2010-01-29,79.9469070435,31.9905071259,61.7856750488,105.9599990845,65.2745819092
2010-02-01,81.1901931763,32.5757102966,61.5737838745,108.3499984741,65.2464370728
2010-02-02,82.1728439331,33.1182365417,61.6762771606,109.1299972534,65.2542419434
2010-02-03,81.7633590698,32.7707633972,61.3824005127,108.6999969482,65.2073745728
2010-02-04,79.2396926880,31.4358005524,61.8882026672,104.3700027466,65.3011169434
2010-02-05,79.4034576416,31.3809375763,62.0863838196,104.6800003052,65.4027023315
2010-02-08,78.8302459717,30.7591781616,62.0316963196,104.0400009155,65.3558502197
2010-02-09,79.8203887939,31.7283935547,61.6968193054,105.4100036621,65.2932205200
2010-02-10,79.6640472412,31.5272445679,61.5259857178,105.1200027466,65.2229766846
2010-02-11,80.4978103638,31.8198337555,61.4507713318,107.1299972534,65.2464370728
2010-02-12,80.4308090210,31.5455188751,61.5942459106,107.0400009155,65.3011169434
2010-02-16,81.6963882446,32.2465324402,61.7310371399,109.6200027466,65.3088989258
2010-02-17,82.0834960938,32.2892112732,61.4029350281,109.2500000000,65.2542419434
2010-02-18,82.5674057007,32.4720802307,61.1842155457,109.9800033569,65.2151412964
2010-02-19,82.7386169434,32.2709197998,61.2184143066,109.4700012207,65.1916809082
2010-02-22,82.7535171509,32.3318786621,61.1705551147,109.0699996948,65.2151412964
2010-02-23,81.7484741211,31.8746967316,61.6352615356,107.8899993896,65.2698745728
2010-02-24,82.5003967285,32.0758552551,61.6694908142,107.3600006104,65.3011169434
2010-02-25,82.3887252808,31.8807888031,61.8950805664,108.3099975586,65.3558502197
2010-02-26,82.4408340454,32.0758552551,61.9907226562,109.4300003052,65.3792419434
2010-03-01,83.2969818115,32.3257751465,62.0551414490,109.4300003052,65.3674774170
2010-03-02,83.5277252197,32.5695991516,62.0893821716,111.0199966431,65.3674774170
2010-03-03,83.6022033691,32.9597320557,62.0276603699,111.6299972534,65.3597030640
2010-03-04,83.8553237915,32.8743972778,62.1373634338,110.8300018311,65.3362350464
2010-03-05,85.0538787842,33.5144538879,61.8426742554,110.8099975586,65.2814941406
2010-03-08,85.0687789917,33.5144538879,61.6781921387,109.8799972534,65.2501831055
2010-03-09,85.2102279663,33.4352073669,61.8358154297,109.7200012207,65.2971496582
2010-03-10,85.5899200439,33.5754165649,61.7329902649,108.4700012207,65.2814941406
2010-03-11,85.9472427368,33.7034187317,61.6781921387,108.5999984741,65.2032699585
2010-03-12,85.9546661377,33.9289665222,61.7741279602,107.9499969482,65.2110977173
2010-03-15,85.9770050049,33.6912269592,61.7741279602,108.3600006104,65.2345504761
2010-03-16,86.6618957520,34.1179275513,62.0140380859,110.4000015259,65.2501831055
2010-03-17,87.1755828857,34.3008079529,62.0893821716,109.5899963379,65.2658843994
2010-03-18,87.1308898926,34.0996437073,61.9248771667,110.3399963379,65.2267532349
2010-03-19,86.6898651123,33.7521858215,61.8426742554,108.2799987793,65.1798171997
2010-03-22,87.1533355713,33.8497200012,62.0482749939,107.7500000000,65.2032699585
2010-03-23,87.7663040161,34.0874443054,61.9180488586,108.3199996948,65.1798171997
2010-03-24,87.3402175903,33.5266418457,61.3012771606,106.3000030518,65.0781173706
2010-03-25,87.1981964111,33.5083465576,61.0751113892,106.7799987793,65.1015548706
2010-03-26,87.1458663940,33.8375205994,61.2190322876,108.5899963379,65.1407546997
2010-03-29,87.6989974976,34.1240310669,61.1299896240,108.7500000000,65.1720275879
2010-03-30,87.7588119507,34.1240310669,61.1916427612,107.9700012207,65.1563339233
2010-03-31,87.4598159790,34.1240310669,61.3355445862,108.9499969482,65.2032699585
2010-04-01,88.0578231812,34.7275161743,61.2084121704,110.2600021362,65.1798095703
2010-04-05,88.7754058838,34.7640724182,60.6585807800,110.8899993896,64.9997634888
2010-04-06,88.9847488403,34.6665496826,60.8372612000,111.0299987793,65.0467529297
2010-04-07,88.4764022827,34.4227142334,61.2152481079,112.4899978638,65.1484680176
2010-04-08,88.7829208374,34.3861465454,61.1465682983,112.6500015259,65.1328277588
2010-04-09,89.3659591675,34.8372268677,61.2152481079,113.6399993896,65.1484680176
2010-04-12,89.5080184937,34.9469566345,61.3802375793,113.0100021362,65.1798095703
2010-04-13,89.5752716064,34.9164695740,61.4970970154,112.6900024414,65.1641464233
2010-04-14,90.5919113159,35.3797531128,61.3321380615,113.0299987793,65.1641464233
2010-04-15,90.6666717529,35.3553657532,61.4351921082,113.6500015259,65.2111053467
2010-04-16,89.2239685059,34.5751152039,61.8063545227,111.2399978638,65.3128662109
2010-04-19,89.5603408813,34.4836769104,61.6550827026,111.1500015259,65.2502670288
2010-04-20,90.3601684570,34.6970291138,61.6826400757,111.4599990845,65.2580490112
2010-04-21,90.1957168579,34.4714813232,61.8819198608,112.3099975586,65.2659378052
2010-04-22,90.4648437500,34.1606025696,61.7375679016,111.8399963379,65.2189102173
2010-04-23,91.0553817749,34.4166145325,61.5657653809,113.1900024414,65.1954574585
2010-04-26,90.7115173340,34.4531822205,61.6070213318,112.7500000000,65.1954574585
2010-04-27,88.5661468506,33.0694618225,62.1843452454,114.6299972534,65.3207092285
2010-04-28,89.2388839722,33.0755577087,61.8681869507,114.3099975586,65.3050994873
2010-04-29,90.3452072144,33.5875968933,61.9712638855,114.2799987793,65.3207092285
2010-04-30,88.8128280640,33.1669883728,62.3493194580,115.3600006104,65.3989715576
2010-05-03,89.9640121460,33.4047241211,62.1859245300,115.7300033569,65.3347320557
2010-05-04,87.8485031128,32.0819511414,62.6064414978,114.8700027466,65.3738937378
2010-05-05,87.3252639771,31.4662780762,62.8476905823,115.0899963379,65.4600982666
2010-05-06,84.4248809814,30.0642604828,63.5370140076,118.4899978638,65.6011657715
2010-05-07,83.1690292358,29.9972038269,63.3646316528,118.2699966431,65.5776596069
2010-05-10,86.8318710327,31.9417457581,62.8821372986,117.5699996948,65.4914550781
2010-05-11,86.5852203369,31.4236068726,62.9579467773,120.6600036621,65.5306472778
2010-05-12,87.7962188721,31.7771663666,62.7993812561,121.4000015259,65.5149688721
2010-05-13,86.7048110962,31.3626575470,62.9717712402,120.5599975586,65.5541000366
2010-05-14,85.1350250244,30.4726696014,63.3784637451,120.3700027466,65.6403427124
2010-05-17,85.1799240112,30.5153369904,63.2405319214,119.3600006104,65.6168441772
2010-05-18,84.0212402344,29.8570041656,63.7024650574,119.4899978638,65.6873397827
2010-05-19,83.5427932739,29.9728145599,63.7576293945,116.6299972534,65.6560287476
2010-05-20,80.3882675171,28.9304466248,64.3780517578,115.8399963379,65.7343978882
2010-05-21,81.5619049072,29.6375560760,64.4124832153,115.2200012207,65.6873397827
2010-05-24,80.5153350830,28.9548301697,64.4124832153,116.8399963379,65.6795196533
2010-05-25,80.5975723267,28.8451042175,64.6330642700,117.3600006104,65.6717071533
2010-05-26,80.1117019653,28.4184055328,64.5021057129,118.4700012207,65.6168441772
2010-05-27,82.7952575684,30.0337734222,63.8885688782,118.6900024414,65.5697937012
2010-05-28,81.7562332153,29.4546833038,64.1780929565,118.8799972534,65.6951904297
2010-06-01,80.3807830811,29.1620903015,64.2610473633,119.9100036621,65.6959609985
2010-06-02,82.4738388062,29.9423370361,63.8947334290,119.7799987793,65.6489181519
2010-06-03,82.7578811646,29.8509082794,63.8048515320,117.9599990845,65.6332550049
2010-06-04,79.8500518799,28.5768947601,64.6896133423,119.1900024414,65.7822036743
2010-06-07,78.8558349609,28.2172317505,64.9523620605,121.4899978638,65.7586975098
2010-06-08,79.7005691528,28.6683235168,64.7518234253,121.0000000000,65.7508850098
2010-06-09,79.2744674683,28.5647068024,64.7588195801,120.5599975586,65.7586975098
2010-06-10,81.5917739868,29.7716636658,64.1573791504,118.9700012207,65.6724853516
2010-06-11,81.9879302979,29.8143329620,64.5652236938,120.0100021362,65.7430572510
2010-06-14,81.8608932495,30.0033016205,64.5099563599,119.5999984741,65.7586975098
2010-06-15,83.7221908569,30.9542388916,64.3094406128,120.9899978638,65.7273178101
2010-06-16,83.6922988892,30.8079223633,64.4891586304,120.3300018311,65.7430572510
2010-06-17,83.8268737793,30.9054698944,64.7933349609,121.9000015259,65.7822036743
2010-06-18,83.9177398682,30.8506126404,64.6620407104,122.8300018311,65.7900848389
2010-06-21,83.6774063110,30.8445129395,64.6135864258,120.3899993896,65.7979278564
2010-06-22,82.2954025269,30.4543895721,65.0007171631,121.4499969482,65.8292846680
2010-06-23,82.0400619507,30.6584453583,65.2426757812,120.9499969482,65.8763275146
2010-06-24,80.6805725098,30.1250419617,65.1873703003,121.3000030518,65.8920135498
2010-06-25,81.0185928345,30.2987003326,65.2910614014,122.7600021362,65.9155883789
2010-06-28,80.7632141113,30.0754184723,65.7542343140,121.0899963379,65.9547424316
2010-06-29,78.2696380615,29.0458259583,66.0376586914,121.2699966431,65.9861526489
2010-06-30,77.5260848999,28.8473396301,66.1344299316,121.6800003052,65.9704742432
2010-07-01,77.1805648804,29.2691059113,66.1053466797,117.0400009155,65.9492492676
2010-07-02,76.7600250244,29.2070808411,65.9875030518,118.4899978638,65.9492492676
2010-07-06,77.2631988525,29.7901020050,66.1468658447,116.5100021362,65.9492492676
2010-07-07,79.6966857910,30.7204589844,65.9390258789,117.7300033569,65.9414138794
2010-07-08,80.4853210449,31.0181789398,65.7796173096,117.2099990845,65.9492492676
2010-07-09,81.0862197876,31.0491886139,65.6063232422,118.3600006104,65.9257202148
2010-07-12,81.1387329102,30.9313488007,65.7172012329,117.3399963379,65.9335098267
2010-07-13,82.3630294800,31.5019645691,65.3914566040,118.3600006104,65.8864746094
2010-07-14,82.3554840088,31.6136093140,65.7172012329,118.3000030518,65.9571228027
2010-07-15,82.3780288696,31.7686786652,66.0567703247,118.2300033569,65.9728317261
2010-07-16,80.1097869873,30.7514781952,66.4380264282,116.6699981689,66.0355834961
2010-07-19,80.5829696655,30.9499626160,66.2646713257,115.7300033569,66.0120315552
2010-07-20,81.4767456055,31.1608295441,66.3339996338,116.6500015259,66.0355834961
2010-07-21,80.4177246094,30.5964126587,66.7568130493,115.8499984741,66.0670089722
2010-07-22,82.2128067017,31.6260185242,66.3894653320,116.8600006104,66.0434646606
2010-07-23,82.9263076782,31.9981555939,66.1745910645,116.0899963379,66.0120315552
2010-07-26,83.7900619507,32.2214431763,66.1538238525,115.5199966431,65.9884872437
2010-07-27,83.7825546265,32.3144798279,65.9251632690,113.5100021362,65.9492492676
2010-07-28,83.2417831421,32.1470184326,66.2092514038,113.7799987793,66.0120315552
2010-07-29,82.8362197876,32.2958717346,66.3478851318,114.2900009155,66.0670089722
2010-07-30,82.8211669922,32.1966362000,66.7360000610,115.4899978638,66.0983657837
2010-08-02,84.6913452148,33.2820625305,66.5296020508,115.5400009155,66.0834732056
2010-08-03,84.2857818604,33.2324333191,66.8422927856,115.9899978638,66.1306304932
2010-08-04,84.8490982056,33.2634468079,66.5643692017,116.7200012207,66.0756149292
2010-08-05,84.7589416504,33.2386398315,66.8840103149,116.9800033569,66.1541748047
2010-08-06,84.4134521484,33.3378753662,67.3217773438,117.8399963379,66.1698684692
2010-08-09,84.8640747070,33.3750953674,67.3078994751,117.4000015259,66.1306304932
2010-08-10,84.4059295654,33.1083831787,67.6483840942,117.7300033569,66.1619949341
2010-08-11,82.0926437378,31.6012077332,68.0305404663,117.3399963379,66.1777572632
2010-08-12,81.5894165039,31.5639915466,67.8568649292,118.7699966431,66.1619949341
2010-08-13,81.3490447998,31.4523468018,68.1487350464,118.7399978638,66.1541748047
2010-08-16,81.3115081787,31.7066516876,68.6421279907,119.7300033569,66.2170181274
2010-08-17,82.3104324341,32.0601806641,68.2946395874,119.7500000000,66.2013092041
2010-08-18,82.4606475830,32.0477790833,68.2251434326,120.2200012207,66.2170181274
2010-08-19,81.0260696411,31.5329780579,68.5309448242,120.3899993896,66.2327270508
2010-08-20,80.7632141113,31.2042503357,68.3086090088,119.9700012207,66.2091445923
2010-08-23,80.4552764893,31.1422252655,68.3989410400,119.7799987793,66.2170181274
2010-08-24,79.2610549927,30.7142620087,68.9408874512,120.3600006104,66.2641372681
2010-08-25,79.5690231323,30.7452754974,68.6282043457,121.3600006104,66.2013092041
2010-08-26,79.0357513428,30.7328662872,68.9408874512,120.9599990845,66.2013092041
2010-08-27,80.2600402832,31.3345031738,68.1487350464,121.0100021362,66.1541748047
2010-08-30,79.0958557129,30.8817367554,68.6699142456,120.9100036621,66.2327270508
2010-08-31,79.0958557129,30.9747657776,68.9756851196,122.0800018311,66.2563171387
2010-09-01,81.4617080688,32.0788002014,68.4789962769,121.6900024414,66.2169342041
2010-09-02,82.2203140259,32.2586669922,68.1933593750,122.2900009155,66.2012481689
2010-09-03,83.2868423462,32.5563774109,67.8032379150,121.8600006104,66.1698532104
2010-09-07,82.3479995728,32.1035995483,68.3396453857,122.6999969482,66.2405471802
2010-09-08,82.9263076782,32.3516921997,68.1515808105,122.7099990845,66.1933593750
2010-09-09,83.3093719482,32.6556091309,67.6151504517,121.5599975586,66.1226272583
2010-09-10,83.7299804688,32.7548561096,67.4200973511,121.7300033569,66.1147766113
2010-09-13,84.6612930298,33.3502845764,67.7405853271,121.6200027466,66.1698532104
2010-09-14,84.6087493896,33.5735740662,68.0819168091,124.0199966431,66.2169342041
2010-09-15,84.9317092896,33.5859718323,67.8450164795,123.9400024414,66.2327575684
2010-09-16,84.9091644287,33.4247055054,67.6082305908,124.6299972534,66.2484130859
2010-09-17,84.9408721924,33.2634468079,67.7614440918,124.5400009155,66.2641372681
2010-09-20,86.2396774292,33.8402786255,67.9704437256,124.8700027466,66.2720336914
2010-09-21,86.0659713745,33.8340682983,68.6044006348,126.0100021362,66.3191833496
2010-09-22,85.6431045532,33.7844467163,68.7088394165,126.1999969482,66.3113479614
2010-09-23,84.9484176636,33.4185104370,68.8064193726,126.3000030518,66.3191833496
2010-09-24,86.7002563477,34.3488693237,68.4650497437,126.6900024414,66.3113479614
2010-09-27,86.2849578857,34.1752014160,68.9944992065,126.7200012207,66.3270568848
2010-09-28,86.5869903564,34.3736801147,69.2244110107,127.8499984741,66.3427963257
2010-09-29,86.4359588623,34.3178558350,69.0572052002,127.9499969482,66.3270568848
2010-09-30,86.1792221069,34.0635490417,68.9736175537,127.9100036621,66.3349380493
2010-10-01,86.5416641235,34.4046897888,69.0106353760,128.9100036621,66.3467254639
2010-10-04,85.8923110962,33.9085006714,69.2550430298,128.4600067139,66.3545532227
2010-10-05,87.6214675903,34.8698616028,69.2689590454,130.9900054932,66.3860855103
2010-10-06,87.6139297485,35.1613807678,69.7158737183,131.8099975586,66.3939285278
2010-10-07,87.5082092285,35.0435371399,69.7856903076,130.3699951172,66.4490127563
2010-10-08,87.9989852905,35.2730293274,69.8135986328,131.6600036621,66.4490127563
2010-10-11,88.0820922852,35.2296066284,69.8834152222,132.2899932861,66.4568405151
2010-10-12,88.3539047241,35.1551818848,69.6809005737,131.9600067139,66.4096527100
2010-10-13,89.0410385132,35.5521354675,69.6809005737,134.0700073242,66.4175491333
2010-10-14,88.6937408447,35.8002281189,69.2829437256,134.7500000000,66.3860855103
2010-10-15,88.8749237061,35.6823768616,68.9827117920,133.6799926758,66.4096527100
2010-10-18,89.3128967285,35.7630081177,69.3108520508,134.2799987793,66.4254302979
2010-10-19,88.1424636841,34.9753074646,69.5482635498,130.1100006104,66.4568405151
2010-10-20,89.0032958984,35.6327590942,69.5063934326,131.3200073242,66.4647064209
2010-10-21,89.1996154785,35.4404945374,69.1223449707,129.4700012207,66.4725952148
2010-10-22,89.3657302856,35.5335197449,69.1432342529,129.7299957275,66.4568405151
2010-10-25,89.6300125122,35.6699752808,69.1223449707,130.8500061035,66.4725952148
2010-10-26,89.6451263428,35.4404945374,68.6614532471,130.8800048828,66.4096527100
2010-10-27,89.3884048462,35.0993652344,68.2634277344,129.5200042725,66.3781967163
2010-10-28,89.4035034180,35.3722648621,68.6614532471,131.2400054932,66.4647064209
2010-10-29,89.4714431763,35.3598556519,68.9686813354,132.6199951172,66.4804687500
2010-11-01,89.5016632080,35.2296066284,68.8532180786,131.9199981689,66.5095672607
2010-11-02,90.2114105225,35.8126335144,69.0841674805,132.4900054932,66.4702606201
2010-11-03,90.5738906860,36.0607299805,69.3081207275,131.5700073242,66.4938735962
2010-11-04,92.3181610107,36.8794517517,69.8681030273,136.0299987793,66.5095672607
2010-11-05,92.6655197144,36.7181777954,69.5741348267,136.3800048828,66.4544830322
2010-11-08,92.4918670654,36.4948883057,69.5951690674,137.7799987793,66.4229965210
2010-11-09,91.8273773193,36.1289596558,69.0071563721,135.5899963379,66.3364105225
2010-11-10,92.1973648071,36.2343940735,69.2661361694,137.2400054932,66.3757247925
2010-11-11,91.8499908447,35.9242782593,69.1891632080,137.6600036621,66.2734146118
2010-11-12,90.7626876831,35.6265525818,68.6152038574,133.6900024414,66.2734146118
2010-11-15,90.6343154907,35.6017456055,67.7333145142,132.4199981689,66.2339782715
2010-11-16,89.2222900391,34.7644195557,68.2372436523,130.9700012207,66.2655181885
2010-11-17,89.2675933838,34.9567031860,68.0412216187,130.3800048828,66.3048400879
2010-11-18,90.5814361572,35.8312377930,67.8802947998,132.0899963379,66.3127899170
2010-11-19,90.8306503296,35.8312377930,68.0202713013,132.1999969482,66.2734146118
2010-11-22,90.7551345825,35.4466896057,68.3842239380,133.4799957275,66.3364105225
2010-11-23,89.4412689209,34.3798713684,68.5241928101,134.4100036621,66.3757247925
2010-11-24,90.7626876831,34.9256820679,67.7892837524,134.1799926758,66.2576217651
2010-11-26,89.7055587769,34.3426628113,68.0832290649,133.1100006104,66.3048400879
2010-11-29,89.9773788452,34.0387535095,68.2302703857,133.5099945068,66.2969970703
2010-11-30,89.4714431763,33.6541938782,68.3492202759,135.4199981689,66.3442382812
2010-12-01,91.3743133545,34.6093673706,67.4504241943,135.3800048828,66.2449340820
2010-12-02,92.5446929932,35.2668228149,67.2819900513,135.1999969482,66.2449340820
2010-12-03,92.7938842773,35.6079559326,67.2890548706,138.0700073242,66.3316268921
2010-12-06,92.6957244873,35.4466896057,67.7100067139,139.1100006104,66.3710174561
2010-12-07,92.7485885620,35.4652976990,66.5874099731,136.5000000000,66.2528686523
2010-12-08,93.0883483887,35.5707473755,66.0189971924,134.7899932861,66.1503906250
2010-12-09,93.4508285522,35.6637725830,66.1593933105,135.3699951172,66.1424942017
2010-12-10,93.9944915771,35.7443962097,65.5980758667,135.4100036621,66.1188659668
2010-12-13,94.0549087524,36.1289596558,65.8085403442,136.0500030518,66.1582412720
2010-12-14,94.1379699707,36.1847763062,65.1139144897,136.1799926758,66.1267013550
2010-12-15,93.7075576782,35.7071990967,64.8472900391,134.6999969482,66.1030883789
2010-12-16,94.2512283325,35.9056739807,65.2332153320,133.8099975586,66.1188659668
2010-12-17,94.3521881104,35.7071990967,65.7945022583,134.1999969482,66.1740646362
2010-12-20,94.5798950195,35.7878227234,65.7874908447,135.1100006104,66.1898193359
2010-12-21,95.1795730591,36.0870933533,65.9278182983,135.3200073242,66.1740646362
2010-12-22,95.4755859375,36.1559562683,65.7454147339,135.0500030518,66.1582412720
2010-12-23,95.3389816284,36.1371726990,65.5138473511,134.6600036621,66.0715408325
2010-12-27,95.3769149780,36.0620460510,65.7664108276,135.0200042725,66.1110458374
2010-12-28,95.5135650635,36.0933494568,65.0756301880,137.2200012207,66.0226593018
2010-12-29,95.5818710327,36.4063873291,65.8072662354,137.7100067139,66.1803588867
2010-12-30,95.4300689697,36.2310905457,65.6735992432,137.0299987793,66.1567077637
2010-12-31,95.4528198242,36.4502105713,66.0042343140,138.7200012207,66.2356109619
2011-01-03,96.4396438599,36.7507286072,65.8002319336,138.0000000000,66.2198104858
2011-01-04,96.3864898682,36.6380271912,65.9550170898,134.7500000000,66.2040405273
2011-01-05,96.8874740601,36.4815101624,65.2444610596,134.3699951172,66.0857391357
2011-01-06,96.6977233887,36.0620460510,65.5821151733,133.8300018311,66.1567077637
2011-01-07,96.5079574585,35.9180412292,66.0182876587,133.5800018311,66.2513732910
2011-01-10,96.3864898682,35.8554382324,66.2433929443,134.1199951172,66.2829513550
2011-01-11,96.7280807495,36.0996055603,65.9830932617,134.9100036621,66.2434463501
2011-01-12,97.6010055542,36.8947296143,65.7931671143,135.4600067139,66.2434463501
2011-01-13,97.4415893555,36.9948883057,66.2363662720,134.0500030518,66.2671203613
2011-01-14,98.1475296021,37.2202911377,66.0534896851,132.6900024414,66.2671203613
2011-01-18,98.3145065308,37.4644546509,65.8917083740,133.4299926758,66.2513732910
2011-01-19,97.3505096436,37.2077560425,66.0605010986,133.7200012207,66.2829513550
2011-01-20,97.2214813232,36.8884696960,65.5469741821,131.1999969482,66.2119445801
2011-01-21,97.4415893555,37.0888099670,65.7650375366,131.0299987793,66.2277145386
2011-01-24,97.9957046509,37.4832382202,65.7720718384,130.3600006104,66.2198104858
2011-01-25,98.0488357544,37.4081115723,66.1027755737,130.1000061035,66.2671203613
2011-01-26,98.4283676147,37.6460304260,65.7017440796,131.1600036621,66.2513732910
2011-01-27,98.6712646484,37.7336616516,65.9479141235,127.9300003052,66.2986831665
2011-01-28,96.9482116699,36.8947296143,66.2504806519,130.2799987793,66.3302459717
2011-01-31,97.6768798828,37.2140235901,65.9901809692,129.8699951172,66.3224029541
2011-02-01,99.2405929565,38.0967941284,65.6833953857,130.8000030518,66.2497329712
2011-02-02,99.0508270264,38.0654945374,65.5281753540,130.4499969482,66.2102508545
2011-02-03,99.2709197998,38.0717506409,65.1543807983,132.1999969482,66.1471481323
2011-02-04,99.5517959595,38.0592346191,64.7524108887,131.6600036621,66.0918807983
2011-02-07,100.1742401123,38.1781845093,64.7241821289,131.6799926758,66.0603103638
2011-02-08,100.6296615601,38.4286193848,64.2798233032,133.1399993896,65.9734497070
2011-02-09,100.4019622803,38.3159255981,64.6466064453,133.0700073242,66.0208358765
2011-02-10,100.4399337769,38.0654945374,64.4350128174,132.8500061035,65.9892883301
2011-02-11,101.0395736694,38.0842704773,64.7312088013,132.3200073242,65.9892883301
2011-02-14,101.2824707031,38.1594047546,64.7524108887,132.9499969482,65.9892883301
2011-02-15,100.9636535645,38.0467033386,64.9004669189,133.9700012207,66.0208358765
2011-02-16,101.6012954712,38.5037269592,64.8087615967,134.1000061035,66.0129470825
2011-02-17,101.9049224854,38.6352272034,65.0486145020,135.0399932861,66.0918807983
2011-02-18,102.1174621582,38.7666893005,65.0344924927,135.4100036621,66.1155471802
2011-02-22,100.0679931641,37.6585464478,65.6622009277,136.2899932861,66.1866073608
2011-02-23,99.4531402588,37.7086257935,65.4999618530,137.5099945068,66.1708068848
2011-02-24,99.3848190308,37.7399253845,65.6692962646,136.4799957275,66.2023849487
2011-02-25,100.4475021362,38.1907081604,65.8808975220,137.3800048828,66.2182083130
2011-02-28,101.0699386597,38.5350532532,65.8526229858,137.6600036621,66.2418289185
2011-03-01,99.3848190308,37.9966278076,65.9275436401,140.0299987793,66.2821044922
2011-03-02,99.5973129272,38.1969642639,65.5811843872,139.9199981689,66.2505111694
2011-03-03,101.3128814697,38.6853065491,65.1357955933,138.0899963379,66.1162490845
2011-03-04,100.5537643433,38.3347091675,65.6024093628,139.3500061035,66.2663421631
2011-03-07,99.7643661499,37.9653167725,65.4397964478,139.7200012207,66.2189559937
2011-03-08,100.6372985840,38.0842704773,65.2842483521,139.3600006104,66.1952667236
2011-03-09,100.4930496216,38.0967941284,65.6660079956,139.4100036621,66.2426452637
2011-03-10,98.6333465576,37.1514167786,66.2244720459,137.7700042725,66.3137130737
2011-03-11,99.3164901733,37.1514167786,66.0689392090,138.2200012207,66.3216018677
2011-03-14,98.7168426514,36.4877738953,66.2173995972,138.8600006104,66.3611221313
2011-03-15,97.5858154297,35.7239685059,66.4577484131,136.2700042725,66.3295440674
2011-03-16,95.7792129517,34.6158065796,67.0233001709,136.2400054932,66.4480133057
2011-03-17,97.0468750000,35.7677879333,66.8183059692,136.9700012207,66.4164199829
2011-03-18,97.3998565674,36.2623977661,66.7758636475,138.3699951172,66.3848495483
2011-03-21,98.9093780518,37.1576766968,66.4294815063,139.1399993896,66.3137130737
2011-03-22,98.5662918091,37.0512466431,66.4648208618,139.0500030518,66.2979431152
2011-03-23,98.8483657837,37.0950737000,66.3800048828,140.3399963379,66.3058547974
2011-03-24,99.7936782837,37.5896644592,66.0406723022,139.2200012207,66.2583847046
2011-03-25,100.0986328125,37.1764678955,65.8639144897,139.2599945068,66.2110137939
2011-03-28,99.8546600342,37.1576766968,65.8851776123,138.5399932861,66.1794586182
2011-03-29,100.5255279541,37.3517570496,65.6942520142,138.2100067139,66.1557235718
2011-03-30,101.2192916870,37.7962799072,65.9204788208,138.6699981689,66.1952667236
2011-03-31,101.0820693970,37.6147193909,65.7508697510,139.8600006104,66.1557235718
2011-04-01,101.5090026855,37.9715843201,65.8911895752,139.1999969482,66.2087249756
2011-04-04,101.5928497314,38.0216674805,66.0400390625,139.8399963379,66.2245101929
2011-04-05,101.5776214600,37.9277496338,65.7068634033,142.0500030518,66.1533813477
2011-04-06,101.8978118896,38.2407951355,65.4233703613,142.3800048828,66.1533813477
2011-04-07,101.6386032104,38.0529670715,65.4304428101,142.5099945068,66.2007675171
2011-04-08,101.2878952026,38.3660087585,65.2390899658,143.6600036621,66.1770706177
2011-04-11,100.9829864502,38.2908744812,65.3241119385,142.6399993896,66.1691970825
2011-04-12,100.2282104492,37.9340095520,65.6927261353,141.6100006104,66.2798614502
2011-04-13,100.2206039429,38.0467033386,65.9478988647,141.8999938965,66.3114776611
2011-04-14,100.2968521118,38.2157478333,65.7281417847,143.8099975586,66.2482299805
2011-04-15,100.6627502441,38.1594047546,66.2101440430,145.0500030518,66.3747177124
2011-04-18,99.5344696045,37.3768043518,66.3731689453,145.9299926758,66.3905410767
2011-04-19,100.1062545776,37.6522903442,66.4581909180,145.9299926758,66.4062881470
2011-04-20,101.4708709717,38.6101684570,66.1959915161,146.5000000000,66.3984603882
2011-04-21,101.9892654419,38.8606071472,66.2455825806,146.7400054932,66.3826293945
2011-04-25,101.8825607300,38.8606071472,66.4794845581,146.8699951172,66.3905410767
2011-04-26,102.7592773438,39.1611289978,66.7630310059,146.3800048828,66.4538345337
2011-04-27,103.4302062988,39.6494712830,66.5716247559,149.1999969482,66.4774780273
2011-04-28,103.7656021118,39.9186859131,66.8268280029,149.8200073242,66.4774780273
2011-04-29,104.0095596313,39.7308578491,66.9614639282,152.3699951172,66.5091476440
2011-05-02,103.8494644165,39.9875526428,66.9408645630,150.4100036621,66.4980773926
2011-05-03,103.4758834839,39.6619873047,67.1185302734,149.8800048828,66.5217361450
2011-05-04,102.7897872925,39.3239021301,67.2891235352,147.7299957275,66.5534210205
2011-05-05,101.8596954346,38.5475692749,67.6231002808,143.4700012207,66.5692749023
2011-05-06,102.3094863892,38.5663566589,67.6586151123,145.3000030518,66.5772018433
2011-05-09,102.7059249878,38.8418312073,67.7580337524,147.3800048828,66.6087799072
2011-05-10,103.5826034546,39.2112121582,67.4311981201,147.8999938965,66.5455474854
2011-05-11,102.4924697876,38.4223556519,67.6728439331,146.5399932861,66.6087799072
2011-05-12,102.9803924561,38.5475692749,67.5235977173,146.5899963379,66.5772018433
2011-05-13,102.1875305176,37.9465370178,67.7865219116,145.6300048828,66.6087799072
2011-05-16,101.5395431519,37.8776626587,67.9499816895,145.3699951172,66.6404953003
2011-05-17,101.5242538452,37.9590530396,68.1489257812,144.7400054932,66.6484069824
2011-05-18,102.4314727783,38.1907081604,67.7580337524,145.6000061035,66.6166687012
2011-05-19,102.6754226685,38.4098320007,67.8291549683,145.6499938965,66.6246109009
2011-05-20,101.8596954346,37.8651466370,67.9926071167,147.4900054932,66.6484069824
2011-05-23,100.6780166626,36.9886398315,68.0849533081,147.8300018311,66.6562881470
2011-05-24,100.5941772461,37.2014961243,68.1560440063,148.5899963379,66.6562881470
2011-05-25,100.9296188354,37.4394187927,68.1631164551,148.5800018311,66.6879501343
2011-05-26,101.3946533203,37.7900161743,68.5397872925,148.2200012207,66.7275085449
2011-05-27,101.7834701538,38.0654945374,68.5326614380,149.6999969482,66.7512435913
2011-05-31,102.8431320190,38.8543434143,68.6393051147,149.6399993896,66.7512435913
2011-06-01,100.5331726074,37.9340095520,69.2049484253,149.9100036621,66.7955780029
2011-06-02,100.4264450073,38.1280937195,68.7917251587,149.5000000000,66.7559432983
2011-06-03,99.4277343750,38.1468772888,69.0624389648,150.2200012207,66.7797546387
2011-06-06,98.3756408691,37.6522903442,69.0196914673,150.4799957275,66.7876739502
2011-06-07,98.3146972656,37.9966278076,69.1479187012,150.4199981689,66.8351745605
2011-06-08,97.9030303955,37.5082817078,69.2975311279,149.8099975586,66.8429946899
2011-06-09,98.6501083374,37.8964424133,69.0196914673,150.5599975586,66.7718276978
2011-06-10,97.2778930664,37.0199432373,69.2405624390,149.2400054932,66.8272247314
2011-06-13,97.3541183472,37.0762825012,69.0909423828,147.7700042725,66.8034667969
2011-06-14,98.5891418457,37.7336616516,68.5423736572,148.6699981689,66.7480850220
2011-06-15,96.8357238770,36.4940376282,69.2832870483,149.1199951172,66.8429946899
2011-06-16,97.0491561890,36.3688278198,69.4756774902,148.9700012207,66.8509674072
2011-06-17,97.3387603760,36.7256927490,69.4257736206,149.9400024414,66.8668365479
2011-06-20,97.8367767334,36.6818618774,69.3189086914,150.0299987793,66.8668365479
2011-06-21,99.1775207520,37.4769706726,69.2263107300,150.7599945068,66.8747024536
2011-06-22,98.5799026489,37.1138267517,69.1978225708,150.9900054932,66.8589019775
2011-06-23,98.2964706421,36.7946815491,69.5611495972,148.3399963379,66.8984527588
2011-06-24,97.1548843384,36.4436607361,69.8531875610,146.2599945068,66.9380950928
2011-06-27,98.0206222534,36.7436408997,69.5825347900,145.7299957275,66.8747024536
2011-06-28,99.3001022339,37.1840248108,68.9413604736,146.2400054932,66.7559432983
2011-06-29,100.1505126953,37.8350296021,68.5281524658,147.1799926758,66.7559432983
2011-06-30,101.1082077026,38.3839187622,68.2930526733,146.0000000000,66.7480850220
2011-07-01,102.6021804810,38.8051643372,68.1223373413,144.9299926758,66.7250442505
2011-07-05,102.5178909302,38.5753822327,68.5508346558,147.6300048828,66.8043060303
2011-07-06,102.6404953003,38.3328704834,68.6722564697,148.9100036621,66.8281097412
2011-07-07,103.7054214478,38.6647529602,68.4080123901,149.1499938965,66.7646636963
2011-07-08,102.9699554443,38.1860771179,69.1364059448,150.2500000000,66.8597640991
2011-07-11,101.1082077026,37.0308570862,69.6649017334,151.5899963379,66.9073257446
2011-07-12,100.6715011597,36.7819252014,69.7649154663,152.7700042725,66.8993759155
2011-07-13,101.0085983276,37.3308181763,69.8791580200,154.1399993896,66.9152221680
2011-07-14,100.3113937378,37.0053215027,69.4792556763,154.5399932861,66.8914184570
2011-07-15,100.8936920166,37.1329574585,69.7649154663,155.1999969482,66.9073257446
2011-07-18,100.0662536621,36.5840797424,69.7220611572,156.5700073242,66.9073257446
2011-07-19,101.6904525757,37.1329574585,69.9862976074,154.6600036621,66.9073257446
2011-07-20,101.6291961670,37.5733489990,69.6434707642,156.0200042725,66.8835372925
2011-07-21,103.0388641357,38.3711585999,69.2578506470,154.8300018311,66.8518600464
2011-07-22,103.1078338623,38.4094505310,69.5220413208,156.1199951172,66.8597640991
2011-07-25,102.5332717896,38.1669120789,69.3006591797,157.3399963379,66.8281097412
2011-07-26,102.1501770020,38.3966865540,69.5934219360,157.7700042725,66.8676605225
2011-07-27,100.0585708618,37.4648513794,69.4792556763,157.1900024414,66.8281097412
2011-07-28,99.7674865723,37.3754959106,69.6148834229,157.3200073242,66.8676605225
2011-07-29,99.0856094360,37.4712295532,70.4575958252,158.2899932861,66.9389953613
2011-08-01,98.6641769409,36.9989395142,70.7138900757,157.7200012207,66.9159927368
2011-08-02,96.1435852051,36.0224189758,71.3653564453,161.5200042725,67.0032119751
2011-08-03,96.6645660400,36.2330398560,71.4225387573,161.4900054932,66.9953002930
2011-08-04,92.1366424561,33.7056083679,72.3675765991,160.6399993896,67.0587158203
2011-08-05,91.9987487793,34.2991714478,71.5299301147,161.7500000000,67.0429000854
2011-08-08,86.0074691772,31.7398090363,72.6682739258,167.1199951172,67.0666809082
2011-08-09,90.0067596436,33.8779335022,73.0905532837,168.6100006104,67.1380233765
2011-08-10,86.0304870605,31.8547019958,74.0569992065,174.5800018311,67.1856079102
2011-08-11,89.8918457031,33.3800926208,72.9688720703,170.7500000000,67.1697769165
2011-08-12,90.4970703125,33.7630424500,73.4771804810,169.9700012207,67.1777038574
2011-08-15,92.4124755859,34.5480842590,73.2051239014,171.8000030518,67.1538772583
2011-08-16,91.6233215332,34.0438690186,73.5415649414,173.9199981689,67.1538772583
2011-08-17,91.6846008301,34.2417221069,74.0569992065,174.4199981689,67.1697769165
2011-08-18,87.7313079834,32.5759086609,74.4435958862,177.7200012207,67.1618270874
2011-08-19,86.2986526489,32.0206336975,74.5223464966,179.9499969482,67.1618270874
2011-08-22,86.3675842285,32.2248802185,74.3863143921,184.5899963379,67.1538772583
2011-08-23,89.2099990845,33.2715911865,74.0856246948,177.6699981689,67.1222152710
2011-08-24,90.4664535522,33.2843589783,73.2910308838,171.6499938965,67.1222152710
2011-08-25,89.0873870850,32.4801750183,73.7420196533,172.3600006104,67.1618270874
2011-08-26,90.3821640015,32.9907646179,73.9783020020,177.4700012207,67.1697769165
2011-08-29,92.9794158936,33.7757949829,73.4914627075,173.8899993896,67.1538772583
2011-08-30,93.2245559692,33.5779457092,73.9997177124,179.1000061035,67.1697769165
2011-08-31,93.6382751465,34.1906623840,73.7348403931,177.7200012207,67.1697769165
2011-09-01,92.6576614380,33.7694320679,74.3224563599,177.8699951172,67.1887893677
2011-09-02,90.2902603149,33.0163002014,75.0040359497,183.2400054932,67.1570816040
2011-09-06,89.6313629150,31.9312877655,75.1045074463,182.8999938965,67.1650314331
2011-09-07,92.1596221924,32.8822669983,74.7027206421,177.0800018311,67.1491394043
2011-09-08,91.2019042969,32.2312698364,75.0686264038,181.8099975586,67.1729125977
2011-09-09,88.8115921021,31.1143360138,75.4345626831,180.6999969482,67.1967239380
2011-09-12,89.3861694336,30.9803104401,75.2049713135,176.6699981689,67.1491394043
2011-09-13,90.2059402466,31.3121871948,74.9825439453,178.5399932861,67.1570816040
2011-09-14,91.4547729492,31.7844886780,75.0256423950,177.2100067139,67.1570816040
2011-09-15,93.0330429077,32.4738044739,74.4659576416,174.3999938965,67.1650314331
2011-09-16,93.5836715698,32.4865608215,74.6094741821,176.0299987793,67.1808471680
2011-09-19,92.6518173218,31.5930213928,75.2192916870,173.3099975586,67.2125778198
2011-09-20,92.5440368652,31.7206611633,75.3197479248,175.7799987793,67.1808471680
2011-09-21,89.8178024292,30.7760715485,75.6426162720,173.5899963379,67.1094207764
2011-09-22,86.9145050049,29.7804050446,76.3457641602,169.0500030518,67.1173629761
2011-09-23,87.4381713867,30.1186714172,75.7143859863,159.8000030518,67.1253738403
2011-09-26,89.5174789429,30.7377681732,75.3986816406,157.5800018311,67.1015396118
2011-09-27,90.5186080933,31.4972801208,74.8964538574,160.6300048828,67.0777282715
2011-09-28,88.6703796387,30.9611568451,74.9108352661,156.2200012207,67.0538787842
2011-09-29,89.3711395264,31.5674896240,74.9108352661,157.6999969482,67.0698013306
2011-09-30,87.1378631592,30.4952392578,75.3843078613,158.0599975586,67.1015396118
2011-10-03,84.6580963135,29.6910610199,76.0823593140,160.9600067139,67.1166076660
2011-10-04,86.5140533447,30.1888771057,75.6941757202,157.6399993896,67.0769042969
2011-10-05,88.1158676147,30.6547985077,75.3778610229,159.4600067139,67.0769042969
2011-10-06,89.7100143433,31.4781379700,74.8530197144,160.4900054932,67.0610122681
2011-10-07,89.1093597412,31.2611293793,74.4648361206,159.1799926758,67.0372390747
2011-10-10,92.0896530151,32.4546432495,73.6811904907,163.2700042725,66.9816589355
2011-10-11,92.1820678711,32.3971977234,73.9256744385,162.1000061035,67.0134048462
2011-10-12,92.9906768799,32.8694992065,73.6740493774,163.2599945068,67.0134048462
2011-10-13,92.8058700562,32.8822669983,73.9687576294,162.3000030518,67.0293197632
2011-10-14,94.3922653198,33.2652168274,73.6021575928,163.3999938965,67.0610122681
2011-10-17,92.5902099609,32.4993247986,74.0838241577,162.6199951172,67.0689849854
2011-10-18,94.3999862671,32.9652404785,74.0047225952,161.8399963379,67.0689849854
2011-10-19,93.2833251953,32.3716773987,74.1198120117,159.8699951172,67.0927352905
2011-10-20,93.6914672852,32.4546432495,73.9687576294,157.7700042725,67.1007232666
2011-10-21,95.4704132080,33.2396850586,73.8321914673,159.5200042725,67.0769042969
2011-10-24,96.6409835815,33.7375221252,73.7962646484,161.0200042725,67.0769042969
2011-10-25,94.7619476318,33.1567153931,74.4289093018,165.5899963379,67.1166076660
2011-10-26,95.7245635986,33.6098670959,73.8824996948,167.3999938965,67.0769042969
2011-10-27,99.0591125488,35.4671554565,72.9910583496,169.5500030518,67.0293197632
2011-10-28,99.0360717773,35.2629089355,73.4295883179,169.6199951172,67.0610122681
2011-10-31,96.6487045288,33.4311637878,74.4144973755,167.3399963379,67.1245803833
2011-11-01,93.9533233643,32.3844375610,75.3070373535,167.3800048828,67.1308593750
2011-11-02,95.4858169556,32.6588897705,75.1269302368,169.0599975586,67.1467666626
2011-11-03,97.2262802124,33.4822196960,74.7740173340,171.7200012207,67.1547393799
2011-11-04,96.6333007812,33.0609664917,74.9973373413,170.8500061035,67.1547393799
2011-11-07,97.2339401245,33.2013854980,75.0837402344,174.9799957275,67.1388320923
2011-11-08,98.4815521240,33.6034812927,74.7451477051,173.5299987793,67.1308593750
2011-11-09,94.8466644287,31.8802261353,75.4078903198,172.0700073242,67.1467666626
2011-11-10,95.7399749756,32.2567901611,75.0405197144,171.1399993896,67.1547393799
2011-11-11,97.5420303345,33.0609664917,74.6947402954,173.9600067139,67.1229629517
2011-11-14,96.6178741455,32.4738044739,75.1629409790,173.1999969482,67.1547393799
2011-11-15,97.0953674316,32.3844375610,75.0621109009,173.3600006104,67.1467666626
2011-11-16,95.5551376343,31.7653503418,75.3358840942,171.5099945068,67.1308593750
2011-11-17,94.0380020142,31.4206962585,75.4871826172,167.1000061035,67.1388320923
2011-11-18,93.9378967285,31.5291976929,75.2061920166,167.6199951172,67.1149902344
2011-11-21,92.1512680054,30.7313976288,75.4151000977,163.5000000000,67.1229629517
2011-11-22,91.7893142700,30.6420402527,75.6456069946,165.3099975586,67.1308593750
2011-11-23,89.7639160156,29.7995548248,75.9049682617,164.8300018311,67.1388320923
2011-11-25,89.5944595337,29.6463794708,75.4223251343,163.3999938965,67.1388320923
2011-11-28,92.1897735596,30.9101009369,75.4294738770,166.6300048828,67.1467666626
2011-11-29,92.4516220093,31.1143360138,75.2854461670,166.8800048828,67.1547393799
2011-11-30,96.2559280396,32.7035636902,74.8459854126,170.1300048828,67.1547393799
2011-12-01,96.2405548096,32.4227371216,74.8243713379,169.6300048828,67.1586990356
2011-12-02,96.1558227539,32.4163513184,75.1563720703,169.8200073242,67.1427917480
2011-12-05,97.2031860352,32.7865333557,75.1131057739,167.3200073242,67.1507797241
2011-12-06,97.2339401245,32.6333503723,74.9181976318,168.1799926758,67.1507797241
2011-12-07,97.5959167480,32.8631210327,75.2574005127,169.3999938965,67.1745834351
2011-12-08,95.4550018311,31.7844886780,75.6399230957,165.9799957275,67.1825027466
2011-12-09,97.0722732544,32.5759086609,75.1202621460,166.3999938965,67.1825027466
2011-12-12,95.6552581787,31.6249275208,75.3801116943,161.9900054932,67.1825027466
2011-12-13,94.7619476318,31.1973056793,75.7265701294,158.4499969482,67.1825027466
2011-12-14,93.7530899048,30.8271274567,76.0440826416,152.8899993896,67.1666107178
2011-12-15,94.0919494629,30.9803104401,75.9791870117,152.3300018311,67.1586990356
2011-12-16,94.2314453125,30.8526573181,76.3472747803,155.2299957275,67.1905136108
2011-12-19,93.2239456177,30.5654487610,76.6070480347,154.8699951172,67.1825027466
2011-12-20,96.0449142456,31.6434917450,75.9141921997,156.9799957275,67.1666107178
2011-12-21,96.2309265137,31.4755344391,75.6687850952,157.1600036621,67.1427917480
2011-12-22,97.0833969116,31.7597408295,75.7626419067,156.0399932861,67.1348342896
2011-12-23,97.9514007568,31.9793567657,75.4522781372,156.3099975586,67.1507797241
2011-12-27,98.0288925171,31.8372612000,75.4949645996,154.9100036621,67.1260604858
2011-12-28,96.7424163818,31.2623958588,75.9721755981,151.0299987793,67.1420516968
2011-12-29,97.7421188354,31.8372612000,76.0661849976,150.3399963379,67.1499404907
2011-12-30,97.2616500854,31.9922771454,76.3337326050,151.9900054932,67.1896972656
2012-01-03,98.8116455078,32.8642730713,75.8492355347,155.9199981689,67.1499404907
2012-01-04,98.9666137695,32.6704940796,75.6106185913,156.7100067139,67.1578979492
2012-01-05,99.2301254272,32.1860618591,75.6250839233,157.7799987793,67.1658554077
2012-01-06,98.9743576050,31.7468242645,75.9215774536,157.1999969482,67.1578979492
2012-01-09,99.2146148682,31.8695564270,75.9359893799,156.5000000000,67.1738128662
2012-01-10,100.0748825073,32.3539924622,75.7842025757,158.6399993896,67.1818008423
2012-01-11,100.1291427612,32.2506484985,76.2252731323,159.6699981689,67.2055969238
2012-01-12,100.3693847656,32.3862915039,76.0661849976,160.3800048828,67.1976089478
2012-01-13,99.8501129150,32.0374984741,76.4060287476,159.2599945068,67.2135543823
2012-01-17,100.2376251221,32.4185829163,76.4783020020,160.5000000000,67.2215270996
2012-01-18,101.3458633423,32.9611625671,76.2397308350,161.6000061035,67.2135543823
2012-01-19,101.8806152344,33.3680839539,75.7842025757,161.2200012207,67.2135543823
2012-01-20,102.2603683472,33.5424690247,75.5238342285,162.0700073242,67.1976089478
2012-01-23,101.9968566895,33.6716651917,75.3575668335,163.1600036621,67.2055969238
2012-01-24,101.8806152344,33.4843444824,75.4443283081,162.0099945068,67.2055969238
2012-01-25,102.7331008911,33.8331413269,75.8058700562,166.4199981689,67.2453536987
2012-01-26,102.2061309814,33.8460578918,76.2107467651,167.2700042725,67.2533264160
2012-01-27,102.1596298218,33.9041862488,76.4421844482,168.9700012207,67.2692489624
2012-01-30,101.8108520508,33.5037231445,76.7024688721,168.0299987793,67.2453536987
2012-01-31,101.7721099854,33.6781272888,76.9917068481,169.3099975586,67.2453536987
2012-02-01,102.6633300781,34.2077789307,76.7244491577,169.5599975586,67.2222518921
2012-02-02,102.8261260986,34.2788276672,76.8330841064,171.0500030518,67.2302474976
2012-02-03,104.2675933838,34.8149375916,76.2246246338,167.6399993896,67.2302474976
2012-02-06,104.1978607178,34.6469917297,76.4346389771,167.1799926758,67.2143402100
2012-02-07,104.4613418579,34.8601570129,75.9420700073,169.6999969482,67.1984329224
2012-02-08,104.7713470459,34.9828796387,75.9782867432,168.5000000000,67.1984329224
2012-02-09,104.9030914307,35.0733032227,75.8044586182,168.0200042725,67.1666259766
2012-02-10,104.1281127930,34.4080047607,76.2318267822,167.1399993896,67.1825027466
2012-02-13,104.9030914307,34.8020210266,76.1811447144,167.5099945068,67.1427612305
2012-02-14,104.7713470459,34.5436477661,76.3404846191,167.1199951172,67.1586837769
2012-02-15,104.2831039429,34.5824089050,76.3984527588,168.1100006104,67.1666259766
2012-02-16,105.4378280640,35.0603942871,76.0507583618,168.0000000000,67.1427612305
2012-02-17,105.7168045044,35.2154121399,75.9710693359,167.3500061035,67.1268692017
2012-02-21,105.7633285522,35.2218589783,75.6958618164,171.0200042725,67.1109771729
2012-02-22,105.4223556519,35.1185073853,75.9928054810,172.9400024414,67.1427612305
2012-02-23,105.8873596191,35.4091873169,76.1014633179,173.0200042725,67.1347732544
2012-02-24,106.1198425293,35.6223297119,76.1593856812,172.2299957275,67.1188583374
2012-02-27,106.2980804443,35.4414710999,76.4129791260,171.6999969482,67.1347732544
2012-02-28,106.6080780029,35.7708969116,76.4491577148,173.4900054932,67.1506881714
2012-02-29,106.1895904541,35.3058280945,76.1449279785,164.2899932861,67.1506881714
2012-03-01,106.7397842407,35.7062988281,75.8982009888,166.6100006104,67.1388168335
2012-03-02,106.4143218994,35.3768882751,76.2029724121,166.3399963379,67.1547012329
2012-03-05,105.9803237915,35.1895751953,76.0506286621,165.6499938965,67.1547012329
2012-03-06,104.4303359985,34.0656814575,76.3698272705,162.6999969482,67.1547012329
2012-03-07,105.1588439941,34.4855155945,76.2247467041,163.6300048828,67.1388168335
2012-03-08,106.2050552368,35.2283248901,75.9998168945,165.2799987793,67.1149215698
2012-03-09,106.6158065796,35.1120567322,75.9417800903,166.3800048828,67.1149215698
2012-03-12,106.6235885620,35.0216217041,75.9200134277,165.0700073242,67.1228790283
2012-03-13,108.5455474854,35.5900306702,75.3758163452,162.3000030518,67.0831298828
2012-03-14,108.4293060303,35.2735366821,74.5124359131,159.5700073242,66.9875717163
2012-03-15,109.0570449829,35.6094169617,74.4906845093,161.0800018311,67.0273666382
2012-03-16,109.2080612183,35.8548583984,74.4689483643,161.3000030518,67.0671997070
2012-03-19,109.6361770630,36.0421791077,74.0118103027,161.5899963379,67.0193939209
2012-03-20,109.3170471191,35.6158790588,74.0481414795,160.1300048828,67.0035171509
2012-03-21,109.1379852295,35.3833427429,74.4253768921,160.2100067139,67.0433044434
2012-03-22,108.3518447876,35.1379013062,74.5197525024,159.5700073242,67.0512237549
2012-03-23,108.7020874023,35.3833427429,74.7954177856,161.5299987793,67.0592117310
2012-03-26,110.2277450562,35.8354873657,74.7083282471,164.3999938965,67.0751647949
2012-03-27,109.8852615356,35.6094169617,75.1218948364,163.2400054932,67.0989761353
2012-03-28,109.3403778076,35.3639640808,74.9912796021,161.5099945068,67.0831298828
2012-03-29,109.1535873413,35.1379013062,75.3032684326,161.2799987793,67.1069793701
2012-03-30,109.6050338745,35.4543952942,74.9332504272,162.1199951172,67.0989761353
2012-04-02,110.4067840576,35.8677787781,75.1128005981,162.9400024414,67.1149444580
2012-04-03,109.9553146362,35.2412338257,74.5604476929,159.8899993896,67.0671768188
2012-04-04,108.8655624390,34.4532241821,74.9384078979,157.2100067139,67.0830917358
2012-04-05,108.8110580444,34.2465286255,75.2726898193,158.3099975586,67.1069793701
2012-04-09,107.5890121460,34.0979576111,76.0430374146,159.3699951172,67.1547241211
2012-04-10,105.7831192017,33.3680839539,76.3992156982,161.1000061035,67.1865539551
2012-04-11,106.6393890381,33.8331413269,76.1011962891,161.0700073242,67.1786041260
2012-04-12,108.0326690674,34.4532241821,75.9486007690,162.6999969482,67.1865539551
2012-04-13,106.7483291626,33.7943916321,76.4064559937,160.8500061035,67.1945266724
2012-04-16,106.6783065796,34.0398445129,76.3846435547,160.4600067139,67.1945266724
2012-04-17,108.2583770752,34.5824089050,76.3047103882,160.2500000000,67.1945266724
2012-04-18,107.8925857544,34.4015464783,76.4573135376,159.3099975586,67.2104644775
2012-04-19,107.1998519897,34.1948585510,76.5445251465,159.4299926758,67.2184448242
2012-04-20,107.3788757324,34.5242729187,76.5518341064,159.5399932861,67.2184448242
2012-04-23,106.4759292603,33.8331413269,76.7044296265,159.0700073242,67.2343368530
2012-04-24,106.8806762695,34.1044197083,76.5082244873,159.3000030518,67.2104644775
2012-04-25,108.3440322876,34.5694885254,76.4137191772,159.6199951172,67.2263412476
2012-04-26,109.0990524292,34.7761840820,76.6681137085,161.0299987793,67.2343368530
2012-04-27,109.2781143188,34.9182815552,76.7480545044,161.3800048828,67.2184448242
2012-04-30,108.8733444214,34.7180480957,76.8134689331,161.8800048828,67.2343368530
2012-05-01,109.5505371094,34.8601570129,76.6736907959,161.3200073242,67.2327270508
2012-05-02,109.2236175537,34.5888710022,76.8192672729,160.5899963379,67.2407226562
2012-05-03,108.3907928467,34.2852935791,76.8119888306,158.9700012207,67.2327270508
2012-05-04,106.6393890381,33.7620925903,77.1176986694,159.4700012207,67.2565917969
2012-05-07,106.7172088623,34.0075454712,77.0958633423,159.0800018311,67.2565917969
2012-05-08,106.2891082764,33.4843444824,77.2705841064,156.0000000000,67.2645797729
2012-05-09,105.6586227417,33.0967941284,77.3360443115,154.4700012207,67.2565917969
2012-05-10,105.8765182495,33.2518157959,77.2269134521,154.7700042725,67.2486419678
2012-05-11,105.5574111938,33.0451278687,77.4816818237,153.5599975586,67.2565917969
2012-05-14,104.3898620605,32.4121246338,77.8238067627,151.3300018311,67.2486419678
2012-05-15,103.7904815674,32.0052032471,77.8456878662,149.7400054932,67.2407226562
2012-05-16,103.3934555054,31.6887035370,77.9039154053,149.4600067139,67.2327270508
2012-05-17,101.8600463867,31.3011455536,78.1951370239,152.8000030518,67.2008743286
2012-05-18,100.9882888794,31.0750713348,78.1441040039,154.5500030518,67.2088394165
2012-05-21,102.7240447998,31.7597408295,77.9402542114,154.6499938965,67.2168426514
2012-05-22,102.9030990601,31.6434917450,77.7728729248,152.0800018311,67.1929321289
2012-05-23,102.9576034546,31.3851203918,77.9766693115,151.6199951172,67.2247772217
2012-05-24,103.1599884033,31.1784248352,77.8092346191,151.4100036621,67.2008743286
2012-05-25,102.8252563477,31.0686130524,78.0349502563,152.6799926758,67.2327270508
2012-05-29,104.0706787109,31.4626312256,77.9694290161,151.0200042725,67.2168426514
2012-05-30,102.5606002808,30.7198162079,78.7119369507,151.9100036621,67.2486419678
2012-05-31,102.3348846436,30.8490047455,79.0176162720,151.6199951172,67.2725601196
2012-06-01,99.7583923340,30.0674476624,79.6964492798,157.5000000000,67.2789459229
2012-06-04,99.7117080688,30.3193531036,79.2371063232,157.3200073242,67.2709503174
2012-06-05,100.4667434692,30.5389690399,78.9746398926,157.1399993896,67.2868957520
2012-06-06,102.7240447998,31.3915824890,78.4570388794,157.2100067139,67.2630081177
2012-06-07,102.7863616943,31.4367866516,78.6465072632,154.5000000000,67.2550582886
2012-06-08,103.6036758423,31.3334522247,78.7048645020,154.7299957275,67.2550582886
2012-06-11,102.2881774902,31.0298652649,78.9163360596,155.3600006104,67.2550582886
2012-06-12,103.4635086060,31.5465984344,78.4934005737,156.4600067139,67.2231597900
2012-06-13,102.8019104004,31.2946910858,78.9090194702,157.1199951172,67.2152175903
2012-06-14,103.8916778564,31.5272159576,78.6975631714,157.7500000000,67.2231597900
2012-06-15,104.9541854858,31.9728984833,79.0621032715,157.8399963379,67.2470321655
2012-06-18,105.1576156616,31.8824768066,79.0402984619,157.9299926758,67.2311477661
2012-06-19,106.1747817993,32.4121246338,78.7704772949,157.1600036621,67.2231597900
2012-06-20,106.0026397705,32.5994377136,78.6100997925,155.9700012207,67.1992340088
2012-06-21,103.6240615845,31.7461376190,78.7777481079,152.0200042725,67.2072601318
2012-06-22,104.4221572876,32.0171318054,78.4350814819,152.6399993896,67.2152175903
2012-06-25,102.7477569580,31.3032855988,78.8653182983,153.7599945068,67.2152175903
2012-06-26,103.2641143799,31.5081844330,78.6902694702,152.6199951172,67.1992340088
2012-06-27,104.1952362061,31.8056201935,78.7996673584,152.8300018311,67.1992340088
2012-06-28,103.8978958130,31.8717155457,79.0548477173,151.0500030518,67.2072601318
2012-06-29,106.4877548218,33.0218009949,78.6902694702,155.1900024414,67.2072601318
2012-07-02,106.8085784912,33.2399177551,79.0553436279,155.0899963379,67.2279281616
2012-07-03,107.5126876831,33.5439529419,78.8581695557,157.4600067139,67.2120132446
2012-07-05,107.0276260376,32.9887428284,79.0699768066,155.6799926758,67.2358779907
2012-07-06,106.0104751587,32.6780891418,79.3474121094,153.7100067139,67.2598266602
2012-07-09,105.8774490356,32.6053962708,79.5664978027,154.0399932861,67.2598266602
2012-07-10,104.9541854858,32.3872718811,79.6029891968,152.1499938965,67.2598266602
2012-07-11,104.9698638916,32.4864120483,79.5299606323,152.9900054932,67.2677841187
2012-07-12,104.4612884521,32.1625518799,79.7125167847,152.5899963379,67.2837524414
2012-07-13,106.2139053345,32.6186141968,79.6467895508,154.1399993896,67.2996368408
2012-07-16,105.9634780884,32.6119995117,79.8220596313,154.2100067139,67.3235397339
2012-07-17,106.6911087036,32.7045364380,79.6176300049,153.4700012207,67.3156051636
2012-07-18,107.4813919067,32.9623069763,79.6979064941,153.0500030518,67.3315658569
2012-07-19,107.7630691528,33.2663574219,79.5811233521,153.3800048828,67.3474349976
2012-07-20,106.7772064209,32.4864120483,79.8950500488,153.6699981689,67.3554534912
2012-07-23,105.6974868774,31.8188438416,80.0264663696,153.0299987793,67.3634567261
2012-07-24,104.7898635864,31.4751415253,80.1797714233,153.5200042725,67.3474349976
2012-07-25,104.8133773804,31.6403789520,80.2236099243,155.6699981689,67.3554534912
2012-07-26,106.5425338745,32.6053962708,79.9753952026,156.7700042725,67.3554534912
2012-07-27,108.5063781738,33.2927970886,79.3985366821,157.5399932861,67.3076019287
2012-07-30,108.5063781738,33.2531356812,79.6540832520,157.4299926758,67.3395004272
2012-07-31,107.7474517822,33.0482368469,79.7928848267,156.4900054932,67.3554534912
2012-08-01,107.6535263062,33.0548400879,79.5017929077,155.1399993896,67.3442230225
2012-08-02,106.9102706909,32.5921745300,79.6919479370,154.1300048828,67.3522644043
2012-08-03,109.0306320190,33.7025985718,79.2751235962,155.5500030518,67.3283004761
2012-08-06,109.2418670654,33.9405403137,79.3262863159,156.3000030518,67.3363037109
2012-08-07,109.7895660400,34.2247543335,78.9094924927,156.2799987793,67.3044357300
2012-08-08,109.9225769043,34.2049255371,78.7997894287,156.4799957275,67.2805099487
2012-08-09,110.0165023804,34.2247543335,78.7413101196,156.9900054932,67.2805099487
2012-08-10,110.1964645386,34.2842369080,78.9679946899,157.1799926758,67.2964782715
2012-08-13,110.1416778564,34.1189994812,78.9168167114,155.9900054932,67.3044357300
2012-08-14,110.1573104858,34.1983146667,78.5292205811,155.1300048828,67.2884368896
2012-08-15,110.2824554443,34.0991630554,78.1343383789,155.6300048828,67.2645721436
2012-08-16,111.0961990356,34.5221939087,77.9442062378,156.5599975586,67.2565612793
2012-08-17,111.2448654175,34.5684471130,78.0392990112,156.7200012207,67.2645721436
2012-08-20,111.2527160645,34.5288047791,78.0831604004,157.2599945068,67.2645721436
2012-08-21,110.9162445068,34.7270965576,78.1489639282,158.8300018311,67.2645721436
2012-08-22,110.9632034302,34.6874237061,78.7559280396,160.5399932861,67.3044357300
2012-08-23,110.0556106567,34.4891395569,78.8948822021,161.8899993896,67.3123931885
2012-08-24,110.7206268311,34.4362602234,78.8583145142,161.9700012207,67.3123931885
2012-08-27,110.7440872192,34.4560928345,79.0629806519,161.3600006104,67.3044357300
2012-08-28,110.6345672607,34.4230461121,79.0922851562,161.6399993896,67.3123931885
2012-08-29,110.7206268311,34.3172836304,79.0411148071,160.5899963379,67.3123931885
2012-08-30,109.9225769043,33.8083572388,79.1873703003,160.5200042725,67.3203735352
2012-08-31,110.4468307495,34.1057777405,79.6992645264,164.2200012207,67.3602294922
2012-09-04,110.3450927734,33.9339256287,79.5169067383,164.4799957275,67.3554306030
2012-09-05,110.2512130737,33.8413963318,79.4876403809,164.3099975586,67.3554306030
2012-09-06,112.4888992310,34.6808166504,78.9457168579,164.8899993896,67.3235473633
2012-09-07,112.9271087646,35.2029724121,79.0482177734,168.4400024414,67.3394927979
2012-09-10,112.2855682373,34.9253730774,79.0848464966,167.2899932861,67.3235473633
2012-09-11,112.5985260010,35.3219604492,78.9383392334,167.8999938965,67.3394927979
2012-09-12,112.9739913940,35.5532951355,78.5503234863,167.9199981689,67.3315353394
2012-09-13,114.6953506470,36.0952835083,78.7772827148,171.3099975586,67.3554306030
2012-09-14,115.2039108276,36.4522018433,78.0377578735,171.8000030518,67.3235473633
2012-09-17,114.8126754761,36.2605285645,78.1988677979,170.3999938965,67.3235473633
2012-09-18,114.7187728882,36.1085052490,78.3965454102,171.7200012207,67.3315353394
2012-09-19,114.7814254761,36.2605285645,78.5796356201,171.7400054932,67.3315353394
2012-09-20,114.7892684937,36.0291862488,78.6234893799,171.4700012207,67.3155822754
2012-09-21,114.7412643433,36.0490112305,78.7919921875,171.9600067139,67.3235473633
2012-09-24,114.5681991577,35.9234199524,78.9677429199,171.0500030518,67.3315353394
2012-09-25,113.3489913940,35.6722679138,79.2606658936,170.7700042725,67.3155822754
2012-09-26,112.7118225098,35.3153457642,79.5901260376,169.8099975586,67.3315353394
2012-09-27,113.7737121582,35.7383651733,79.4216842651,172.3399963379,67.3394927979
2012-09-28,113.2467422485,35.0311355591,79.4216842651,171.8899993896,67.3713989258
2012-10-01,113.5456390381,35.3153457642,79.5691375732,172.2899932861,67.3729705811
2012-10-02,113.6636276245,35.4541435242,79.5177612305,172.1000061035,67.3570327759
2012-10-03,114.1277160645,35.3087387085,79.5984191895,172.4100036621,67.3570327759
2012-10-04,114.9457931519,35.7383651733,79.2831726074,173.6100006104,67.3570327759
2012-10-05,114.9536514282,35.7846298218,78.9239196777,172.6199951172,67.3250961304
2012-10-08,114.5603790283,35.5731124878,79.1804580688,172.0500030518,67.3331146240
2012-10-09,113.4276733398,35.0575637817,79.0192031860,170.9900054932,67.3331146240
2012-10-10,112.7039947510,34.9584274292,79.2098236084,170.8399963379,67.3250961304
2012-10-11,112.7669372559,35.1831550598,79.2831726074,171.3200073242,67.3171386719
2012-10-12,112.3971939087,35.1434898376,79.2904586792,170.0599975586,67.3410797119
2012-10-15,113.3332214355,35.4871940613,79.3124313354,168.3500061035,67.3250961304
2012-10-16,114.4816741943,36.0754699707,78.9384689331,169.4199981689,67.3250961304
2012-10-17,115.0008697510,36.4125442505,78.4398956299,169.5399932861,67.2852325439
2012-10-18,114.7019500732,36.2737426758,78.3006210327,168.7899932861,67.2931976318
2012-10-19,112.7905044556,35.7846298218,78.6304931641,166.9700012207,67.2931976318
2012-10-22,112.8062362671,36.0358009338,78.3666000366,167.5800018311,67.2692947388
2012-10-23,111.2409057617,35.2624664307,78.7405471802,165.4299926758,67.3012161255
2012-10-24,110.9262390137,35.2823028564,78.5719604492,164.8600006104,67.2931976318
2012-10-25,111.2487640381,35.4938049316,78.2859420776,166.0200042725,67.2692947388
2012-10-26,111.1858520508,35.4409332275,78.7844848633,165.9299926758,67.2852325439
2012-10-31,111.1858520508,35.4144821167,79.1071701050,166.8300018311,67.3250961304
2012-11-01,112.3500061035,35.8308944702,78.9493103027,166.0700073242,67.3092498779
2012-11-02,111.3510360718,35.4871940613,79.0154495239,162.6000061035,67.3012161255
2012-11-05,111.5791625977,35.4012756348,79.2062530518,163.2299957275,67.3012161255
2012-11-06,112.4522705078,35.7383651733,78.8465423584,166.3000030518,67.2772827148
2012-11-07,109.9037017822,35.2029724121,79.5073089600,166.4900054932,67.3331146240
2012-11-08,108.5821762085,34.8857192993,79.8597030640,167.9900054932,67.3331146240
2012-11-09,108.6765747070,34.8989334106,79.8670730591,167.8200073242,67.3331146240
2012-11-12,108.7631454468,34.8724975586,79.9184722900,167.4499969482,67.3331146240
2012-11-13,108.3855514526,34.7006492615,80.0139312744,167.1000061035,67.3410797119
2012-11-14,106.9224853516,34.3371162415,80.0359573364,167.1399993896,67.3570327759
2012-11-15,106.7415466309,34.4494819641,79.9991836548,166.0899963379,67.3570327759
2012-11-16,107.2685852051,34.4296455383,80.0505752563,165.8800048828,67.3570327759
2012-11-19,109.4395294189,35.1765441895,79.8890380859,167.8699951172,67.3490676880
2012-11-20,109.4867935181,35.2294158936,79.5587234497,167.3899993896,67.3331146240
2012-11-21,109.6913070679,35.2888984680,79.4412384033,167.5599975586,67.3250961304
2012-11-23,111.1858520508,36.0490112305,79.3971862793,169.6100006104,67.3250961304
2012-11-26,110.9498367310,35.9630889893,79.5293121338,169.4299926758,67.3171386719
2012-11-27,110.3835067749,35.7846298218,79.7128906250,168.7100067139,67.3250961304
2012-11-28,111.2723617554,36.0423965454,79.8156661987,166.5500030518,67.3331146240
2012-11-29,111.7914810181,36.3530540466,79.8964080811,167.1799926758,67.3331146240
2012-11-30,111.8151473999,36.3993263245,79.8817443848,166.0500030518,67.3410797119
2012-12-03,111.2644805908,36.4455986023,79.8501815796,166.1300048828,67.3490753174
2012-12-04,111.1071929932,36.5381240845,79.9898147583,164.4199981689,67.3490753174
2012-12-05,111.3038558960,36.5910034180,80.0559844971,164.1199951172,67.3649673462
2012-12-06,111.6814041138,36.6637153625,80.1000671387,164.5000000000,67.3649673462
2012-12-07,112.0196228027,36.6769371033,79.8721923828,165.1600036621,67.3649673462
2012-12-10,112.0667953491,36.7165985107,79.9456863403,165.8000030518,67.3649673462
2012-12-11,112.8298187256,36.9280967712,79.7913513184,165.6499938965,67.3649673462
2012-12-12,112.8849258423,37.0470657349,79.4531784058,165.7700042725,67.3570556641
2012-12-13,112.1927032471,36.9347114563,79.2987594604,164.3699951172,67.3570556641
2012-12-14,111.7757949829,37.0668945312,79.4752273560,164.1300048828,67.3729934692
2012-12-17,113.0894393921,37.2189216614,79.0561828613,164.4400024414,67.3570556641
2012-12-18,114.3479690552,37.6064834595,78.7474136353,162.0800018311,67.3171234131
2012-12-19,113.4984588623,37.7401237488,78.8577041626,161.6900024414,67.3331146240
2012-12-20,114.1513061523,37.9940376282,78.9091796875,159.7299957275,67.3251190186
2012-12-21,113.1151657104,37.7601661682,79.1223297119,160.3300018311,67.3331146240
2012-12-24,112.7665786743,37.6599311829,79.0414810181,160.6199951172,67.3331146240
2012-12-26,112.2912979126,37.6532554626,79.2042083740,160.7799987793,67.3339004517
2012-12-27,112.1407852173,37.8269996643,79.3661422729,161.1600036621,67.3578414917
2012-12-28,110.9287567139,37.4260673523,79.5501861572,160.5399932861,67.3578414917
2012-12-31,112.8141174316,37.9940376282,79.1305847168,162.0200042725,67.3578414917
2013-01-02,115.7055435181,38.5820579529,78.7698593140,163.1699981689,67.3418426514
2013-01-03,115.4441146851,38.2078590393,78.3649444580,161.1999969482,67.3418426514
2013-01-04,115.9510879517,38.4016532898,78.4017639160,160.4400024414,67.3498992920
2013-01-07,115.6342697144,38.2345962524,78.4459228516,159.4299926758,67.3498992920
2013-01-08,115.3015365601,38.0207748413,78.6373825073,160.5599975586,67.3578414917
2013-01-09,115.5946807861,38.2145462036,78.6814956665,160.4900054932,67.3817291260
2013-01-10,116.5135726929,38.7023277283,78.4532775879,161.9799957275,67.3738021851
2013-01-11,116.5056762695,38.7825126648,78.7035827637,161.0599975586,67.3658142090
2013-01-14,116.4264984131,38.8292922974,78.6741561890,161.5399932861,67.3658142090
2013-01-15,116.5056762695,38.7691650391,78.8655471802,162.5599975586,67.3738021851
2013-01-16,116.4897842407,38.5820579529,78.9686050415,162.6499938965,67.3738021851
2013-01-17,117.2423629761,38.8961029053,78.6079025269,163.3500061035,67.3658142090
2013-01-18,117.5038146973,38.8560256958,78.8287506104,163.0899963379,67.3658142090
2013-01-22,118.1375427246,38.8760719299,78.8949813843,163.6699981689,67.3817291260
2013-01-23,118.3276748657,38.8359756470,78.9317932129,163.2100067139,67.3817291260
2013-01-24,118.3593521118,39.0230712891,78.7993164062,161.4199981689,67.3817291260
2013-01-25,119.0247726440,39.4440422058,78.2765960693,160.6499938965,67.3498992920
2013-01-28,118.8822250366,39.2502670288,78.1146316528,160.2899932861,67.3259429932
2013-01-29,119.3496475220,39.5175437927,77.9968643188,160.9900054932,67.3339004517
2013-01-30,118.8822250366,39.5576362610,78.0410232544,162.1900024414,67.3578414917
2013-01-31,118.5891036987,39.4106254578,78.1072921753,161.1999969482,67.3658142090
2013-02-01,119.8090972900,39.7246780396,77.8419189453,161.4499969482,67.3586425781
2013-02-04,118.4623794556,39.0097084045,78.2915649414,162.0000000000,67.3745498657
2013-02-05,119.6585159302,39.1901283264,78.0114517212,161.9600067139,67.3745498657
2013-02-06,119.7456665039,39.1834411621,78.2473526001,162.3899993896,67.3905334473
2013-02-07,119.5872344971,38.8627014160,78.2842407227,161.8399963379,67.3905334473
2013-02-08,120.2526702881,39.1099472046,78.3431396484,161.5700073242,67.3984985352
2013-02-11,120.2288970947,39.0698432922,78.2621078491,159.6999969482,67.3745498657
2013-02-12,120.4269638062,39.2636184692,78.1810302734,159.8899993896,67.3586425781
2013-02-13,120.5299453735,39.3571777344,77.9082870483,159.0500030518,67.3506622314
2013-02-14,120.6408004761,39.1433563232,78.2399673462,158.3500061035,67.3586425781
2013-02-15,120.4982223511,39.0431251526,78.1662826538,155.7599945068,67.3665618896
2013-02-19,121.4013366699,39.5041732788,78.0409393311,155.3300018311,67.3586425781
2013-02-20,119.8882675171,39.1166191101,78.2105331421,151.4400024414,67.3586425781
2013-02-21,119.1594314575,38.5286026001,78.3652954102,152.6199951172,67.3825759888
2013-02-22,120.3239059448,39.0832099915,78.4611053467,152.9700012207,67.3825759888
2013-02-25,118.0345916748,38.1477241516,79.0655670166,154.3399963379,67.3984985352
2013-02-26,118.8425292969,38.4551010132,78.9181442261,156.2200012207,67.4144973755
2013-02-27,120.3398284912,38.9428901672,78.8813171387,154.5700073242,67.4144973755
2013-02-28,120.1022109985,38.9027976990,78.9918823242,153.0000000000,67.4065475464
2013-03-01,120.4982223511,38.8226013184,79.1889114380,152.4400024414,67.4208755493
2013-03-04,121.1398925781,38.9896583557,79.0043716431,152.3000030518,67.4128723145
2013-03-05,122.2252044678,39.3772125244,78.9232940674,152.3800048828,67.4049148560
2013-03-06,122.3915939331,39.4774551392,78.6722793579,153.2299957275,67.3969650269
2013-03-07,122.6133651733,39.5910530090,78.3697509766,152.6900024414,67.3809432983
2013-03-08,123.1362152100,39.6779174805,77.9712295532,152.7100067139,67.3889617920
2013-03-11,123.6035537720,39.7981872559,78.0080718994,152.9900054932,67.3809432983
2013-03-12,123.3263397217,39.5977249146,78.2221374512,154.1900024414,67.3969650269
2013-03-13,123.5005798340,39.5375823975,78.1556625366,153.6600036621,67.3809432983
2013-03-14,124.1581039429,39.9251480103,78.1778182983,153.6799926758,67.3809432983
2013-03-15,123.9942321777,40.0053291321,78.4508972168,154.0000000000,67.4049148560
2013-03-18,123.3098754883,39.5643196106,78.7092056274,155.3800048828,67.4208755493
2013-03-19,123.0234527588,39.4440422058,78.9527587891,156.0800018311,67.4128723145
2013-03-20,123.8827972412,39.6846008301,78.6501617432,155.3699951172,67.4049148560
2013-03-21,122.8245010376,39.3237609863,78.8567504883,156.2500000000,67.4128723145
2013-03-22,123.8112411499,39.6645507812,78.8863372803,155.5500030518,67.3969650269
2013-03-25,123.2939910889,39.1700820923,78.9453659058,155.2400054932,67.3969650269
2013-03-26,124.2806243896,39.4173088074,79.0265197754,154.7200012207,67.4049148560
2013-03-27,124.2806243896,39.2235412598,79.3660507202,155.3600006104,67.4208755493
2013-03-28,124.6626052856,39.4106254578,79.2184295654,154.4499969482,67.4288482666
2013-04-01,124.1692581177,38.8827514648,79.4290542603,154.6699981689,67.4352264404
2013-04-02,124.7819442749,39.2970428467,79.2738342285,152.4299926758,67.4352264404
2013-04-03,123.5167999268,39.1032600403,79.6063919067,150.7299957275,67.4272537231
2013-04-04,124.0180587769,39.4507293701,79.9242248535,150.2899932861,67.4511947632
2013-04-05,123.4610900879,39.2703094482,80.1754608154,152.8099975586,67.4511947632
2013-04-08,124.2965698242,39.4239883423,79.9167861938,152.1600036621,67.4352264404
2013-04-09,124.7262268066,39.5643196106,79.9463653564,153.3399963379,67.4352264404
2013-04-10,126.2539749146,40.1523399353,79.6137847900,150.7500000000,67.4352264404
2013-04-11,126.6677246094,40.4663925171,79.7024993896,151.0500030518,67.4352264404
2013-04-12,126.3574676514,40.3661575317,80.1458969116,143.9499969482,67.4432525635
2013-04-15,123.4292297363,39.5709991455,80.3232574463,131.3099975586,67.4511947632
2013-04-16,125.2514038086,40.1322860718,80.0941772461,132.8000030518,67.4511947632
2013-04-17,123.4213104248,39.2970428467,80.2419586182,132.8699951172,67.4511947632
2013-04-18,122.6494903564,39.1767501831,80.2862930298,134.3000030518,67.4511947632
2013-04-19,123.7157363892,39.4908103943,80.2419586182,135.4700012207,67.4511947632
2013-04-22,124.2647323608,39.6578712463,80.2862930298,137.8999938965,67.4591903687
2013-04-23,125.5458068848,40.2191581726,80.2345733643,136.8800048828,67.4511947632
2013-04-24,125.6253509521,40.5666236877,80.2714996338,138.3699951172,67.4591903687
2013-04-25,126.1346282959,40.7804450989,80.1828384399,141.6300048828,67.4511947632
2013-04-26,125.9118423462,40.8138542175,80.4710235596,140.9100036621,67.4671783447
2013-04-29,126.7552413940,41.3350601196,80.4414749146,142.3000030518,67.4832000732
2013-04-30,127.0576171875,41.3885078430,80.4267120361,142.7700042725,67.4751586914
2013-05-01,125.9437026978,41.1412811279,80.6893920898,141.1100006104,67.4887619019
2013-05-02,127.1133804321,41.2682418823,80.6893920898,141.9199981689,67.4808349609
2013-05-03,128.4024200439,41.7961158752,80.0012512207,142.0899963379,67.4568557739
2013-05-06,128.7285614014,41.7426643372,79.8976058960,142.1499938965,67.4568557739
2013-05-07,129.3811187744,41.8094787598,79.7866516113,140.3800048828,67.4568557739
2013-05-08,129.9699249268,42.2504997253,79.8828659058,142.4600067139,67.4647979736
2013-05-09,129.6039123535,41.8428878784,79.8680801392,140.8099975586,67.4568557739
2013-05-10,130.0256195068,41.8896675110,79.4167175293,139.6000061035,67.4487762451
2013-05-13,130.1290435791,41.8696174622,79.2761077881,138.4299926758,67.4328536987
2013-05-14,131.4737701416,41.9498100281,78.9580078125,137.8099975586,67.4328536987
2013-05-15,132.1819610596,42.1302108765,79.1651229858,134.6300048828,67.4408416748
2013-05-16,131.5613098145,41.8428878784,79.5424880981,134.0899963379,67.4568557739
2013-05-17,132.8344116211,42.1302108765,79.1133651733,131.0700073242,67.4408416748
2013-05-20,132.8264923096,42.3640861511,79.0541915894,135.1199951172,67.4487762451
2013-05-21,133.0174407959,42.4509582520,79.2613067627,132.8800048828,67.4487762451
2013-05-22,132.0307464600,42.0233078003,78.6324005127,131.9400024414,67.4248809814
2013-05-23,131.6488037109,41.4219169617,78.7137680054,134.6100006104,67.4408416748
2013-05-24,131.5373992920,41.0610923767,78.7434005737,133.7599945068,67.4248809814
2013-05-28,132.3251953125,41.1680030823,77.8184661865,133.4900054932,67.3769454956
2013-05-29,131.4658508301,40.7737617493,78.1366043091,134.8300018311,67.3769454956
2013-05-30,131.9512634277,40.9341392517,78.1440429688,136.6999969482,67.3929061890
2013-05-31,130.0574493408,40.1389617920,77.9293823242,133.9199981689,67.3849258423
2013-06-03,130.7735900879,40.2926673889,78.0421142578,136.5099945068,67.4065551758
2013-06-04,130.1449584961,40.4396629333,77.8420028687,135.2299957275,67.4065551758
2013-06-05,128.3227844238,39.5375823975,78.2199249268,135.5200042725,67.4144973755
2013-06-06,129.4844970703,39.7580986023,78.3162536621,136.5299987793,67.4065551758
2013-06-07,131.1316375732,40.2926673889,77.7086639404,133.2799987793,67.3984909058
2013-06-10,131.1316375732,40.3327445984,77.5159759521,133.9400024414,67.3745117188
2013-06-11,129.7789916992,39.8382835388,77.7086639404,133.2500000000,67.3665390015
2013-06-12,128.7047729492,39.7915000916,77.3604125977,134.2500000000,67.3585815430
2013-06-13,130.6622467041,40.3995742798,77.9457397461,133.7400054932,67.3905029297
2013-06-14,129.8426361084,39.9585647583,78.0494384766,134.4299926758,67.4384613037
2013-06-17,130.8452453613,40.5332107544,77.8642730713,133.7700042725,67.4384613037
2013-06-18,131.8796081543,40.8205451965,77.8197631836,132.1300048828,67.4384613037
2013-06-19,130.0574493408,40.0587921143,76.7528762817,130.5899963379,67.3585815430
2013-06-20,126.8348617554,38.5887374878,76.4046478271,123.5999984741,67.3506011963
2013-06-21,127.2419891357,38.7157020569,75.5970077515,125.0500030518,67.2946853638
2013-06-24,125.6342086792,38.1076278687,75.4118118286,123.9300003052,67.2626876831
2013-06-25,126.8420639038,38.5954132080,75.3228530884,123.4700012207,67.2547912598
2013-06-26,128.0979156494,38.7491226196,75.6266555786,118.2799987793,67.2866668701
2013-06-27,128.8498992920,39.1390686035,76.0341262817,115.9400024414,67.3266448975
2013-06-28,128.3218994141,39.0640830994,75.9451980591,119.1100006104,67.3186035156
2013-07-01,129.0738067627,39.4322166443,75.9741744995,121.1299972534,67.3481979370
2013-07-02,128.9538269043,39.2345123291,76.0038528442,120.0500030518,67.3561782837
2013-07-03,129.0098114014,39.2481498718,75.8554763794,120.7399978638,67.3481979370
2013-07-05,130.4016265869,39.4322166443,74.5793457031,118.0899963379,67.2762680054
2013-07-08,131.1455841064,39.6776504517,75.0170745850,119.5100021362,67.3242263794
2013-07-09,132.0894622803,39.8958129883,75.1431884766,120.6200027466,67.3162307739
2013-07-10,132.1375122070,40.0117034912,74.8760681152,120.9499969482,67.3162307739
2013-07-11,133.9372406006,41.0479507446,75.6254806519,124.2399978638,67.3721618652
2013-07-12,133.9933166504,40.7752685547,75.5660781860,124.1299972534,67.3321990967
2013-07-15,134.5052032471,41.0275077820,75.8034973145,124.1800003052,67.3641815186
2013-07-16,134.0012359619,41.0002326965,75.8406219482,124.8899993896,67.3721618652
2013-07-17,134.3452301025,41.1229515076,76.1744918823,123.3199996948,67.3961257935
2013-07-18,135.0811462402,41.3956413269,75.8183212280,124.0100021362,67.3881912231
2013-07-19,135.3211517334,41.3615608215,76.2338638306,125.1100006104,67.4201431274
2013-07-22,135.5850982666,41.5933609009,76.2264251709,128.8399963379,67.4201431274
2013-07-23,135.2971649170,41.6819839478,76.1374130249,129.7100067139,67.4121093750
2013-07-24,134.8011779785,41.6274452209,75.6254806519,127.4800033569,67.3801956177
2013-07-25,135.1291351318,41.7092590332,75.7367401123,128.6699981689,67.4201431274
2013-07-26,135.2731018066,41.4501838684,75.8034973145,128.7799987793,67.4281005859
2013-07-29,134.8571624756,41.0547790527,75.6477050781,128.4700012207,67.4201431274
2013-07-30,134.8571624756,41.0479507446,75.6254806519,128.1199951172,67.4281005859
2013-07-31,134.9531555176,41.1434020996,75.6774063110,127.9599990845,67.4281005859
2013-08-01,136.5129852295,41.7024345398,75.0094909668,126.6100006104,67.4025421143
2013-08-02,136.7449188232,42.0433120728,75.6484375000,126.3600006104,67.4504928589
2013-08-05,136.5449371338,41.9546890259,75.4106674194,125.6999969482,67.4425125122
2013-08-06,135.7690429688,41.8933296204,75.4329605103,123.9700012207,67.4344787598
2013-08-07,135.3291015625,41.7092590332,75.7078323364,124.1500015259,67.4504928589
2013-08-08,135.8250885010,42.0842170715,75.8193664551,126.8600006104,67.4504928589
2013-08-09,135.4331207275,42.1591987610,75.8713378906,126.8600006104,67.4344787598
2013-08-12,135.2731018066,42.0433120728,75.7227325439,129.1300048828,67.4344787598
2013-08-13,135.6730346680,42.3160057068,75.0392227173,127.7399978638,67.4025421143
2013-08-14,134.9771575928,42.3364639282,75.1061172485,129.0000000000,67.4025421143
2013-08-15,133.0894012451,41.9819641113,74.6900024414,131.6900024414,67.3785171509
2013-08-16,132.6494445801,42.0569419861,74.4002532959,132.5800018311,67.3865432739
2013-08-19,131.8014984131,41.7569847107,74.0807495117,132.0099945068,67.3705825806
2013-08-20,132.4494628906,41.7024345398,74.4819869995,132.4499969482,67.3865432739
2013-08-21,131.6335601807,41.2115745544,74.0138931274,132.0700073242,67.3465576172
2013-08-22,132.8334197998,41.6138076782,73.9841766357,132.8099975586,67.3226013184
2013-08-23,133.2813415527,41.9751358032,74.4002532959,134.8999938965,67.3226013184
2013-08-26,132.7853851318,41.6683540344,74.5488204956,135.4499969482,67.3465576172
2013-08-27,130.6496582031,40.9593391418,74.9723434448,136.7500000000,67.3785171509
2013-08-28,131.1136169434,40.9116058350,74.6677474976,136.7100067139,67.3385772705
2013-08-29,131.3215637207,40.8434295654,74.7420120239,135.8699951172,67.3545989990
2013-08-30,130.9056396484,40.3389434814,74.6008682251,134.6199951172,67.3625717163
2013-09-03,131.4975585938,41.1161308289,74.1774749756,136.4199981689,67.3369903564
2013-09-04,132.5853881836,41.4842720032,73.9319152832,134.6600036621,67.2730178833
2013-09-05,132.7533874512,41.4501838684,73.3664245605,132.1999969482,67.2090988159
2013-09-06,132.8173217773,41.6751708984,73.8128433228,134.1499938965,67.2730178833
2013-09-09,134.0892639160,42.2478408813,73.9617080688,133.9100036621,67.2890472412
2013-09-10,135.0811462402,42.7250480652,73.6194076538,131.7400054932,67.2649917603
2013-09-11,135.5051574707,42.8750343323,73.9914321899,131.6999969482,67.2970504761
2013-09-12,135.1451721191,42.6296119690,73.9989471436,127.6699981689,67.2970504761
2013-09-13,135.4491424561,42.8341331482,74.0956344604,127.8199996948,67.2970504761
2013-09-16,136.2330322266,43.1681823730,74.2593154907,126.4499969482,67.3450012207
2013-09-17,136.8409881592,43.1954536438,74.4081497192,126.5000000000,67.3689498901
2013-09-18,138.4247436523,44.3476219177,75.3308486938,132.0099945068,67.4569015503
2013-09-19,138.1927947998,44.1362762451,75.0703964233,131.7500000000,67.4328918457
2013-09-20,137.2265930176,43.8158493042,75.1447753906,127.9599990845,67.4408645630
2013-09-23,136.5916290283,43.8022155762,75.4275360107,127.5500030518,67.4569015503
2013-09-24,136.2701416016,43.7340393066,75.7028579712,127.6600036621,67.4648742676
2013-09-25,135.8762054443,43.7817649841,75.9111557007,128.7899932861,67.4888610840
2013-09-26,136.3987274170,43.9658355713,75.7475128174,127.7900009155,67.4569015503
2013-09-27,135.7717437744,43.8090324402,75.8516311646,128.9700012207,67.4968261719
2013-09-30,135.0483245850,43.4954261780,75.9781417847,128.1799926758,67.5128097534
2013-10-01,136.1174011230,43.7272338867,75.8089447021,124.5899963379,67.4952697754
2013-10-02,135.9887390137,43.7135925293,75.9356765747,127.0599975586,67.5032806396
2013-10-03,134.7347869873,43.4272613525,76.0400085449,127.1800003052,67.5032806396
2013-10-04,135.7556610107,43.5295219421,75.8313598633,126.5299987793,67.4792556763
2013-10-07,134.5821228027,43.0795593262,75.8984222412,127.6399993896,67.4792556763
2013-10-08,133.0146636963,42.7455101013,75.8611602783,127.4000015259,67.4232940674
2013-10-09,133.1111145020,42.9295806885,75.7270355225,126.1100006104,67.4472961426
2013-10-10,135.9807586670,43.6999588013,75.5630950928,124.2699966431,67.4472961426
2013-10-11,136.8568725586,43.9317550659,75.6748428345,122.5999984741,67.4472961426
2013-10-14,137.4034576416,44.0817413330,75.4214553833,122.8300018311,67.4232940674
2013-10-15,136.4066925049,43.8703918457,75.4363937378,123.7300033569,67.4472961426
2013-10-16,138.3117828369,44.1976242065,75.8015441895,123.5400009155,67.4712371826
2013-10-17,139.2361450195,44.7839317322,76.2337265015,127.4199981689,67.4952697754
2013-10-18,140.1765899658,45.0498161316,76.2411956787,126.8499984741,67.4952697754
2013-10-21,140.1846313477,45.1179809570,76.1890411377,126.9800033569,67.4952697754
2013-10-22,140.9965057373,45.5679435730,76.7181472778,129.3399963379,67.5512313843
2013-10-23,140.3212585449,45.1248130798,76.8522338867,128.6900024414,67.5272369385
2013-10-24,140.7874908447,45.4384155273,76.6958160400,129.8999938965,67.5191955566
2013-10-25,141.4305572510,45.3088684082,76.8299255371,130.4600067139,67.5352325439
2013-10-28,141.6556396484,45.2338867188,76.7553863525,130.5599975586,67.5512313843
2013-10-29,142.4111785889,45.3293228149,76.8597106934,129.7700042725,67.5512313843
2013-10-30,141.7038879395,45.1657066345,76.6584854126,129.6000061035,67.5512313843
2013-10-31,141.3019409180,44.9134674072,76.5690612793,127.7399978638,67.5591506958
2013-11-01,141.6396179199,44.6953048706,76.1444091797,126.9499969482,67.5344085693
2013-11-04,142.1379089355,44.9134674072,76.2936630249,126.8099975586,67.5504074097
2013-11-05,141.6877746582,44.5248718262,75.9503707886,126.5599975586,67.5504074097
2013-11-06,142.4111785889,44.9134674072,76.1817398071,127.1999969482,67.5663909912
2013-11-07,140.6106567383,44.2044487000,76.3832550049,126.1600036621,67.5823669434
2013-11-08,142.5076599121,44.4635124207,75.5249176025,124.2799987793,67.5344085693
2013-11-11,142.5317535400,44.5589447021,75.4876403809,123.8700027466,67.5504074097
2013-11-12,142.2424468994,44.4089698792,75.4204635620,122.4499969482,67.5344085693
2013-11-13,143.3838195801,44.5521354675,75.7339096069,122.8499984741,67.5344085693
2013-11-14,144.0991973877,44.7566604614,76.0995712280,124.2699966431,67.5743408203
2013-11-15,144.7261810303,45.1179809570,76.0399475098,124.3199996948,67.5743408203
2013-11-18,144.2198028564,45.1179809570,76.3086166382,122.9000015259,67.6063919067
2013-11-19,143.9062652588,45.0021018982,76.0250244141,122.9499969482,67.5823669434
2013-11-20,143.4562072754,44.6885032654,75.6070251465,120.1200027466,67.5904006958
2013-11-21,144.6136322021,44.9680061340,75.6742401123,119.9400024414,67.6223526001
2013-11-22,145.3370819092,45.0975303650,75.8906707764,119.9199981689,67.6063919067
2013-11-25,145.1924133301,44.9611816406,75.9503707886,120.4599990845,67.6063919067
2013-11-26,145.2325897217,44.9611816406,76.1145324707,119.8199996948,67.6143646240
2013-11-27,145.5862579346,45.0702667236,75.9429092407,119.4599990845,67.6143646240
2013-11-29,145.4897766113,45.1588935852,75.8981323242,120.6999969482,67.6223526001
2013-12-02,145.1120300293,44.8248329163,75.5720901489,117.5800018311,67.5815887451
2013-12-03,144.4850311279,44.5112342834,75.7067489624,117.9599990845,67.5975570679
2013-12-04,144.4689941406,44.2726287842,75.3628005981,119.9599990845,67.5815887451
2013-12-05,143.8339538574,44.0203742981,75.1759490967,118.3000030518,67.5895233154
2013-12-06,145.4415893555,44.5657653809,75.2432632446,118.5500030518,67.5655670166
2013-12-09,145.8112792969,44.5180511475,75.3329162598,119.7200012207,67.5655670166
2013-12-10,145.2888183594,44.4430656433,75.6469268799,121.8199996948,67.5895233154
2013-12-11,143.6571350098,44.0271949768,75.3553390503,120.8600006104,67.5655670166
2013-12-12,143.1828613281,43.7067718506,75.1385650635,118.2900009155,67.5415344238
2013-12-13,143.1667938232,43.6795043945,75.2507019043,119.3799972534,67.5576095581
2013-12-16,144.0590515137,43.9931144714,75.2133026123,119.6900024414,67.5576095581
2013-12-17,143.6008453369,43.8022155762,75.4526062012,118.6500015259,67.5735778809
2013-12-18,146.0524444580,44.4912490845,75.1684646606,117.6100006104,67.5735778809
2013-12-19,145.8836669922,44.4912490845,74.8544769287,114.8199996948,67.5336074829
2013-12-20,146.7322387695,44.7456741333,75.0862426758,115.9400024414,67.5096206665
2013-12-23,147.5161895752,45.2064094543,74.8470077515,115.5699996948,67.5015792847
2013-12-24,147.8394317627,45.2957992554,74.5554885864,116.0999984741,67.4775848389
2013-12-26,148.5910644531,45.5433540344,74.4910430908,116.7399978638,67.4703903198
2013-12-27,148.5830078125,45.7771492004,74.4461212158,117.1200027466,67.5023651123
2013-12-30,148.5587005615,45.9696998596,74.6483535767,115.3899993896,67.5183868408
2013-12-31,149.2618255615,46.1416168213,74.3113708496,116.1200027466,67.5023651123
2014-01-02,147.8313751221,45.3233070374,74.6034088135,118.0000000000,67.5344085693
2014-01-03,147.8072052002,45.3714447021,74.5584640503,119.2900009155,67.5104141235
2014-01-06,147.3788299561,45.3164253235,74.7681198120,119.5000000000,67.5183868408
2014-01-07,148.2839660645,45.5708618164,74.8879394531,118.8199996948,67.5183868408
2014-01-08,148.3162841797,45.5571136475,74.5209884644,118.1200027466,67.4543914795
2014-01-09,148.4132537842,45.5227127075,74.7157287598,118.4599990845,67.4703903198
2014-01-10,148.8172912598,45.9421920776,75.3446807861,120.2600021362,67.5344085693
2014-01-13,146.8373565674,45.5433540344,75.5618591309,121.0199966431,67.5504379272
2014-01-14,148.4375152588,45.9078025818,75.2773056030,119.8899993896,67.5344085693
2014-01-15,149.2375793457,46.1003456116,75.2099075317,119.6600036621,67.5104141235
2014-01-16,149.0436248779,46.0797271729,75.4195938110,119.7900009155,67.5263900757
2014-01-17,148.4132537842,45.9421920776,75.5992736816,120.9300003052,67.5263900757
2014-01-21,148.8496856689,46.1622390747,75.5169372559,119.6999969482,67.5183868408
2014-01-22,148.9467010498,46.1622390747,75.3072586060,119.1900024414,67.4863891602
2014-01-23,147.7263336182,45.8528022766,75.8164520264,121.7900009155,67.5504379272
2014-01-24,144.5744171143,44.5943870544,76.1234970093,122.2900009155,67.5743865967
2014-01-27,143.8632507324,44.3880996704,75.8913345337,120.9599990845,67.5663757324
2014-01-28,144.7199249268,44.7731857300,76.0036544800,120.9499969482,67.5663757324
2014-01-29,143.3298492432,44.2711868286,76.3630752563,122.4700012207,67.6143493652
2014-01-30,144.8492431641,44.4981193542,76.2882156372,119.7699966431,67.6063842773
2014-01-31,144.0006256104,43.7416954041,76.5877380371,120.0899963379,67.6384048462
2014-02-03,140.7598724365,42.8477478027,77.0039978027,121.3199996948,67.6568374634
2014-02-04,141.7458190918,43.3428611755,76.7715072632,120.9899978638,67.6648025513
2014-02-05,141.5680694580,43.4322509766,76.4939575195,121.2900009155,67.6328277588
2014-02-06,143.4348754883,44.2024230957,76.3514633179,121.2399978638,67.6407852173
2014-02-07,145.2129058838,44.7800559998,76.5539627075,122.1699981689,67.6568374634
2014-02-10,145.4795989990,44.6287765503,76.5914993286,122.9199981689,67.6407852173
2014-02-11,147.0716705322,45.3370590210,76.2539749146,124.3600006104,67.6247711182
2014-02-12,147.1444396973,45.4126930237,76.0739288330,124.4300003052,67.5927963257
2014-02-13,147.9040985107,45.5502357483,76.4339599609,125.4899978638,67.6328277588
2014-02-14,148.7203369141,45.7221488953,76.3814773560,127.1500015259,67.6328277588
2014-02-18,148.8981781006,46.1141090393,76.5690155029,127.4000015259,67.6568374634
2014-02-19,147.9121551514,45.8046684265,76.4189529419,126.2699966431,67.6328277588
2014-02-20,148.7850036621,45.9628295898,76.3364562988,127.5999984741,67.6407852173
2014-02-21,148.6153564453,46.0522232056,76.4339599609,127.5800018311,67.6488189697
2014-02-24,149.4396514893,46.4510650635,76.3589706421,128.9900054932,67.6488189697
2014-02-25,149.3830566406,46.3410339355,76.6214675903,129.2100067139,67.6407852173
2014-02-26,149.3910675049,46.1828804016,76.8464889526,128.1100006104,67.6727752686
2014-02-27,150.1751098633,46.3410339355,76.9365310669,128.1999969482,67.6648025513
2014-02-28,150.5549163818,46.4235572815,76.8614883423,127.6200027466,67.6648025513
2014-03-03,149.4962158203,45.4402198792,77.2416763306,130.2899932861,67.7032165527
2014-03-04,151.5974731445,46.3410339355,76.6481628418,128.6799926758,67.6472167969
2014-03-05,151.7348175049,46.2997817993,76.7307739258,128.8899993896,67.6712417603
2014-03-06,152.0823822021,46.7811317444,76.4002151489,130.1699981689,67.6311721802
2014-03-07,152.1470794678,46.5267066956,76.0696105957,129.0899963379,67.5832061768
2014-03-10,152.0662078857,46.2378845215,76.1522521973,129.1300048828,67.5911712646
2014-03-11,151.3145904541,45.9009323120,76.2273941040,129.8600006104,67.5911712646
2014-03-12,151.3550109863,45.7290153503,76.5279693604,131.7599945068,67.6152114868
2014-03-13,149.6578063965,44.8763313293,76.9786911011,132.2100067139,67.6551818848
2014-03-14,149.2375793457,44.7800559998,76.9861984253,133.1000061035,67.6391754150
2014-03-17,150.5872344971,45.3439445496,76.6781692505,131.6399993896,67.6152114868
2014-03-18,151.6621551514,45.6258773804,76.8660278320,130.6199951172,67.6311721802
2014-03-19,150.8539581299,45.0688667297,76.1522521973,128.0899963379,67.5191192627
2014-03-20,151.7348175049,44.8969688416,76.1673202515,127.8600006104,67.5271530151
2014-03-21,151.1463165283,44.8075675964,76.3100204468,128.4700012207,67.5351181030
2014-03-24,150.5213165283,44.9244651794,76.3400955200,126.1800003052,67.5031280518
2014-03-25,151.2356414795,45.4126930237,76.2950363159,126.4100036621,67.5111770630
2014-03-26,150.1479034424,45.4058265686,76.6180953979,125.4100036621,67.5591506958
2014-03-27,149.8313140869,45.6327552795,76.6932601929,124.5899963379,67.5511474609
2014-03-28,150.5700531006,45.9765739441,76.4227294922,124.5599975586,67.5511474609
2014-03-31,151.8038330078,46.2103729248,76.4302291870,123.6100006104,67.5911712646
2014-04-01,152.8104095459,46.5060806274,76.2722091675,123.3899993896,67.5519027710
2014-04-02,153.3218536377,46.5954666138,75.9409942627,124.3199996948,67.5279312134
2014-04-03,153.1188812256,46.4648132324,75.9936447144,123.9199981689,67.5439682007
2014-04-04,151.3086853027,46.3204040527,76.4603805542,125.5699996948,67.5999832153
2014-04-07,149.6364746094,46.1003456116,76.6410140991,124.9100036621,67.6079788208
2014-04-08,150.2533874512,46.0728569031,76.7464218140,126.0899963379,67.6159744263
2014-04-09,151.8688049316,46.6642227173,76.7237777710,126.3199996948,67.6479873657
2014-04-10,148.6786956787,45.8390579224,77.0474700928,127.0100021362,67.6880493164
2014-04-11,147.3392791748,45.5639877319,77.2055358887,126.9300003052,67.6800765991
2014-04-14,148.5000915527,45.8252983093,77.0850753784,127.8499984741,67.6720123291
2014-04-15,149.5228881836,45.6327552795,77.1754302979,125.4899978638,67.6720123291
2014-04-16,151.0895080566,46.1966323853,77.0550384521,125.5400009155,67.6479873657
2014-04-17,151.3005523682,46.4373092651,76.6184234619,124.7500000000,67.6320419312
2014-04-21,151.8281860352,46.4992027283,76.6033935547,124.2399978638,67.6320419312
2014-04-22,152.5181579590,46.6917381287,76.5732650757,123.7799987793,67.5999832153
2014-04-23,152.1609954834,46.5817146301,76.7690048218,123.7600021362,67.6320419312
2014-04-24,152.4694519043,46.5748367310,76.7464218140,124.5599975586,67.6159744263
2014-04-25,151.2193603516,46.3479080200,76.8517837524,125.4300003052,67.6240081787
2014-04-28,151.6983184814,46.4923133850,76.7388763428,124.8799972534,67.6240081787
2014-04-29,152.4044799805,46.7948913574,76.8065948486,124.8600006104,67.6159744263
2014-04-30,152.8591156006,46.9805641174,77.0098342896,124.2200012207,67.6640243530
2014-05-01,152.8753662109,47.1112098694,77.2315521240,123.8000030518,67.6648101807
2014-05-02,152.6562194824,47.0355720520,77.3446350098,125.0599975586,67.6567306519
2014-05-05,152.9483947754,47.0011901855,77.2994461060,126.2200012207,67.6648101807
2014-05-06,151.6171264648,46.9186668396,77.3899230957,125.9800033569,67.6408004761
2014-05-07,152.5100860596,46.9736671448,77.4502182007,124.1699981689,67.6648101807
2014-05-08,152.3477325439,46.9805641174,77.5332260132,124.1699981689,67.6808090210
2014-05-09,152.5750274658,46.9117927551,77.4729156494,124.0999984741,67.7048110962
2014-05-12,154.0605163574,47.2212257385,77.2692489624,124.9400024414,67.6888732910
2014-05-13,154.1984863281,47.2900009155,77.5708999634,124.5999984741,67.7128295898
2014-05-14,153.4679260254,47.2005920410,77.9253845215,125.8099975586,67.7368621826
2014-05-15,152.1204833984,46.9943008423,78.2043838501,124.7699966431,67.7449111938
2014-05-16,152.6480712891,47.0974578857,78.0384445190,124.5000000000,67.7528762817
2014-05-19,153.2082061768,47.0011901855,77.9404602051,124.5800018311,67.7689437866
2014-05-20,152.2422027588,46.7054901123,78.1666717529,124.6900024414,67.7768859863
2014-05-21,153.5247192383,47.0699386597,78.0460433960,124.3899993896,67.7768859863
2014-05-22,153.8981781006,47.1318321228,77.9630813599,124.6699981689,67.7608718872
2014-05-23,154.5150451660,47.2556152344,78.1214294434,124.5100021362,67.7449111938
2014-05-27,155.4648284912,47.5925636292,78.1440658569,121.8499984741,67.7608718872
2014-05-28,155.3511352539,47.4344100952,78.5739593506,121.1999969482,67.7768859863
2014-05-29,156.1547698975,47.7232170105,78.4759216309,120.9400024414,67.7689437866
2014-05-30,156.4064178467,47.7301101685,78.4155502319,120.4300003052,67.7849655151
2014-06-02,156.5850219727,47.8263740540,78.0567855835,119.6999969482,67.7392501831
2014-06-03,156.5038604736,47.7094764709,77.6639175415,120.0100021362,67.7232284546
2014-06-04,156.8203887939,47.6957168579,77.6035156250,119.7600021362,67.7472839355
2014-06-05,157.8432159424,48.0257759094,77.7168273926,120.6600036621,67.7552719116
2014-06-06,158.5981750488,48.2871017456,77.6563720703,120.6100006104,67.7392501831
2014-06-09,158.7604980469,48.2389602661,77.5430679321,120.6500015259,67.6912002563
2014-06-10,158.7767333984,48.1358146667,77.4070816040,121.3899993896,67.6751327515
2014-06-11,158.2247619629,47.8951301575,77.5128479004,121.4100036621,67.6992263794
2014-06-12,157.1045379639,47.9088745117,77.8150100708,122.6399993896,67.7232284546
2014-06-13,157.5834960938,47.9432754517,77.6639175415,122.9599990845,67.6832122803
2014-06-16,157.7133636475,47.9570350647,77.6639175415,122.4199981689,67.6671371460
2014-06-17,158.1516571045,47.9226379395,77.3391036987,122.2799987793,67.6111602783
2014-06-18,159.3124237061,48.3352355957,77.7470321655,122.6699981689,67.6671371460
2014-06-19,159.4910888672,48.5965347290,77.5505828857,126.9400024414,67.6591567993
2014-06-20,159.8148345947,48.5140304565,77.6412582397,126.5000000000,67.6591567993
2014-06-23,159.7659454346,48.3833580017,77.5883483887,126.8499984741,67.6591567993
2014-06-24,158.8034667969,48.0807991028,77.9056777954,126.9800033569,67.6832122803
2014-06-25,159.5212707520,48.0638999939,77.9812164307,126.9899978638,67.6912002563
2014-06-26,159.4070434570,48.0991134644,78.1851272583,126.7300033569,67.7072601318
2014-06-27,159.7169494629,48.1272964478,78.1851272583,126.6600036621,67.7232284546
2014-06-30,159.6354370117,48.1695823669,78.2455978394,128.0399932861,67.7312393188
2014-07-01,160.7038726807,48.5923118591,77.9898147583,127.6999969482,67.7032165527
2014-07-02,160.8669738770,48.6697959900,77.6718902588,127.6999969482,67.6791839600
2014-07-03,161.6582489014,48.7684364319,77.5129699707,127.1600036621,67.6712036133
2014-07-07,161.0953979492,48.3879890442,77.7021636963,127.0199966431,67.6551284790
2014-07-08,160.0595703125,47.8807067871,78.0578918457,127.0699996948,67.6712036133
2014-07-09,160.7772979736,48.0357131958,78.0730209351,127.8399963379,67.6791839600
2014-07-10,160.1411132812,47.5073051453,78.2395095825,128.5399932861,67.7112197876
2014-07-11,160.3612976074,47.5354881287,78.3681793213,128.7799987793,67.7272491455
2014-07-14,161.1688079834,47.8877716064,78.1941223145,125.7200012207,67.7192230225
2014-07-15,160.8669738770,47.7679939270,78.1260147095,124.5299987793,67.6872024536
2014-07-16,161.4624786377,48.0638999939,78.2395095825,124.9700012207,67.6791839600
2014-07-17,159.6272888184,47.4509391785,78.6935958862,127.0899963379,67.7352905273
2014-07-18,161.2585601807,47.8243484497,78.5346603394,126.1299972534,67.6791839600
2014-07-21,160.9567260742,47.6482124329,78.5574340820,126.3399963379,67.6872024536
2014-07-22,161.6582489014,47.8595695496,78.6557846069,125.7399978638,67.6872024536
2014-07-23,162.0171051025,47.9582099915,78.6481781006,125.6200027466,67.7112197876
2014-07-24,162.0251770020,48.0709457397,78.3303451538,124.3499984741,67.6872024536
2014-07-25,161.2667083740,47.8736648560,78.6330795288,125.7900009155,67.6951904297
2014-07-28,161.3318939209,47.8807067871,78.5422363281,125.5800018311,67.6631469727
2014-07-29,160.6386566162,47.7820777893,78.6481781006,125.1999969482,67.6791839600
2014-07-30,160.6631011963,47.7116279602,78.0957641602,124.8300018311,67.6471939087
2014-07-31,157.4902954102,46.9154891968,78.0730209351,123.3899993896,67.6791839600
2014-08-01,157.0090942383,46.5914001465,78.5325393677,124.3799972534,67.7649230957
2014-08-04,158.1428070068,46.8098144531,78.5780487061,123.9899978638,67.7649230957
2014-08-05,156.6093902588,46.2109413147,78.6159210205,123.8700027466,67.7649230957
2014-08-06,156.6583709717,46.0982170105,78.6841583252,125.6699981689,67.7809600830
2014-08-07,155.8101196289,45.7248115540,79.0406188965,126.1800003052,67.8129806519
2014-08-08,157.6126251221,45.9925460815,78.9723434448,126.1900024414,67.7729644775
2014-08-11,158.0694427490,46.1686668396,78.9344024658,125.9599990845,67.7729644775
2014-08-12,157.8491821289,46.1334495544,78.8206329346,125.9899978638,67.7729644775
2014-08-13,158.9176483154,46.3941230774,79.0784835815,126.1999969482,67.8050308228
2014-08-14,159.6680755615,46.6407012939,79.2376785278,126.3099975586,67.8210449219
2014-08-15,159.6354370117,46.5914001465,79.5561904907,125.4800033569,67.8210449219
2014-08-18,160.9730072021,46.8943367004,79.3059844971,124.9599990845,67.8210449219
2014-08-19,161.8131713867,47.0070724487,79.2225646973,124.6800003052,67.8210449219
2014-08-20,162.2454681396,46.8591194153,78.9875106812,124.2200012207,67.7569274902
2014-08-21,162.7185516357,47.0563888550,79.1543045044,122.8799972534,67.7569274902
2014-08-22,162.4656677246,46.8309402466,79.1618804932,123.1900024414,67.7408828735
2014-08-25,163.2894744873,47.1338920593,79.2225646973,122.7399978638,67.7168426514
2014-08-26,163.3954772949,47.1409530640,79.2074203491,123.3499984741,67.7408828735
2014-08-27,163.3302154541,47.2325363159,79.4273071289,123.3199996948,67.7569274902
2014-08-28,163.2405242920,47.0211639404,79.5334472656,124.0000000000,67.7729644775
2014-08-29,163.7054138184,47.0000305176,79.5410232544,123.8600006104,67.8050308228
2014-09-02,163.6238250732,47.0916175842,79.0328445435,121.6500015259,67.7473068237
2014-09-03,163.5341339111,47.4227523804,79.1468582153,122.1500015259,67.7633590698
2014-09-04,163.2976379395,47.1973037720,78.8657760620,121.4800033569,67.7553176880
2014-09-05,164.0316467285,47.2043571472,78.8885421753,122.0599975586,67.7793426514
2014-09-08,163.6075134277,46.7041206360,78.8050308228,120.7300033569,67.7392730713
2014-09-09,162.5717010498,46.5702667236,78.6227188110,120.8700027466,67.6991958618
2014-09-10,163.1833648682,46.8379936218,78.4252548218,120.2600021362,67.7071762085
2014-09-11,163.3710327148,46.5773086548,78.3265151978,119.4700012207,67.7152099609
2014-09-12,162.4167175293,46.5138931274,78.0302505493,118.3799972534,67.6991958618
2014-09-15,162.2943420410,46.4152641296,78.1745605469,118.6399993896,67.7312393188
2014-09-16,163.5178222656,46.6125411987,78.1517715454,118.8300018311,67.7713546753
2014-09-17,163.7380218506,46.2813949585,77.9542236328,117.5400009155,67.6991958618
2014-09-18,164.6107635498,46.6407012939,77.9010772705,117.7799987793,67.7071762085
2014-09-19,164.4624938965,46.4786796570,78.1973571777,117.0899963379,67.6991958618
2014-09-22,163.1923065186,46.2743453979,78.3644485474,116.8499984741,67.7473068237
2014-09-23,162.2581024170,45.8868522644,78.5316009521,117.5999984741,67.7633590698
2014-09-24,163.5283050537,46.1193466187,78.3112716675,117.0500030518,67.7392730713
2014-09-25,160.8896484375,45.4430007935,78.6910324097,117.3899993896,67.7874069214
2014-09-26,162.1679687500,45.6332206726,78.5239486694,117.0599975586,67.7553176880
2014-09-29,161.8729705811,45.2104988098,78.7745666504,117.0299987793,67.7713546753
2014-09-30,161.4468536377,45.1752662659,78.7062606812,116.2099990845,67.7553176880
2014-10-01,159.2589721680,44.6398200989,79.3675613403,116.7699966431,67.8274383545
2014-10-02,159.2835693359,44.1607208252,79.1315841675,116.7399978638,67.8194732666
2014-10-03,161.0371704102,44.1607208252,79.1087722778,114.6100006104,67.7553024292
2014-10-06,160.8487243652,44.4425392151,79.2381439209,116.0299987793,67.8194732666
2014-10-07,158.3657684326,43.6886749268,79.7023315430,116.3600006104,67.8596038818
2014-10-08,161.1354675293,44.3791313171,79.9838943481,117.4700012207,67.9317398071
2014-10-09,157.9397277832,43.1884536743,79.8469467163,117.6399993896,67.9317398071
2014-10-10,156.1369018555,42.5402755737,80.1589050293,117.5899963379,67.9638519287
2014-10-13,153.5720977783,42.4839134216,80.5774841309,118.5199966431,67.9879150391
2014-10-14,153.8096618652,42.5896072388,80.7372360229,118.5899963379,68.0279769897
2014-10-15,152.7689514160,42.3359642029,81.1938247681,118.9899978638,68.1162109375
2014-10-16,152.6379089355,41.9414176941,80.9731216431,119.2200012207,68.0760879517
2014-10-17,154.4406433105,42.7234535217,80.7372360229,118.9899978638,68.0360183716
2014-10-20,155.9402923584,42.9911842346,80.8513946533,119.8000030518,68.0760879517
2014-10-21,159.0295562744,43.5055046082,80.6307220459,120.0199966431,68.0601196289
2014-10-22,157.8987121582,43.1884536743,80.6078491211,119.3399963379,68.0439910889
2014-10-23,159.7342529297,43.6041450500,80.2730712891,118.5199966431,68.0119400024
2014-10-24,160.9634094238,43.8436813354,80.3415451050,118.3499984741,68.0279769897
2014-10-27,160.7421417236,43.5970840454,80.4252700806,118.0599975586,68.0279769897
2014-10-28,162.5859222412,44.2593688965,80.2273941040,118.0999984741,68.0119400024
2014-10-29,162.3401184082,43.9211807251,79.9610977173,116.4100036621,67.9237670898
2014-10-30,163.3807830811,44.2382316589,80.0447921753,115.1900024414,67.9478225708
2014-10-31,165.2491149902,45.0554885864,79.9153823853,112.6600036621,67.9317398071
2014-11-03,165.3392944336,44.6679916382,79.8857116699,112.1500015259,67.9229278564
2014-11-04,164.7656250000,44.4143638611,79.8780746460,112.2200012207,67.9149093628
2014-11-05,165.8063812256,44.4989051819,79.9008941650,109.7900009155,67.8988952637
2014-11-06,166.4700775146,44.2593688965,79.6570205688,109.8799972534,67.8827972412
2014-11-07,166.6257781982,44.2804870605,80.1676940918,112.9700012207,67.9308776855
2014-11-10,167.1502380371,44.4777717590,79.8399505615,110.4599990845,67.8827972412
2014-11-11,167.3141326904,44.7454986572,79.8475646973,112.0400009155,67.8747863770
2014-11-12,167.1338806152,44.3650474548,79.8170700073,111.5000000000,67.8988952637
2014-11-13,167.3222961426,44.5764083862,79.9466476440,111.6699981689,67.9149093628
2014-11-14,167.3632507324,44.6398200989,80.1143569946,114.4700012207,67.9470443726
2014-11-17,167.4698028564,44.4636840820,80.0229263306,114.0500030518,67.9389190674
2014-11-18,168.4367370605,44.9498138428,80.1143569946,115.0500030518,67.9308776855
2014-11-19,168.1663665771,44.8159484863,79.9008941650,113.6800003052,67.9229278564
2014-11-20,168.4613189697,44.5482215881,80.0457687378,114.8600006104,67.9389190674
2014-11-21,169.3627319336,44.9357223511,80.2058410645,115.3899993896,67.9550094604
2014-11-24,169.8379669189,45.1964111328,80.2973098755,115.1100006104,67.9630432129
2014-11-25,169.7151031494,45.2738990784,80.4955139160,115.3799972534,67.9710769653
2014-11-26,170.1493682861,45.4500503540,80.6326980591,115.1600036621,67.9790878296
2014-11-28,169.7888488770,45.0836753845,80.9452209473,112.1100006104,68.0031661987
2014-12-01,168.6088409424,45.0414047241,80.7467041016,116.5800018311,68.0023727417
2014-12-02,169.6987152100,45.1682281494,80.3878936768,115.1399993896,67.9622268677
2014-12-03,170.3542175293,45.1118583679,80.4183502197,116.3300018311,67.9300918579
2014-12-04,170.1658325195,44.9639129639,80.7009277344,115.8799972534,67.9702453613
2014-12-05,170.4443969727,45.0625419617,80.2503967285,114.4300003052,67.8418502808
2014-12-08,169.3053283691,44.6679916382,80.5176391602,115.7799987793,67.8338546753
2014-12-09,169.1906738281,44.4284515381,80.8154449463,118.1900024414,67.8578414917
2014-12-10,166.4782562256,43.8648185730,81.1819305420,117.9599990845,67.9141082764
2014-12-11,167.3222961426,43.8084602356,81.0445098877,117.6900024414,67.8819427490
2014-12-12,164.6181182861,42.9630012512,81.7088088989,117.4100036621,67.9461898804
2014-12-15,163.4873352051,42.2514152527,81.4109954834,114.3899993896,67.8980255127
2014-12-16,162.1761779785,42.5543594360,81.8233261108,114.9499969482,67.9381637573
2014-12-17,165.3556365967,43.0630378723,81.2582778931,114.2699966431,67.8739242554
2014-12-18,169.4446563721,43.8313941956,80.8001632690,115.1500015259,67.8338546753
2014-12-19,170.1656951904,43.8954200745,81.0979385376,114.7699966431,67.7856674194
2014-12-22,170.9484252930,44.1088447571,81.0979385376,112.5500030518,67.8016891479
2014-12-23,171.1791229248,43.9665603638,80.4260406494,112.7399978638,67.7294769287
2014-12-24,171.1955566406,44.1657638550,80.4841232300,112.7699966431,67.7640228271
2014-12-26,171.7476806641,44.2795982361,80.5911865234,114.8300018311,67.7399139404
2014-12-29,171.9783477783,43.9594459534,80.8664703369,113.6699981689,67.8041458130
2014-12-30,171.0554962158,43.5539283752,80.9582366943,115.1999969482,67.8282318115
2014-12-31,169.3581390381,43.2835922241,81.0499954224,113.5800018311,67.8041458130
2015-01-02,169.2675018311,43.0986137390,81.4629821777,114.0800018311,67.8764114380
2015-01-05,166.2106018066,42.0812797546,81.9600219727,115.8000030518,67.8764114380
2015-01-06,164.6451263428,41.6046104431,82.5105590820,117.1200027466,67.9084854126
2015-01-07,166.6967468262,42.0670356750,82.4952774048,116.4300003052,67.9406738281
2015-01-08,169.6548004150,42.6361808777,82.1587677002,115.9400024414,67.9325942993
2015-01-09,168.2952728271,42.4298667908,82.5641326904,117.2600021362,67.9888305664
2015-01-12,166.9768524170,42.3302764893,82.8546676636,118.5599975586,68.0289840698
2015-01-13,166.5072326660,42.5436973572,82.9311904907,118.1600036621,68.0690765381
2015-01-14,165.5019836426,42.4227523804,83.3134765625,117.9700012207,68.1092758179
2015-01-15,163.9859161377,42.6931037903,84.0246429443,120.9400024414,68.2136611938
2015-01-16,166.1364593506,43.2480201721,83.4052124023,122.5199966431,68.1494064331
2015-01-20,166.4907684326,43.3974151611,83.5963973999,124.1999969482,68.1172485352
2015-01-21,167.3311767578,43.7389106750,83.1988296509,124.2300033569,68.1172485352
2015-01-22,169.8195648193,43.9025382996,82.9923324585,125.2300033569,68.0931777954
2015-01-23,168.8884887695,43.6535377502,83.5352706909,124.2300033569,68.1252975464
2015-01-26,169.2840118408,44.2511444092,83.3440933228,122.9899978638,68.0851516724
2015-01-27,167.0511016846,44.3151741028,83.4587860107,124.4000015259,68.1252975464
2015-01-28,164.9087219238,43.6535377502,84.1011123657,123.4199981689,68.1734771729
2015-01-29,166.4331207275,44.2511444092,83.8029785156,120.7600021362,68.1494064331
2015-01-30,164.3402099609,43.5539283752,84.5369949341,123.4499969482,68.2296981812
2015-02-02,166.3753814697,44.0803909302,84.4312667847,122.4199981689,68.2079925537
2015-02-03,168.7814025879,44.7847213745,83.7189788818,121.0500030518,68.1517562866
2015-02-04,168.1386413574,44.4147720337,83.8568649292,121.5800018311,68.1597976685
2015-02-05,169.8360900879,45.0265998840,83.5504684448,121.7900009155,68.1357192993
2015-02-06,169.3664550781,44.4645690918,82.6159744263,118.6399993896,67.9750900269
2015-02-09,168.6083679199,44.2511444092,82.5777053833,119.1699981689,67.9670486450
2015-02-10,170.4046325684,44.6566619873,82.3709106445,118.4700012207,67.9509506226
2015-02-11,170.5034942627,44.4147720337,82.3402481079,117.0699996948,67.9589920044
2015-02-12,172.1432342529,45.1048583984,82.3709106445,117.3399963379,67.9830703735
2015-02-13,172.8517456055,45.4036598206,82.0951843262,117.9800033569,67.9830703735
2015-02-17,173.1236877441,45.5103797913,81.5130081177,116.0100021362,67.9509506226
2015-02-18,173.1401214600,45.7807197571,81.9036788940,116.3399963379,68.0313262939
2015-02-19,173.0165405273,45.8376312256,81.6968460083,115.9400024414,67.9911422729
2015-02-20,174.0547790527,46.2644844055,81.6508483887,115.2799987793,67.9830703735
2015-02-23,174.0300292969,46.1008682251,82.0262222290,115.4300003052,68.0151748657
2015-02-24,174.5244293213,46.3854331970,82.5699920654,115.2600021362,68.0714721680
2015-02-25,174.3760986328,46.4210090637,82.6466064453,115.6999969482,68.0714721680
2015-02-26,174.1701202393,46.2929611206,82.1564483643,116.0699996948,68.0071640015
2015-02-27,173.5768890381,46.3142929077,82.4474868774,116.1600036621,68.0313262939
2015-03-02,174.6727447510,46.3854331970,81.8337478638,115.6800003052,67.9758300781
2015-03-03,173.9558563232,46.1008682251,81.6572952271,115.4700012207,67.9597854614
2015-03-04,173.2225036621,45.9158973694,81.7186737061,115.1100006104,67.9758300781
2015-03-05,173.4120941162,46.0226135254,81.7647018433,115.0000000000,67.9999771118
2015-03-06,170.9731750488,45.3965454102,80.9285202026,111.8600006104,67.9276580811
2015-03-09,171.6816864014,45.4676856995,81.3043975830,111.9700012207,67.9597854614
2015-03-10,168.8967742920,44.4787940979,81.6496429443,111.4199981689,67.9758300781
2015-03-11,168.5012512207,44.5926284790,81.7953414917,110.7500000000,67.9758300781
2015-03-12,170.6435546875,45.1475486755,81.8721160889,110.7200012207,67.9918975830
2015-03-13,169.5970916748,44.8843116760,81.7493515015,110.8799972534,67.9999771118
2015-03-16,171.8630371094,45.3894309998,82.0332031250,110.8099975586,68.0080032349
2015-03-17,171.3521728516,45.2756080627,82.2019882202,110.2099990845,67.9918975830
2015-03-18,173.4120941162,46.2431526184,83.1455612183,112.3700027466,68.1525802612
2015-03-19,172.6210937500,45.7024574280,82.7543640137,112.2900009155,68.0642166138
2015-03-20,174.1448059082,46.7126922607,83.0919189453,113.5699996948,68.1124649048
2015-03-23,173.8054656982,46.9474639893,83.1993026733,114.2900009155,68.1365737915
2015-03-24,172.8287963867,46.8478698730,83.4524993896,114.5699996948,68.1606674194
2015-03-25,170.2962036133,46.6273193359,83.0919189453,114.7300033569,68.1445617676
2015-03-26,169.8907165527,46.2218017578,82.6239166260,115.4800033569,68.1124649048
2015-03-27,170.2796478271,46.3427505493,82.9461898804,115.0599975586,68.1525802612
2015-03-30,172.3569946289,46.3712081909,82.9384918213,113.7500000000,68.1445617676
2015-03-31,170.8507690430,45.6526603699,83.1532897949,113.6600036621,68.2008514404
2015-04-01,170.2465667725,45.9799156189,83.5490341187,115.5999984741,68.2305755615
2015-04-02,170.8590240479,46.3783226013,83.3108062744,115.2799987793,68.2225341797
2015-04-06,172.0094757080,46.8478698730,83.4183883667,116.6900024414,68.2787933350
2015-04-07,171.5542449951,46.7838401794,83.4875259399,116.1100006104,68.2305755615
2015-04-08,172.1335906982,46.9830360413,83.4106826782,115.4700012207,68.2305755615
2015-04-09,172.8950042725,47.0470657349,83.0726318359,114.6699981689,68.2064590454
2015-04-10,173.8385314941,47.1395530701,83.0495605469,115.9700012207,68.1903991699
2015-04-13,173.0522613525,46.8407402039,83.2185516357,115.1399993896,68.2305755615
2015-04-14,173.3833618164,47.1893577576,83.4644927979,114.4400024414,68.2627334595
2015-04-15,174.1612701416,47.4027900696,83.5105590820,115.4300003052,68.2627334595
2015-04-16,174.1116943359,47.5308418274,83.5720596313,115.0299987793,68.2948608398
2015-04-17,172.1087646484,46.9332427979,83.7411270142,115.5999984741,68.2627334595
2015-04-20,173.6812591553,46.9830360413,83.5874176025,114.7200012207,68.2546997070
2015-04-21,173.4743194580,47.4027900696,83.4106826782,115.3799972534,68.2627334595
2015-04-22,174.3268432617,47.4952812195,82.9265975952,113.8300018311,68.2064590454
2015-04-23,174.7655334473,47.6731300354,83.1801681519,114.6600036621,68.2386169434
2015-04-24,175.1710662842,47.9505844116,83.4721755981,113.0500030518,68.2627334595
2015-04-27,174.4427032471,48.1853523254,83.3415603638,115.3300018311,68.2546997070
2015-04-28,174.9972076416,48.2422790527,82.9573211670,116.3300018311,68.2225341797
2015-04-29,174.2772064209,47.8225288391,82.6499404907,115.5100021362,68.2305755615
2015-04-30,172.5308074951,47.3174209595,82.6269226074,113.4700012207,68.2225341797
2015-05-01,174.4013366699,47.8438720703,82.1751632690,113.0800018311,68.1943969727
2015-05-04,174.8979339600,47.7940826416,82.0058517456,114.0999984741,68.1943969727
2015-05-05,172.8950042725,47.0826454163,81.8673324585,114.4199981689,68.1783065796
2015-05-06,172.1831817627,47.2035827637,81.4671630859,114.3600006104,68.1541748047
2015-05-07,172.8701629639,47.0470657349,81.8134918213,113.4199981689,68.1300735474
2015-05-08,175.1462402344,48.1355514526,82.1290130615,113.9700012207,68.2265396118
2015-05-11,174.3102416992,47.7158164978,81.3209075928,113.5299987793,68.1622467041
2015-05-12,173.7888793945,47.6873588562,81.3825149536,114.5000000000,68.1702804565
2015-05-13,173.8219604492,48.0430793762,81.2747650146,116.5500030518,68.2024307251
2015-05-14,175.6345214844,48.6193313599,81.5517959595,117.1800003052,68.2667694092
2015-05-15,175.8249206543,48.6762504578,82.1367340088,117.5299987793,68.2667694092
2015-05-18,176.3711242676,48.5126228333,81.5826339722,117.5199966431,68.2265396118
2015-05-19,176.3132171631,48.3276481628,81.2209091187,115.8899993896,68.1863555908
2015-05-20,176.1890411377,48.4201354980,81.3979339600,116.0800018311,68.2104644775
2015-05-21,176.7022094727,48.6762504578,81.8826751709,115.6900024414,68.2346115112
2015-05-22,176.2801361084,48.3632316589,81.6980285645,115.5999984741,68.1863555908
2015-05-26,174.3847656250,47.4952812195,82.2059555054,113.9100036621,68.1943969727
2015-05-27,176.0400238037,47.9577064514,82.1597671509,113.8899993896,68.2024307251
2015-05-28,175.8414764404,47.8723297119,82.2366943359,114.0199966431,68.2346115112
2015-05-29,174.7489929199,47.4099006653,82.2829208374,114.0999984741,68.2506790161
2015-06-01,175.1048278809,47.2818374634,81.9199066162,114.0000000000,68.2080535889
2015-06-02,174.9310607910,47.5023841858,81.3494491577,114.4599990845,68.2000122070
2015-06-03,175.3944702148,47.7656097412,80.6557693481,113.6399993896,68.1758651733
2015-06-04,173.9129791260,47.2533836365,81.0488739014,112.8399963379,68.1839294434
2015-06-05,173.6150817871,46.6913566589,80.4630508423,112.2399978638,68.1194915771
2015-06-08,172.5474395752,46.6273193359,80.5786972046,112.5699996948,68.1597747803
2015-06-09,172.5225982666,46.3712081909,80.3166427612,112.8199996948,68.1276092529
2015-06-10,174.5916900635,47.3458747864,80.0083160400,113.7799987793,68.1115112305
2015-06-11,175.1544799805,47.4739303589,80.6403732300,113.2600021362,68.1276092529
2015-06-12,173.8137054443,47.0968627930,80.5941085815,113.2300033569,68.1115112305
2015-06-15,173.0688476562,46.8122978210,80.7868194580,113.7300033569,68.1436843872
2015-06-16,174.0122680664,46.7980651855,81.0951766968,113.3199996948,68.1678085327
2015-06-17,174.2937927246,46.6913566589,81.1414184570,113.8499984741,68.2160949707
2015-06-18,176.1062927246,47.1111030579,81.0796661377,115.3199996948,68.2321701050
2015-06-19,175.3245086670,46.9972686768,81.5113601685,115.1200027466,68.2483139038
2015-06-22,176.2227172852,47.8865585327,80.8253479004,113.6399993896,68.2000122070
2015-06-23,176.3474426270,48.0146217346,80.5786972046,112.8899993896,68.1839294434
2015-06-24,175.0666961670,47.6019821167,80.8176651001,112.5899963379,68.2160949707
2015-06-25,174.5343933105,47.5810089111,80.6172180176,112.4400024414,68.2000122070
2015-06-26,174.5011444092,47.5593070984,80.2318267822,112.5599975586,68.1597747803
2015-06-29,170.8418426514,46.0979423523,81.1645202637,113.0699996948,68.2724075317
2015-06-30,171.1994934082,45.9315567017,80.9409408569,112.3700027466,68.2724075317
2015-07-01,172.5716857910,46.2281723022,80.5179519653,111.9800033569,68.2144470215
2015-07-02,172.4136810303,46.2860412598,80.8035507202,111.7600021362,68.3190612793
2015-07-06,171.9229736328,45.3527946472,81.3748092651,112.0599975586,68.3352050781
2015-07-07,173.0041656494,45.3672523499,81.5909576416,110.7600021362,68.3271484375
2015-07-08,170.1016540527,44.3110351562,81.9152145386,111.0899963379,68.3996124268
2015-07-09,170.4093170166,45.0417251587,81.3439788818,111.3600006104,68.3513259888
2015-07-10,172.5549926758,46.5175437927,80.7803649902,111.4899978638,68.2868881226
2015-07-13,174.4596252441,46.6911735535,80.5642318726,110.9899978638,68.2547073364
2015-07-14,175.2164001465,47.0818367004,80.8189849854,110.7399978638,68.2868881226
2015-07-15,175.1581268311,46.9081993103,81.1277542114,110.1600036621,68.3110275269
2015-07-16,176.5637054443,47.3133316040,81.0969009399,109.7600021362,68.2788696289
2015-07-17,176.7134704590,47.2337455750,81.1045989990,108.6500015259,68.2627105713
2015-07-20,176.8048858643,47.3567314148,80.9425125122,105.6999969482,68.2225265503
2015-07-21,176.1063079834,47.2192840576,81.1663665771,105.3700027466,68.2305679321
2015-07-22,175.7902374268,46.8575668335,81.2667770386,104.8000030518,68.2225265503
2015-07-23,174.8005523682,46.7345733643,81.5986785889,104.3300018311,68.2305679321
2015-07-24,172.9875183105,46.2209320068,81.6759567261,105.3499984741,68.2466506958
2015-07-27,171.9812011719,45.8809013367,81.9460678101,104.8600006104,68.2949523926
2015-07-28,174.0936431885,46.4596710205,81.7145004272,105.0199966431,68.2788696289
2015-07-29,175.2912597656,46.6260528564,81.5986785889,105.1699981689,68.2627105713
2015-07-30,175.3328552246,46.5898857117,81.6913604736,104.2699966431,68.2305679321
2015-07-31,175.0666961670,46.8647956848,82.1699600220,104.9300003052,68.3029785156
2015-08-03,174.4762420654,46.7418098450,82.4205169678,104.0999984741,68.3255386353
2015-08-04,174.1352081299,46.7779884338,81.9952621460,104.3099975586,68.2208786011
2015-08-05,174.7090759277,47.0239601135,81.6782226562,103.9300003052,68.2288742065
2015-08-06,173.2785949707,46.8286323547,81.9643096924,104.3899993896,68.2450256348
2015-08-07,172.9459228516,46.7418098450,82.2890014648,104.6500015259,68.2127914429
2015-08-10,175.1249237061,47.3133316040,81.9488372803,105.7200012207,68.2127914429
2015-08-11,173.5446472168,46.5898857117,82.4900283813,106.2600021362,68.3013381958
2015-08-12,173.7526550293,46.2571067810,82.4591522217,107.7500000000,68.3013381958
2015-08-13,173.5364532471,46.2281723022,82.2426147461,106.8600006104,68.2450256348
2015-08-14,174.1684722900,46.3005180359,82.1576004028,106.8499984741,68.2127914429
2015-08-17,175.1416015625,46.2136993408,82.3044967651,107.1299972534,68.2530593872
2015-08-18,174.6342315674,45.8664474487,82.1731109619,107.1100006104,68.2450256348
2015-08-19,173.2536468506,45.4613189697,82.6756591797,108.5500030518,68.3094863892
2015-08-20,169.6359252930,44.3616790771,82.8998489380,110.4400024414,68.2852783203
2015-08-21,164.5294189453,43.3488540649,83.2323074341,111.1299972534,68.3577423096
2015-08-24,157.6016235352,41.8513259888,83.3714904785,110.5299987793,68.3899765015
2015-08-25,155.7469787598,42.2492103577,82.9152908325,109.1600036621,68.3577423096
2015-08-26,161.7267608643,43.2475776672,82.4050292969,107.6699981689,68.3174743652
2015-08-27,165.7270660400,43.7756767273,82.3586425781,107.7300033569,68.3255386353
2015-08-28,165.7353363037,43.7105789185,82.3740692139,108.6999969482,68.2933197021
2015-08-31,164.3964080811,43.3850250244,82.2349243164,108.8199996948,68.2691345215
2015-09-01,159.4895477295,41.9308929443,82.6043624878,109.1999969482,68.2933349609
2015-09-02,162.5167694092,42.5530548096,82.3796997070,108.6200027466,68.3095092773
2015-09-03,162.6332702637,42.6543388367,82.5810623169,107.8399963379,68.3095092773
2015-09-04,160.1714477539,41.6776885986,82.8365859985,107.4899978638,68.3175125122
2015-09-08,164.1967620850,42.9003105164,82.4726715088,107.5199966431,68.2933349609
2015-09-09,162.0011291504,42.7266883850,82.5035934448,106.1299972534,68.2771911621
2015-09-10,162.8827209473,43.0088233948,82.3178100586,106.3799972534,68.3013687134
2015-09-11,163.6228942871,43.0016021729,82.5345916748,106.1600036621,68.3255691528
2015-09-14,163.0158081055,42.6760406494,82.6120223999,106.2200012207,68.3095092773
2015-09-15,165.0533905029,42.9654197693,81.9616088867,105.9000015259,68.2127532959
2015-09-16,166.4837493896,43.6237564087,81.9383468628,107.3099975586,68.2047119141
2015-09-17,166.1096496582,43.6454696655,82.6197509766,108.4100036621,68.3577804565
2015-09-18,163.3951110840,42.5530548096,83.0070037842,109.2099990845,68.3900299072
2015-09-21,164.2395172119,42.5313644409,82.5345916748,108.5299987793,68.3497390747
2015-09-22,162.1076965332,41.5185317993,82.9450378418,107.7900009155,68.3900299072
2015-09-23,161.8485412598,41.3232078552,82.8520965576,108.2200012207,68.3658142090
2015-09-24,161.2633361816,41.2074546814,82.9760360718,110.4899978638,68.4061203003
2015-09-25,161.2215728760,41.5691757202,82.7591781616,109.8099975586,68.3738708496
2015-09-28,157.1752777100,40.7516860962,83.2315521240,108.4199981689,68.4222640991
2015-09-29,157.2673187256,40.6938095093,83.5181045532,107.9800033569,68.4544448853
2015-09-30,160.2016143799,41.4678916931,83.5335693359,106.8600006104,68.4705886841
2015-10-01,160.6196136475,41.5981140137,83.5987396240,106.7300033569,68.4705963135
2015-10-02,163.0188751221,42.3070907593,84.0020446777,108.9899978638,68.5672912598
2015-10-05,165.9198303223,43.1462745667,83.5367126465,108.7699966431,68.5189056396
2015-10-06,165.3513793945,43.1969299316,83.7073059082,109.8600006104,68.5108413696
2015-10-07,166.7056884766,43.7395095825,83.4978942871,109.6999969482,68.4948120117
2015-10-08,168.2104492188,44.0867614746,83.2807159424,109.1399993896,68.4786376953
2015-10-09,168.3107757568,44.1663436890,83.3272857666,110.8700027466,68.4786376953
2015-10-12,168.4695739746,44.0795288086,83.6064834595,111.3099975586,68.4625091553
2015-10-13,167.4078979492,43.5224761963,83.6840209961,111.8600006104,68.4866943359
2015-10-14,166.6053009033,43.6092910767,84.1416320801,113.8099975586,68.5833892822
2015-10-15,169.1634826660,44.3544387817,83.8546524048,113.2900009155,68.5431213379
2015-10-16,169.9325866699,44.3182678223,83.7848587036,112.4899978638,68.5108413696
2015-10-19,170.0161437988,44.1663436890,83.7460861206,112.0199966431,68.5350494385
2015-10-20,169.7987976074,43.9854812622,83.4591217041,112.7300033569,68.4948120117
2015-10-21,168.7454986572,43.9637832642,83.7460861206,111.7300033569,68.5189056396
2015-10-22,171.5962066650,44.4557189941,83.8314208984,111.6900024414,68.5431213379
2015-10-23,173.4772491455,44.8970298767,83.3582611084,111.5000000000,68.4866943359
2015-10-26,173.0508270264,44.7306289673,83.5754547119,111.4300003052,68.4866943359
2015-10-27,172.7164611816,44.3399734497,83.7848587036,111.6800003052,68.5108413696
2015-10-28,174.6810302734,44.6293449402,83.3505477905,110.7799987793,68.4222259521
2015-10-29,174.5807495117,44.3037986755,82.8386459351,109.7200012207,68.3738555908
2015-10-30,173.8283233643,44.2097549438,83.0015411377,109.3000030518,68.3738555908
2015-11-02,175.8849029541,44.6293449402,82.7630538940,108.5899963379,68.3343658447
2015-11-03,176.3948211670,44.6148757935,82.5455551147,106.9800033569,68.3262710571
2015-11-04,175.8597717285,44.3689155579,82.4601440430,105.9700012207,68.2536697388
2015-11-05,175.6842346191,44.2893333435,82.4057693481,105.6399993896,68.2536697388
2015-11-06,175.5922546387,44.0867614746,81.8465423584,104.0999984741,68.1891708374
2015-11-09,173.9537200928,43.6309967041,81.7066879272,104.4000015259,68.1730499268
2015-11-10,174.3550109863,43.6020660400,81.8620452881,104.1800003052,68.2053298950
2015-11-11,173.6694641113,43.8263206482,81.8231964111,103.8300018311,68.1891708374
2015-11-12,171.2451019287,43.2548065186,81.8698043823,103.8499984741,68.2133789062
2015-11-13,169.3222961426,42.8930778503,82.1804809570,103.5599975586,68.2698440552
2015-11-16,171.8971862793,43.4356613159,82.2892303467,103.7099990845,68.2698440552
2015-11-17,171.7718200684,43.5514183044,82.2659149170,102.3399963379,68.2456207275
2015-11-18,174.4971008301,43.9493026733,82.2271499634,102.4300003052,68.2214279175
2015-11-19,174.3466339111,44.1735877991,82.4057693481,103.5599975586,68.2053298950
2015-11-20,174.9820098877,44.0722961426,82.2970123291,103.0899963379,68.2053298950
2015-11-23,174.7813720703,43.7973899841,82.4057693481,102.2600021362,68.1972427368
2015-11-24,175.0154418945,43.8046226501,82.4834442139,102.9400024414,68.1972427368
2015-11-25,174.9903411865,43.9058990479,82.5300216675,102.4599990845,68.2053298950
2015-11-27,175.1910095215,43.9131355286,82.6154632568,101.2500000000,68.2214279175
2015-11-30,174.4636840820,43.8769645691,82.6465530396,101.9199981689,68.1972427368
2015-12-01,176.1273040771,44.3399734497,83.0860748291,102.2799987793,68.2383804321
2015-12-02,174.3299102783,43.8697280884,82.8526916504,100.6900024414,68.1819381714
2015-12-03,171.8888244629,43.6599311829,81.9813766479,101.7600021362,68.1819381714
2015-12-04,175.2411499023,44.0144271851,82.2847671509,104.0199966431,68.1980514526
2015-12-07,174.1794738770,43.7322769165,82.5493392944,102.6699981689,68.1899871826
2015-12-08,173.0090484619,43.0884056091,82.5959930420,102.8399963379,68.1819381714
2015-12-09,171.6631317139,42.8930778503,82.7204895020,102.6399993896,68.2061233521
2015-12-10,172.1062011719,42.9003105164,82.5415039062,102.5500030518,68.1658020020
2015-12-11,168.7705535889,42.0828170776,83.2027969360,103.1100006104,68.2464752197
2015-12-14,169.6232604980,42.1479301453,82.5882034302,101.7900009155,68.1658020020
2015-12-15,171.4039459229,42.3577270508,82.3781814575,101.5199966431,68.1577758789
2015-12-16,173.9119262695,43.2114028931,82.1603088379,102.7500000000,68.1012420654
2015-12-17,171.2618408203,42.6615867615,82.5026245117,100.5000000000,68.1012420654
2015-12-18,168.2108154297,42.2130470276,82.7982482910,102.0400009155,68.1899871826
2015-12-21,169.5983734131,42.4086341858,82.8371505737,103.1500015259,68.1819381714
2015-12-22,171.1374053955,42.7297401428,82.6037521362,102.6100006104,68.1658020020
2015-12-23,173.2565917969,43.4449462891,82.4170455933,102.3099975586,68.1416091919
2015-12-24,172.9707031250,43.3719558716,82.5682067871,103.0500030518,68.1682510376
2015-12-28,172.5754547119,43.2697906494,82.5837783813,102.2699966431,68.1278839111
2015-12-29,174.4171142578,43.7003746033,82.1474533081,102.1999969482,68.1117477417
2015-12-30,173.1808929443,43.4376449585,82.1786422729,101.4199981689,68.1278839111
2015-12-31,171.4485473633,42.8538055420,82.2721328735,101.4599990845,68.0955657959
2016-01-04,169.0517730713,42.1969871521,82.6227416992,102.8899993896,68.1844024658
2016-01-05,169.3376922607,42.1313056946,82.5994262695,103.1800003052,68.1439971924
2016-01-06,167.2016296387,41.4379997253,83.0980377197,104.6699981689,68.1844024658
2016-01-07,163.1901397705,40.5768356323,83.2772064209,106.1500015259,68.2085800171
2016-01-08,161.3990020752,40.0878677368,83.4875946045,105.6800003052,68.2570419312
2016-01-11,161.5587005615,40.2557220459,83.2227172852,104.7399978638,68.2812576294
2016-01-12,162.8621978760,40.4454650879,83.5967102051,104.2099990845,68.2892990112
2016-01-13,158.8003082275,39.8178329468,83.9239273071,104.7200012207,68.3296585083
2016-01-14,161.4073333740,40.3286972046,83.7525482178,103.0199966431,68.3458328247
2016-01-15,157.9425506592,38.8690948486,84.1421127319,104.0800018311,68.4023132324
2016-01-19,158.1528015137,39.2267112732,84.0330429077,103.9800033569,68.3942565918
2016-01-20,156.1260375977,38.3363571167,84.4459991455,105.3700027466,68.4426803589
2016-01-21,157.0006408691,38.6209678650,84.2356719971,105.4899978638,68.4346313477
2016-01-22,160.2215881348,39.7594566345,84.0486145020,105.0000000000,68.4104537964
2016-01-25,157.7995910645,39.2267112732,84.3291320801,106.0800018311,68.4104537964
2016-01-26,159.9524536133,39.9273033142,84.3914260864,107.2900009155,68.4426803589
2016-01-27,158.2116394043,39.6718826294,84.4537887573,107.6900024414,68.4588317871
2016-01-28,159.0357818604,39.7886505127,84.5629119873,106.5400009155,68.4588317871
2016-01-29,162.9126434326,40.4892539978,85.0147857666,106.9499969482,68.5395278931
2016-02-01,162.8538055420,40.4454650879,84.8189315796,108.0500030518,68.5031967163
2016-02-02,159.9188232422,39.5040283203,85.4197235107,108.0899963379,68.5920639038
2016-02-03,160.8775329590,39.8324279785,85.3261489868,109.2500000000,68.6082077026
2016-02-04,161.1297912598,39.8835220337,85.5290222168,110.5699996948,68.6243286133
2016-02-05,158.0602264404,39.2704925537,85.6382522583,112.3199996948,68.6082077026
2016-02-08,155.9326171875,38.5406951904,86.2780914307,113.8300018311,68.6889724731
2016-02-09,155.9410095215,38.0955123901,86.2936782837,113.5800018311,68.6647567749
2016-02-10,155.8064880371,38.0517272949,86.5511856079,114.4599990845,68.6647567749
2016-02-11,153.7798004150,37.4970779419,86.9491806030,119.0599975586,68.7293167114
2016-02-12,156.9502105713,38.1539077759,86.2859039307,118.3600006104,68.6485519409
2016-02-16,159.5992584229,38.9274902344,86.0283966064,114.7699966431,68.6082077026
2016-02-17,162.2063293457,39.5988998413,85.8177185059,115.4800033569,68.6243286133
2016-02-18,161.5418853760,39.3945579529,86.2156448364,118.2900009155,68.6808319092
2016-02-19,161.4661712646,39.3507652283,86.2156448364,117.5800018311,68.6162490845
2016-02-22,163.8041381836,39.7959480286,86.1298828125,115.4899978638,68.6243286133
2016-02-23,161.7353515625,39.1464233398,86.3014907837,117.2200012207,68.6324386597
2016-02-24,162.4753265381,39.0077590942,86.3014907837,117.6100006104,68.6485519409
2016-02-25,164.4432830811,39.4748382568,86.5590362549,117.9199981689,68.6647567749
2016-02-26,164.0648498535,39.3726615906,86.1376342773,117.1100006104,68.5758666992
2016-02-29,162.7781372070,39.1391258240,86.2780914307,118.6399993896,68.6162490845
2016-03-01,166.6045684814,40.1608505249,85.6037216187,117.7699966431,68.5249557495
2016-03-02,167.3530120850,40.4381675720,85.4552688599,118.6800003052,68.5168609619
2016-03-03,168.0089721680,40.8322601318,85.5568695068,120.7300033569,68.5411224365
2016-03-04,168.5555572510,41.1314811707,85.2677230835,120.5400009155,68.4926528931
2016-03-07,168.6901550293,41.0803909302,85.0958786011,121.1399993896,68.4441375732
2016-03-08,166.8484039307,40.6789970398,85.5880966187,120.5800018311,68.4926528931
2016-03-09,167.6725463867,40.8322601318,85.2521133423,119.5800018311,68.4683685303
2016-03-10,167.8071594238,40.7665786743,84.9473342896,121.5000000000,68.4603424072
2016-03-11,170.5150299072,41.8320846558,84.7051162720,119.4100036621,68.3956451416
2016-03-14,170.2963867188,41.7445106506,84.7676010132,117.8700027466,68.3956451416
2016-03-15,170.0188751221,41.3504257202,84.7519683838,117.9599990845,68.4198989868
2016-03-16,171.0028381348,41.7153167725,85.1974029541,120.5899963379,68.5572814941
2016-03-17,172.0876312256,42.0364265442,85.2911529541,120.1299972534,68.5492401123
2016-03-18,172.7638702393,41.9634437561,85.4396743774,119.8000030518,68.5653762817
2016-03-21,173.0090637207,41.8977661133,85.1974029541,118.9599990845,68.5572814941
2016-03-22,172.9160614014,41.8247795105,85.0176620483,119.3099975586,68.5168609619
2016-03-23,171.7749176025,41.4015045166,85.4083786011,116.6100006104,68.5572814941
2016-03-24,171.6988372803,41.1241836548,85.3224334717,116.3300018311,68.5249557495
2016-03-28,171.8002319336,41.3723030090,85.4474868774,116.5999984741,68.5411224365
2016-03-29,173.3894042969,41.8174858093,86.0256958008,118.7600021362,68.6704254150
2016-03-30,174.1501922607,42.1313056946,85.9085006714,117.0999984741,68.6784973145
2016-03-31,173.7275695801,41.7153167725,86.2210617065,117.6399993896,68.7108459473
2016-04-01,174.9109649658,41.2701416016,86.1959991455,116.9300003052,68.6711959839
2016-04-04,174.3445892334,41.1825599670,86.2977600098,116.1500015259,68.7197113037
2016-04-05,172.6032867432,40.3724899292,86.6421127319,117.6600036621,68.7439575195
2016-04-06,174.4883575439,41.0293083191,86.4542846680,116.9400024414,68.7197113037
2016-04-07,172.4004364014,40.4308776855,86.9003524780,118.6100006104,68.7601318359
2016-04-08,172.8653564453,41.2044563293,86.7673034668,118.4300003052,68.7601318359
2016-04-11,172.4595794678,41.2263565063,86.7516632080,120.0299987793,68.7520294189
2016-04-12,174.0656585693,41.8393936157,86.4072723389,120.0500030518,68.7358856201
2016-04-13,175.8239440918,42.5035018921,86.4699325562,118.7699966431,68.7035064697
2016-04-14,175.8323516846,42.6421623230,86.2664642334,117.1100006104,68.7035064697
2016-04-15,175.6379852295,42.5472984314,86.5246887207,117.9199981689,68.7520294189
2016-04-18,176.8721160889,42.9121856689,86.4386520386,117.7399978638,68.7439575195
2016-04-19,177.4299926758,43.6565780640,86.2977600098,119.5800018311,68.7197113037
2016-04-20,177.5990753174,43.6930809021,85.8594894409,118.9700012207,68.6711959839
2016-04-21,176.6438751221,43.4303436279,85.7186203003,119.4199981689,68.6550292969
2016-04-22,176.6438751221,43.4522476196,85.6247406006,117.8899993896,68.6550292969
2016-04-25,176.3395538330,43.2333030701,85.5307922363,118.2300033569,68.6388702393
2016-04-26,176.6016082764,43.3865509033,85.3508224487,118.6999969482,68.6226806641
2016-04-27,176.9651031494,43.4157562256,85.8203887939,119.0400009155,68.6711959839
2016-04-28,175.3590087891,42.8246116638,86.1177673340,121.2900009155,68.7116394043
2016-04-29,174.4122467041,42.6421623230,86.0863952637,123.6500015259,68.7358856201
2016-05-02,175.7985839844,43.0435562134,85.8364334106,123.2399978638,68.7108078003
2016-05-03,174.2685699463,42.3356437683,86.3458709717,122.9599990845,68.7836074829
2016-05-04,173.2964324951,41.8466796875,86.5026473999,122.2099990845,68.7755279541
2016-05-05,173.2626037598,41.7590980530,86.7377624512,122.0699996948,68.7997741699
2016-05-06,173.8966217041,41.8758773804,86.5339355469,123.1800003052,68.7836074829
2016-05-09,174.0402984619,41.7882957458,86.6985549927,120.6500015259,68.8159713745
2016-05-10,176.2042999268,42.3867263794,86.6828689575,120.9800033569,68.8321228027
2016-05-11,174.5559692383,42.0218353271,86.8161010742,122.1200027466,68.8078689575
2016-05-12,174.6066894531,42.0072364807,86.5809936523,121.1600036621,68.7673797607
2016-05-13,173.0851287842,41.5766563416,86.9101791382,121.7099990845,68.7755279541
2016-05-16,174.7926788330,42.0729179382,86.5966644287,121.8000030518,68.7431259155
2016-05-17,173.1611938477,41.7664031982,86.4790954590,122.2200012207,68.7188720703
2016-05-18,173.2119293213,41.7810020447,85.7815780640,120.0999984741,68.5975341797
2016-05-19,172.6117401123,41.4817810059,85.8677825928,119.8700027466,68.6137008667
2016-05-20,173.7022399902,41.8247795105,85.9226608276,119.7099990845,68.6379547119
2016-05-23,173.4655456543,41.6861343384,85.9775085449,119.3700027466,68.6298904419
2016-05-24,175.7140655518,42.2918586731,85.8364334106,117.3000030518,68.5813217163
2016-05-25,176.9059143066,42.7370452881,85.7972488403,116.9800033569,68.6217956543
2016-05-26,176.9566497803,42.8538055420,86.0637588501,116.5800018311,68.6622467041
2016-05-27,177.7174224854,42.8100128174,85.8991241455,115.6200027466,68.6217956543
2016-05-31,177.3792724609,42.6056785583,86.0010070801,116.0599975586,68.6541519165
2016-06-01,177.7427978516,42.5691757202,85.9719924927,115.9400024414,68.6063995361
2016-06-02,178.2837677002,42.5691757202,86.2388763428,115.6699981689,68.6630554199
2016-06-03,177.7512817383,42.8465118408,87.0394668579,118.8799972534,68.7764053345
2016-06-06,178.6556549072,43.0873374939,86.8118209839,118.9199981689,68.7602005005
2016-06-07,178.9346923828,43.4011497498,86.9374313354,118.8199996948,68.7764053345
2016-06-08,179.5178680420,43.4887275696,87.0394668579,120.5800018311,68.7925949097
2016-06-09,179.2727966309,42.9559745789,87.1729049683,121.2500000000,68.8087387085
2016-06-10,177.5736999512,41.7080192566,87.4790573120,121.7399978638,68.8492507935
2016-06-13,176.2042999268,41.1022872925,87.6517028809,122.6399993896,68.8654327393
2016-06-14,175.8576965332,40.4454650879,87.6281738281,122.7699966431,68.8735198975
2016-06-15,175.6125946045,40.7154884338,87.8950119019,123.6800003052,68.9545211792
2016-06-16,176.1366882324,40.8030700684,87.9891738892,122.3799972534,68.9139862061
2016-06-17,175.4807128906,41.2044563293,87.6909713745,123.9499969482,68.9221267700
2016-06-20,176.6108245850,42.2261810303,87.3141937256,123.2099990845,68.8815917969
2016-06-21,177.1121215820,42.5691757202,87.1179199219,120.8399963379,68.8330459595
2016-06-22,176.8232421875,42.5431137085,87.2906188965,120.9000015259,68.8573532104
2016-06-23,179.1259307861,43.7199058533,86.8746566772,120.1100006104,68.8330459595
2016-06-24,172.6936950684,39.9661064148,88.0755615234,126.0000000000,68.9949798584
2016-06-27,169.6007690430,39.1989440918,88.8369064331,126.6800003052,69.0353775024
2016-06-28,172.6597137451,40.2267799377,88.8212814331,125.3199996948,69.0597152710
2016-06-29,175.5996398926,40.9641418457,88.4601745605,125.8399963379,69.0353775024
2016-06-30,177.9958343506,41.5748710632,88.6563873291,126.4700012207,69.0678482056
2016-07-01,178.3697204590,41.5748710632,88.8906021118,128.4100036621,69.0921325684
2016-07-05,177.0867309570,40.7704887390,89.3779830933,129.4700012207,69.1244659424
2016-07-06,178.1487884521,40.6960029602,89.3936920166,130.2299957275,69.0921325684
2016-07-07,178.0383300781,40.5321502686,89.2757720947,129.7400054932,69.0596923828
2016-07-08,180.6893920898,41.1503334045,89.4486541748,130.5200042725,69.0596923828
2016-07-11,181.3266601562,41.7536201477,88.9770889282,129.2899932861,68.9867858887
2016-07-12,182.6437072754,42.3196754456,88.4504623413,127.1500015259,68.9625244141
2016-07-13,182.6181945801,42.2749862671,88.6784210205,128.3200073242,68.9787445068
2016-07-14,183.6378784180,42.6399383545,88.3089447021,127.3300018311,68.9381942749
2016-07-15,183.3914642334,42.4239425659,87.9710006714,126.8399963379,68.9058151245
2016-07-18,183.8843078613,42.5282211304,87.9474411011,127.0400009155,68.9463348389
2016-07-19,183.6973876953,42.1930580139,88.1832504272,127.2099990845,68.9544219971
2016-07-20,184.4620971680,42.5729179382,88.0024337769,125.3899993896,68.9220046997
2016-07-21,183.7653350830,42.4016036987,88.1988983154,127.3000030518,68.9706420898
2016-07-22,184.5895385742,42.4835319519,88.1281967163,126.3499984741,68.9463348389
2016-07-25,184.0882263184,42.4313888550,88.0574874878,125.4700012207,68.8977508545
2016-07-26,184.1731872559,42.6101455688,88.1124801636,126.0000000000,68.9058151245
2016-07-27,183.9778137207,42.7665557861,88.4897918701,128.0299987793,68.9544219971
2016-07-28,184.1901855469,42.7218704224,88.5369338989,127.6600036621,68.9463348389
2016-07-29,184.4876251221,43.2283325195,88.8749160767,128.9799957275,69.0353927612
2016-08-01,184.3346099854,42.9453048706,88.5663070679,129.2200012207,69.0119400024
2016-08-02,183.1535339355,42.7293128967,88.3538665771,130.2700042725,68.9876174927
2016-08-03,183.6888580322,42.5803604126,88.4010391235,129.6499938965,68.9956970215
2016-08-04,183.8843078613,42.8261375427,88.6135864258,129.8699951172,69.0443191528
2016-08-05,185.3882141113,43.0197906494,88.0626068115,127.5500030518,68.9470748901
2016-08-08,185.2777709961,43.1091728210,88.0153808594,127.4400024414,68.9227371216
2016-08-09,185.3882141113,43.4517707825,88.3301773071,127.9599990845,68.9632720947
2016-08-10,184.9293975830,43.6007347107,88.5663070679,128.5599975586,68.9956970215
2016-08-11,185.7876129150,43.9135475159,88.1413116455,127.6699981689,68.9308929443
2016-08-12,185.6261749268,43.8018302917,88.4561614990,127.4000015259,68.9794769287
2016-08-15,186.1615142822,43.9731369019,88.1964263916,127.8399963379,68.9632720947
2016-08-16,185.2013244629,43.9060935974,88.0468750000,128.4700012207,68.9389724731
2016-08-17,185.5496520996,43.8912086487,88.1885070801,128.5000000000,68.9389724731
2016-08-18,185.9660644531,44.1146507263,88.3459854126,129.1100006104,68.9876174927
2016-08-19,185.6941375732,43.7869338989,88.0468750000,127.9700012207,68.9227371216
2016-08-22,185.6856231689,43.8316154480,88.2436523438,127.7799987793,68.9308929443
2016-08-23,186.0595397949,44.0178222656,88.2357788086,127.7600021362,68.9389724731
2016-08-24,185.1078643799,43.9135475159,88.2042922974,126.3399963379,68.9227371216
2016-08-25,184.9803924561,43.7348060608,88.0626068115,126.2300033569,68.8984527588
2016-08-26,184.6320343018,43.4741134644,87.7241439819,126.0500030518,68.8336181641
2016-08-29,185.5411834717,43.6081886292,88.0862655640,126.3000030518,68.8741149902
2016-08-30,185.2352905273,43.5485992432,88.0783004761,125.0299987793,68.8822784424
2016-08-31,184.7085418701,43.4592208862,87.9760284424,124.7799987793,68.8741149902
2016-09-01,184.7170104980,43.7571449280,88.1139297485,125.2900009155,68.9065933228
2016-09-02,185.5496520996,44.2636032104,87.8853759766,126.5699996948,68.9065933228
2016-09-06,186.1105041504,44.5615348816,88.2952117920,128.7100067139,68.9552230835
2016-09-07,186.0934753418,44.5838737488,88.3425598145,128.2700042725,68.9552230835
2016-09-08,185.6686706543,44.4572563171,87.9090042114,127.5899963379,68.9065933228
2016-09-09,181.2246856689,43.5932922363,87.4912719727,126.7500000000,68.8822937012
2016-09-12,183.8248291016,43.9507942200,87.5700683594,126.5899963379,68.9065933228
2016-09-13,181.1822204590,43.0644760132,87.2469100952,125.7500000000,68.8822937012
2016-09-14,181.1142425537,43.0048904419,87.4439773560,126.1800003052,68.9227905273
2016-09-15,182.9240875244,43.3772850037,87.4676208496,125.3700027466,68.9795532227
2016-09-16,182.2169952393,42.8186874390,87.5622100830,125.0599975586,68.9471282959
2016-09-19,182.2510833740,43.0421333313,87.4124526978,125.3199996948,68.9308776855
2016-09-20,182.2597045898,43.3028144836,87.5464401245,125.4400024414,68.9146881104
2016-09-21,184.3093109131,44.0625152588,87.6883468628,127.2699966431,68.9308776855
2016-09-22,185.4706573486,44.5093994141,87.9484634399,127.5699996948,68.9146881104
2016-09-23,184.4544830322,44.1369934082,87.9878540039,127.6500015259,68.9552230835
2016-09-26,182.9599761963,43.7273521423,88.2400512695,127.5500030518,68.9957733154
2016-09-27,184.0957183838,43.9358978271,88.3898086548,126.6200027466,69.0038528442
2016-09-28,185.0095520020,44.2487182617,88.3503799438,126.2200012207,68.9957733154
2016-09-29,183.3357238770,43.6975517273,88.4055786133,126.0699996948,69.0201034546
2016-09-30,184.7192077637,44.0401725769,88.1848678589,125.6399993896,68.9633407593
2016-10-03,184.2751159668,43.9210014343,87.9796829224,125.3199996948,68.9544372559
2016-10-04,183.3357238770,43.9135475159,87.5771560669,120.9700012207,68.8976364136
2016-10-05,184.1470489502,44.0923080444,87.3798904419,120.7799987793,68.8570632935
2016-10-06,184.2751159668,43.8539695740,87.1983642578,119.6600036621,68.8570632935
2016-10-07,183.6431732178,43.6305274963,87.3246383667,119.7399978638,68.8813858032
2016-10-10,184.5996093750,43.7571449280,87.0957107544,120.1600036621,68.8489608765
2016-10-11,182.2682037354,43.1389541626,87.0720443726,119.5500030518,68.8407821655
2016-10-12,182.5073394775,43.0421333313,87.0720443726,119.7399978638,68.8407821655
2016-10-13,181.9095306396,42.8782730103,87.2535171509,120.0299987793,68.8651199341
2016-10-14,182.0034942627,42.9527549744,86.9852066040,119.3600006104,68.8489608765
2016-10-17,181.3715515137,42.8261375427,87.1746292114,119.6800003052,68.9057464600
2016-10-18,182.5073394775,43.2506790161,87.3482742310,120.4199981689,68.9300918579
2016-10-19,182.9941253662,43.3698425293,87.3877944946,121.1100006104,68.9300918579
2016-10-20,182.6525268555,43.4368782043,87.3087844849,120.7399978638,68.8976364136
2016-10-21,182.7379455566,43.3400650024,87.4035339355,120.8300018311,68.9138717651
2016-10-24,183.5150909424,43.3325958252,87.2851409912,120.5599975586,68.8894882202
2016-10-25,182.9002227783,43.3028144836,87.2693557739,121.4700012207,68.8894882202
2016-10-26,182.5329589844,43.1091728210,87.0799331665,120.7900009155,68.8651199341
2016-10-27,182.0461730957,43.0570373535,86.7800064087,121.0100021362,68.8813858032
2016-10-28,181.5081481934,43.0421333313,86.7958374023,121.5800018311,68.8813858032
2016-10-31,181.5167388916,43.0644760132,86.8668441772,121.9400024414,68.9300918579
2016-11-01,180.2015686035,42.8782730103,86.8700027466,122.7300033569,68.9308776855
2016-11-02,179.1170196533,42.5877990723,87.1307983398,123.6399993896,68.9714889526
2016-11-03,178.2971343994,42.5431137085,87.0754776001,124.3000030518,68.9795837402
2016-11-04,178.1007385254,42.1334800720,87.3441848755,124.3899993896,69.0039596558
2016-11-07,182.0291137695,42.7144241333,86.9806137085,122.1500015259,68.9795837402
2016-11-08,182.8489532471,42.8335876465,86.6723861694,121.6399993896,68.9065170288
2016-11-09,184.7875366211,42.8708305359,85.3524780273,121.5599975586,68.8172149658
2016-11-10,185.2486877441,42.7516555786,84.8386917114,119.7500000000,68.7928543091
2016-11-11,184.8216857910,42.4909820557,84.6648483276,117.0999984741,68.7928543091
2016-11-14,184.9668731689,42.2600936890,84.1747817993,116.1100006104,68.6872940063
2016-11-15,186.4101562500,42.4462890625,84.1747817993,117.1200027466,68.7116546631
2016-11-16,186.0599822998,41.9994049072,84.2538528442,116.7699966431,68.7036132812
2016-11-17,187.0164794922,42.3196754456,83.8823547363,116.1699981689,68.6954574585
2016-11-18,186.5980072021,41.8578910828,83.5108871460,115.1500015259,68.6548538208
2016-11-21,188.0071411133,42.2154045105,83.5820312500,115.5800018311,68.6467590332
2016-11-22,188.3743286133,42.3196754456,83.6610717773,115.5400009155,68.6304931641
2016-11-23,188.4768066406,42.1707115173,83.3607025146,113.2500000000,68.5898742676
2016-11-25,189.1770782471,42.2973289490,83.2895965576,112.6100006104,68.5817947388
2016-11-28,188.2888946533,42.0738868713,83.6689682007,113.8000030518,68.6223449707
2016-11-29,188.6561126709,42.3420181274,83.7559280396,113.2699966431,68.6304931641
2016-11-30,188.2035064697,42.2973289490,83.1947860718,111.7500000000,68.6061325073
2016-12-01,187.5118560791,42.1334800720,82.8773574829,111.5400009155,68.5736465454
2016-12-02,187.6056671143,42.2377395630,83.2493209839,112.1399993896,68.6467590332
2016-12-05,188.7330017090,42.6548385620,83.2176895142,111.5400009155,68.6467590332
2016-12-06,189.3307800293,42.9453048706,83.2493209839,111.4300003052,68.6305084229
2016-12-07,191.8073120117,43.5858345032,83.5263977051,111.8300018311,68.6548385620
2016-12-08,192.2770538330,43.5485992432,83.2097473145,111.5699996948,68.6467590332
2016-12-09,193.4385070801,43.7348060608,82.7823638916,110.4000015259,68.6385879517
2016-12-12,193.2164611816,43.5411529541,82.7981948853,110.8199996948,68.6142044067
2016-12-13,194.5059661865,44.0103759766,82.8457031250,110.4499969482,68.6061477661
2016-12-14,192.9004669189,43.3623962402,82.1570739746,108.8300018311,68.4761505127
2016-12-15,193.6946716309,43.2655715942,81.9275741577,107.3399963379,68.4436264038
2016-12-16,193.3159027100,43.2953605652,82.0304641724,108.0500030518,68.4761505127
2016-12-19,193.7368316650,43.2283325195,82.4103775024,108.5899963379,68.5086288452
2016-12-20,194.4841461182,43.3772850037,82.2362594604,107.7900009155,68.5167312622
2016-12-21,193.9429626465,43.3893280029,82.3708267212,107.8499984741,68.5492401123
2016-12-22,193.6079559326,43.2915077209,82.3350753784,107.5899963379,68.5663223267
2016-12-23,193.8914184570,43.4043884277,82.4143981934,107.9300003052,68.5663223267
2016-12-27,194.3724822998,43.3517150879,82.2955093384,108.5599975586,68.5338134766
2016-12-28,192.7660827637,43.1861572266,82.5967254639,108.8600006104,68.5581893921
2016-12-29,192.7231445312,43.2915077209,82.8504104614,110.2900009155,68.6313781738
2016-12-30,192.0187225342,43.4420013428,83.0961456299,109.6100006104,68.6557769775
2017-01-03,193.4877166748,43.7129058838,83.0565185547,110.4700012207,68.5988388062
2017-01-04,194.6387939453,44.2095680237,83.1516647339,110.8600006104,68.6151428223
2017-01-05,194.4841461182,44.5858192444,83.6907424927,112.5800018311,68.6638412476
2017-01-06,195.1799621582,44.4353141785,83.3101959229,111.7500000000,68.6069641113
2017-01-09,194.5357055664,44.3675765991,83.6272888184,112.6699981689,68.6638412476
2017-01-10,194.5357055664,44.3751144409,83.5876464844,113.1500015259,68.6395263672
2017-01-11,195.0854644775,44.6083869934,83.6827850342,113.5000000000,68.6720352173
2017-01-12,194.5958099365,44.6761131287,83.7303771973,113.9100036621,68.6964187622
2017-01-13,195.0425262451,44.8416709900,83.5480575562,114.2099990845,68.6638412476
2017-01-17,194.3553009033,44.6761131287,83.9682083130,115.8499984741,68.7126846313
2017-01-18,194.7847900391,44.5481910706,83.3736572266,114.8700027466,68.6476287842
2017-01-19,194.0632324219,44.4353141785,83.0565185547,114.7699966431,68.6232376099
2017-01-20,194.7762145996,44.6911621094,83.0961456299,115.0500030518,68.6638412476
2017-01-23,194.2693939209,44.8040428162,83.5321502686,115.7900009155,68.7289505005
2017-01-24,195.5149993896,44.9169120789,83.2151031494,115.2699966431,68.6882400513
2017-01-25,197.2072906494,45.3834686279,82.8028259277,114.3199996948,68.6720352173
2017-01-26,197.0011138916,45.2028579712,82.9138488770,113.2600021362,68.6801528931
2017-01-27,196.6918640137,45.1276206970,83.0168991089,113.4899978638,68.7126846313
2017-01-30,195.4720153809,44.8040428162,82.9931106567,113.9700012207,68.7126846313
2017-01-31,195.4548339844,44.8717689514,83.2784500122,115.5500030518,68.7289505005
2017-02-01,195.5321807861,45.0523605347,83.1189193726,115.1999969482,68.7053146362
2017-02-02,195.6609954834,45.0749397278,83.1506652832,115.8399963379,68.7297134399
2017-02-03,197.0096740723,45.2555389404,83.2142028809,116.1299972534,68.7053146362
2017-02-06,196.6574554443,44.9319572449,83.6111679077,117.6999969482,68.7785568237
2017-02-07,196.6661071777,44.8868141174,83.7619857788,117.4599990845,68.7622680664
2017-02-08,196.9237976074,44.9620704651,84.1034164429,118.1900024414,68.8273696899
2017-02-09,198.0921173096,45.1501884460,83.6032257080,117.2900009155,68.7704391479
2017-02-10,198.8738250732,45.2555389404,83.5476608276,117.5999984741,68.7622680664
2017-02-13,199.9561462402,45.4361457825,83.4206085205,116.8000030518,68.7459793091
2017-02-14,200.7550201416,45.3684196472,83.1189193726,116.9300003052,68.6972045898
2017-02-15,201.8030700684,45.5414962769,82.9601287842,117.4499969482,68.6728134155
2017-02-16,201.6312866211,45.6468467712,83.2936019897,118.0800018311,68.7053146362
2017-02-17,201.9490814209,45.5264396667,83.5158615112,117.6800003052,68.7541275024
2017-02-21,203.1517639160,45.6769447327,83.4761810303,117.7500000000,68.7622680664
2017-02-22,202.9713897705,45.6769447327,83.6111679077,117.9100036621,68.7785568237
2017-02-23,203.1088104248,45.7747726440,83.8335037231,118.9400024414,68.8110733032
2017-02-24,203.3665161133,45.4436683655,84.2225265503,119.6999969482,68.8436050415
2017-02-27,203.6843719482,45.4737663269,83.9207916260,119.1200027466,68.7866821289
2017-02-28,203.1345520020,45.4060440063,83.8810806274,119.2300033569,68.7541275024
2017-03-01,205.9779357910,45.8801155090,83.2967529297,119.0599975586,68.7003707886
2017-03-02,204.6808013916,45.5791206360,83.0582427979,117.5800018311,68.6271667480
2017-03-03,204.8096923828,45.8500213623,83.1377716064,117.5100021362,68.6434326172
2017-03-06,204.1997680664,45.7070426941,83.1218414307,116.7200012207,68.6597213745
2017-03-07,203.5898437500,45.5490188599,83.0025787354,115.7799987793,68.6352996826
2017-03-08,203.2118988037,45.3834686279,82.7242889404,115.0599975586,68.5783386230
2017-03-09,203.4695892334,45.5565490723,82.4937515259,114.4700012207,68.5701751709
2017-03-10,204.1825866699,45.9403152466,82.6686553955,114.7200012207,68.6108703613
2017-03-13,204.2857208252,46.1811103821,82.4619750977,114.7399978638,68.5783386230
2017-03-14,203.5039215088,45.8274497986,82.5493850708,114.1200027466,68.5701751709
2017-03-15,205.2649230957,46.4821243286,83.2728881836,116.2500000000,68.7003707886
2017-03-16,204.8611907959,46.7078781128,83.0423660278,116.7300033569,68.6515884399
2017-03-17,204.5014038086,46.8282699585,83.2649459839,116.9899978638,68.6841506958
2017-03-20,204.2771148682,46.7304534912,83.4636917114,117.5100021362,68.7248764038
2017-03-21,201.6542663574,46.5197486877,83.7419662476,118.5400009155,68.7574005127
2017-03-22,202.1288299561,46.5272750854,83.9009780884,118.8300018311,68.7736892700
2017-03-23,201.9131317139,46.6326217651,83.8135299683,118.6699981689,68.7736892700
2017-03-24,201.7665252686,46.7605476379,83.8611831665,118.8600006104,68.7736892700
2017-03-27,201.5594329834,46.8809394836,84.0679550171,119.5299987793,68.7980880737
2017-03-28,203.0261077881,47.1067008972,83.7816925049,119.0400009155,68.7655181885
2017-03-29,203.2159423828,47.1067008972,84.0202407837,119.3300018311,68.8062286377
2017-03-30,203.8629913330,46.9411506653,83.7816925049,118.4700012207,68.7899246216
2017-03-31,203.3884887695,46.8734283447,83.9486999512,118.7200012207,68.7980880737
2017-04-03,203.0347747803,46.8057022095,84.3619384766,119.3499984741,68.8616333008
2017-04-04,203.1641387939,46.7906379700,84.2425384521,119.6200027466,68.8371734619
2017-04-05,202.5602111816,46.5423240662,84.4017333984,119.6200027466,68.8371734619
2017-04-06,203.1296539307,46.5498428345,84.3460083008,119.1800003052,68.8534774780
2017-04-07,202.9225769043,46.5197486877,84.0911788940,119.4599990845,68.7638778687
2017-04-10,203.0433349609,46.4670715332,84.2425384521,119.4599990845,68.7964248657
2017-04-11,202.8017883301,46.6852951050,84.6326446533,121.1900024414,68.8616333008
2017-04-12,201.9131317139,46.6476707458,84.8954162598,122.0199966431,68.9104766846
2017-04-13,200.6016998291,46.3466682434,85.1502304077,122.5999984741,68.9430999756
2017-04-17,202.3790435791,46.6326217651,85.0148544312,122.2399978638,68.9349288940
2017-04-18,201.7751464844,46.4219131470,85.5005722046,122.8199996948,68.9919433594
2017-04-19,201.4041442871,46.2337875366,85.2775726318,121.7300033569,68.9593963623
2017-04-20,203.0433349609,46.6025238037,85.0865554810,121.9599990845,68.9512329102
2017-04-21,202.3962554932,46.6326217651,85.1263122559,122.3099975586,68.9838562012
2017-04-24,204.6222534180,47.8140563965,84.9511566162,121.4800033569,68.9104766846
2017-04-25,205.8128509521,48.1526794434,84.5132064819,120.2500000000,68.8453140259
2017-04-26,205.6834106445,48.0172271729,84.7361526489,120.8399963379,68.8697814941
2017-04-27,205.8559722900,48.0623703003,84.7919082642,120.3899993896,68.8941955566
2017-04-28,205.4073028564,48.0096969604,84.8794631958,120.7699966431,68.9268264771
2017-05-01,205.9249420166,48.2053565979,84.6961059570,119.6699981689,68.8794708252
2017-05-02,206.0026550293,48.4536743164,84.8715209961,119.6500015259,68.9039688110
2017-05-03,205.7524414062,48.3558502197,84.6961059570,117.9800033569,68.8550491333
2017-05-04,205.9940643311,48.8148880005,84.5047073364,116.7900009155,68.8468780518
2017-05-05,206.8050079346,49.3566818237,84.5206375122,117.0100021362,68.8713684082
2017-05-08,206.7704925537,48.9879531860,84.3133316040,116.7500000000,68.8387832642
2017-05-09,206.5807189941,48.8675613403,84.2176437378,116.0500030518,68.8061752319
2017-05-10,206.9516906738,48.9428138733,84.1857681274,116.0400009155,68.8224716187
2017-05-11,206.5289611816,48.8224105835,84.2495422363,116.5000000000,68.8306198120
2017-05-12,206.1838684082,49.0933074951,84.6801452637,116.8300018311,68.9121246338
2017-05-15,207.3226776123,49.3416404724,84.6243286133,117.1399993896,68.9039688110
2017-05-16,207.1329040527,49.6576805115,84.7359695435,117.6500015259,68.9039688110
2017-05-17,203.4574737549,49.0933074951,85.4138107300,119.7900009155,68.9773559570
2017-05-18,204.2771148682,49.1760787964,85.3899078369,118.8099975586,68.9447097778
2017-05-19,205.6058044434,49.7479896545,85.3659286499,119.4000015259,68.9610214233
2017-05-22,206.6497192383,49.8081893921,85.2702407837,119.9000015259,68.9365386963
2017-05-23,207.1070404053,49.8156967163,85.0469665527,119.1399993896,68.9121246338
2017-05-24,207.5901489258,49.8458061218,85.2223739624,119.6100006104,68.9528656006
2017-05-25,208.5823516846,49.8458061218,85.2702407837,119.4800033569,68.9528656006
2017-05-26,208.5391998291,49.7028236389,85.3260421753,120.5400009155,68.9447097778
2017-05-30,208.3579711914,49.6501693726,85.5413589478,120.1399993896,68.9691848755
2017-05-31,208.3062286377,49.7103538513,85.5811920166,120.6200027466,68.9773559570
2017-06-01,209.9627532959,50.0339317322,85.5364990234,120.7200012207,68.9642791748
2017-06-02,210.6616210938,50.5832672119,85.9119415283,121.6100006104,69.0132064819
2017-06-05,210.5063171387,50.3048400879,85.7681045532,121.7300033569,68.9561309814
2017-06-06,209.8333282471,50.1618652344,86.0396728516,123.0999984741,68.9805908203
2017-06-07,210.2215576172,50.1769142151,85.8799362183,122.4499969482,68.9561309814
2017-06-08,210.3251342773,50.0866127014,85.7441558838,121.6500015259,68.9397659302
2017-06-09,210.0059051514,49.8984870911,85.6643142700,120.5400009155,68.9152832031
2017-06-12,209.9627532959,49.7103538513,85.6483306885,120.3600006104,68.9071731567
2017-06-13,210.9894866943,50.0941314697,85.6802597046,120.4800033569,68.9071731567
2017-06-14,210.7220001221,50.0565071106,86.1275253296,119.8199996948,68.9397659302
2017-06-15,210.3164672852,49.5372886658,85.9757919312,119.3199996948,68.9152832031
2017-06-16,210.3624572754,49.9586715698,86.0237121582,119.3399963379,68.9479522705
2017-06-19,212.1137542725,50.1618652344,85.7841110229,118.4300003052,68.9071731567
2017-06-20,210.6832122803,49.7581062317,85.9997406006,118.1800003052,68.9152832031
2017-06-21,210.6311950684,49.6969337463,85.9917373657,118.5199966431,68.9234848022
2017-06-22,210.5358276367,49.6892929077,86.0716171265,118.9199981689,68.9316101074
2017-06-23,210.7872772217,49.8116378784,86.0955734253,119.4300003052,68.9724197388
2017-06-26,210.9259490967,49.8957519531,86.1674423218,118.3600006104,68.9724197388
2017-06-27,209.2267303467,49.8881034851,85.7441558838,118.8099975586,68.9316101074
2017-06-28,211.0994110107,50.3239746094,85.6643142700,118.9000015259,68.9642791748
2017-06-29,209.2440643311,49.8269348145,85.3448486328,118.3199996948,68.9234848022
2017-06-30,209.6341857910,49.8575210571,85.1451492310,118.0199966431,68.9234848022
2017-07-03,209.9896545410,49.7963409424,84.8324279785,116.0899963379,68.8720321655
2017-07-05,210.4751586914,49.7963409424,84.8964233398,116.5199966431,68.8965606689
2017-07-06,208.5504760742,49.5745811462,84.7364425659,116.4700012207,68.9128875732
2017-07-07,209.9029235840,49.5822296143,84.6004791260,115.2799987793,68.9046936035
2017-07-10,210.1283569336,49.7045860291,84.7124481201,115.4700012207,68.9374160767
2017-07-11,209.9723510742,49.8192825317,84.8244628906,115.6200027466,68.9618682861
2017-07-12,211.5502166748,50.2169227600,85.0724105835,116.0299987793,68.9944992065
2017-07-13,211.9056243896,50.3622055054,84.9843978882,115.8199996948,68.9618682861
2017-07-14,212.8939361572,50.7139587402,85.1043853760,116.7699966431,68.9944992065
2017-07-17,212.8679656982,50.6145591736,85.2083511353,117.2900009155,69.0026702881
2017-07-18,212.9806976318,50.6604423523,85.5203018188,118.1100006104,69.0190048218
2017-07-19,214.1337280273,50.8821907043,85.5203018188,118.0800018311,69.0190048218
2017-07-20,214.2291564941,51.0886611938,85.5443191528,118.2399978638,69.0190048218
2017-07-21,214.0384216309,50.8898353577,85.6962966919,119.2600021362,69.0516662598
2017-07-24,213.9863891602,50.7522048950,85.6402893066,119.3099975586,69.0271835327
2017-07-25,214.5065917969,50.8210258484,85.1603851318,118.9199981689,68.9863052368
2017-07-26,214.5152282715,51.1345481873,85.4322891235,119.8799972534,69.0353317261
2017-07-27,214.3158264160,51.0198364258,85.2963256836,119.7900009155,69.0190048218
2017-07-28,214.0643920898,51.0733718872,85.4403533936,120.6900024414,69.0598297119
2017-07-31,213.9429931641,51.1804237366,85.4643249512,120.7500000000,69.0516662598
2017-08-01,214.4198760986,51.4633560181,85.6766128540,120.6500015259,69.0769882202
2017-08-02,214.5239715576,51.4862861633,85.5965042114,120.4000015259,69.0442504883
2017-08-03,214.1077728271,51.5168914795,85.8928756714,120.5899963379,69.0688323975
2017-08-04,214.4979248047,51.5857162476,85.6605987549,119.6500015259,69.0442504883
2017-08-07,214.8966979980,51.6086540222,85.7086563110,119.5100021362,69.0688323975
2017-08-08,214.3678131104,51.3333587646,85.6365432739,119.8600006104,69.0688323975
2017-08-09,214.3591918945,51.2492408752,85.7407226562,121.3099975586,69.0606384277
2017-08-10,211.3334960938,50.5228004456,86.0611267090,122.2099990845,69.0851593018
2017-08-11,211.6455535889,50.4310340881,86.1572494507,122.7900009155,69.1750717163
2017-08-14,213.7436370850,50.7980804443,85.9489822388,121.9199981689,69.1178359985
2017-08-15,213.7176513672,50.7598342896,85.6926040649,120.9800033569,69.0851593018
2017-08-16,214.0904693604,51.0504302979,85.8528671265,121.8700027466,69.1260223389
2017-08-17,210.7525634766,50.4769134521,86.1572494507,122.4899978638,69.1423721313
2017-08-18,210.4230957031,50.6145591736,86.1733245850,122.3000030518,69.1341629028
2017-08-21,210.5877838135,50.5992584229,86.2293777466,122.7600021362,69.1504974365
2017-08-22,212.7899475098,50.8439598083,86.0611267090,122.2099990845,69.1423721313
2017-08-23,212.0270385742,50.8516120911,86.3575210571,122.6699981689,69.2077255249
2017-08-24,211.5328674316,50.7369079590,86.2213439941,122.2900009155,69.1423721313
2017-08-25,212.0270385742,51.0427780151,86.3655548096,122.7399978638,69.1668853760
2017-08-28,212.0357360840,51.0427780151,86.4456481934,124.6900024414,69.1423721313
2017-08-29,212.2784423828,50.8363151550,86.6459045410,124.4199981689,69.1750717163
2017-08-30,213.2841491699,50.7674903870,86.5738296509,124.3600006104,69.1913452148
2017-08-31,214.5672760010,51.1574859619,86.7099761963,125.8199996948,69.1913452148
2017-09-01,214.8707122803,51.2262992859,86.4549026489,126.0599975586,69.1766128540
2017-09-05,213.3274841309,50.8821907043,87.0566329956,127.4599990845,69.2420425415
2017-09-06,214.0557556152,51.1957168579,86.8479919434,126.8099975586,69.2339172363
2017-09-07,214.0297546387,51.6162986755,87.2250900269,128.1300048828,69.2747650146
2017-09-08,213.7783355713,51.6239433289,87.1609191895,127.9700012207,69.2584457397
2017-09-11,216.0584411621,52.0292243958,86.6634750366,126.1900024414,69.1930236816
2017-09-12,216.7866821289,52.1898117065,86.4549026489,126.5599975586,69.1603012085
2017-09-13,216.8907318115,51.9068679810,86.2783584595,125.6100006104,69.1439285278
2017-09-14,216.8213958740,51.9986305237,86.2944564819,126.1600036621,69.1521224976
2017-09-15,217.1132965088,52.0445098877,86.3987808228,125.5299987793,69.1439285278
2017-09-18,217.5750579834,52.1133422852,86.0617675781,124.3600006104,69.1030578613
2017-09-19,217.7928924561,52.3580398560,85.9654922485,124.6200027466,69.1112365723
2017-09-20,217.8712768555,52.2433433533,85.7970581055,123.6200027466,69.0540084839
2017-09-21,217.2875061035,52.1362838745,85.6847076416,122.6800003052,69.0376281738
2017-09-22,217.3310546875,52.2968635559,85.8371353149,123.2399978638,69.0540084839
2017-09-25,216.8866882324,51.9986305237,86.0938644409,124.5299987793,69.0948562622
2017-09-26,217.0174407959,51.8839378357,86.0216217041,123.1399993896,69.0785217285
2017-09-27,217.8625488281,51.9221725464,85.5803680420,121.9800033569,69.0703506470
2017-09-28,218.1239929199,52.0598106384,85.5643692017,122.2099990845,69.0785217285
2017-09-29,218.8906707764,52.3656959534,85.4600372314,121.5800018311,69.0622177124
2017-10-02,219.8404083252,52.3197937012,85.3628387451,120.7699966431,69.1137619019
2017-10-03,220.3108520508,52.4956855774,85.4833526611,120.8300018311,69.0728149414
2017-10-04,220.5722808838,52.3962745667,85.4592437744,121.1699981689,69.2037811279
2017-10-05,221.8791351318,52.3656959534,85.3708572388,120.5199966431,69.0564804077
2017-10-06,221.6265106201,52.3274536133,85.2664260864,121.0899963379,69.0318908691
2017-10-09,221.2605743408,52.3427391052,85.3628387451,122.0800018311,69.0318908691
2017-10-10,221.8442993164,52.8397903442,85.3949661255,122.4000015259,69.0482406616
2017-10-11,222.1928100586,52.9697914124,85.4914169312,122.7900009155,69.0400924683
2017-10-12,221.8617401123,52.9239082336,85.5717086792,122.8899993896,69.0318908691
2017-10-13,222.1318511963,53.1991882324,85.8609771729,123.8199996948,69.0728149414
2017-10-16,222.4280242920,53.1609687805,85.7163925171,122.9700012207,69.0073623657
2017-10-17,222.5848999023,53.0233154297,85.6842193604,122.1299972534,69.0155258179
2017-10-18,222.8027038574,53.1762580872,85.4672927856,121.6699981689,68.9909667969
2017-10-19,222.8636779785,53.0921401978,85.5556793213,122.3899993896,69.0318908691
2017-10-20,224.0137634277,53.0233154297,85.2021102905,121.6100006104,68.9909667969
2017-10-23,223.1425018311,52.9086112976,85.2824783325,121.8000030518,68.9909667969
2017-10-24,223.5346069336,52.9927291870,85.0253372192,121.3300018311,68.9746170044
2017-10-25,222.4280242920,52.7862625122,84.8887557983,121.3499984741,68.9582138062
2017-10-26,222.7155761719,52.7786140442,84.7762832642,120.3300018311,68.9582138062
2017-10-27,224.5365753174,52.9009742737,85.0494918823,120.9000015259,69.0073623657
2017-10-30,223.7001342773,53.0233154297,85.3547897339,121.1299972534,69.0400924683
2017-10-31,224.0486297607,53.2450714111,85.2985458374,120.6699981689,68.9991531372
2017-11-01,224.3448486328,53.2985992432,85.3500137329,121.1100006104,68.9893112183
2017-11-02,224.4319915771,53.4591903687,85.4627075195,121.1900024414,69.0057144165
2017-11-03,225.1812896729,53.3750724792,85.5995407104,120.6200027466,68.9647674561
2017-11-06,225.5298614502,53.4515419006,85.7041168213,121.6500015259,69.0057144165
2017-11-07,225.3730163574,53.2527275085,85.7363052368,121.2099990845,68.9729461670
2017-11-08,225.7563323975,53.4285926819,85.6317062378,121.6299972534,68.9647674561
2017-11-09,224.9373474121,53.1227378845,85.5995407104,122.1299972534,68.9565582275
2017-11-10,224.8676452637,52.9774284363,85.1649627686,121.1299972534,68.9319610596
2017-11-13,225.0767059326,52.7556686401,85.1247482300,121.3099975586,68.9237518311
2017-11-14,224.5540313721,52.7174415588,85.2454376221,121.5599975586,68.9401550293
2017-11-15,223.4300384521,52.4650917053,85.5512390137,121.4100036621,68.9155731201
2017-11-16,225.3293762207,52.8856658936,85.3339157104,121.4000015259,68.9237518311
2017-11-17,224.6672668457,52.6945075989,85.4465789795,122.8600006104,68.8828430176
2017-11-20,225.0505828857,52.8092002869,85.3098373413,121.3099975586,68.8582687378
2017-11-21,226.5230255127,53.2068481445,85.3258895874,121.5100021362,68.8418502808
2017-11-22,226.3226470947,53.3521270752,85.5995407104,122.6299972534,68.8991928101
2017-11-24,226.8453979492,53.7880058289,85.5270843506,122.3199996948,68.8991928101
2017-11-27,226.7322235107,53.4668350220,85.5834426880,122.8300018311,68.8991928101
2017-11-28,229.0323181152,53.7727165222,85.5995407104,122.8099975586,68.9074096680
2017-11-29,228.8929748535,53.5586013794,85.3258895874,122.0400009155,68.8910140991
2017-11-30,230.8968353271,53.6121368408,85.0603408813,121.0999984741,68.8500366211
2017-12-01,230.4176025391,53.3980140686,85.3746795654,121.5899963379,68.8656158447
2017-12-04,230.1388854980,53.2068481445,85.3343658447,121.1800003052,68.8246383667
2017-12-05,229.3111419678,53.0921401978,85.3988189697,120.3199996948,68.8164443970
2017-12-06,229.3546600342,52.9850845337,85.5761337280,120.0699996948,68.8491973877
2017-12-07,230.0778350830,53.1227378845,85.4230575562,118.4899978638,68.8573989868
2017-12-08,231.3325195312,53.4056510925,85.3585357666,118.4800033569,68.8573989868
2017-12-11,232.0295257568,53.5432968140,85.3021087646,118.0100021362,68.8246383667
2017-12-12,232.4390563965,53.6121368408,85.2296142578,118.1500015259,68.8246383667
2017-12-13,232.4128723145,53.8185806274,85.5761337280,119.1699981689,68.8984069824
2017-12-14,231.4631652832,53.5203590393,85.5439071655,118.9300003052,68.8738098145
2017-12-15,233.3906707764,53.5050621033,85.5278167725,119.1800003052,68.8410491943
2017-12-18,234.8706054688,54.1397552490,85.3343658447,119.7300033569,68.8410491943
2017-12-19,233.9686737061,53.9411468506,84.9474334717,119.8199996948,68.8082504272
2017-12-20,233.8460235596,53.8484077454,84.6976394653,120.1399993896,68.8164443970
2017-12-21,234.3277282715,54.0416183472,84.7574081421,120.3099975586,68.8114929199
2017-12-22,234.2664184570,54.1807250977,84.7897262573,120.9400024414,68.7868881226
2017-12-26,233.9861755371,54.1652526855,84.8219604492,121.7699966431,68.7786788940
2017-12-27,234.1000366211,54.2657279968,85.1852035522,122.2300033569,68.8114929199
2017-12-28,234.5817108154,54.2966384888,85.0802764893,122.8499984741,68.8196945190
2017-12-29,233.6971435547,54.3352737427,85.2175216675,123.6500015259,68.8361511230
2018-01-02,235.3697967529,54.7371330261,84.9350357056,125.1500015259,68.8114929199
2018-01-03,236.8585205078,54.9998931885,85.0237960815,124.8199996948,68.8114929199
2018-01-04,237.8568572998,55.6026611328,84.9834213257,125.4599990845,68.7786788940
2018-01-05,239.4419555664,55.9117889404,84.8784942627,125.3300018311,68.7786788940
2018-01-08,239.8798522949,55.8963241577,84.8381195068,125.3099975586,68.7786788940
2018-01-09,240.4227600098,55.9581489563,84.4345397949,124.7300033569,68.7540283203
2018-01-10,240.0549163818,55.8499641418,84.4103088379,125.0299987793,68.7786788940
2018-01-11,241.8064575195,56.2363395691,84.4668121338,125.4400024414,68.7540283203
2018-01-12,243.3827819824,56.8004989624,84.4103088379,126.9599990845,68.7458190918
2018-01-16,242.5507812500,56.7464103699,84.4506530762,127.1699981689,68.7376022339
2018-01-17,244.8627319336,57.0400619507,84.2650070190,126.1399993896,68.7130050659
2018-01-18,244.4511566162,56.9705123901,83.9985733032,125.8600006104,68.6965789795
2018-01-19,245.5633239746,57.2873420715,83.7806472778,126.4199981689,68.7211914062
2018-01-22,247.5600433350,57.5810279846,83.7483596802,126.6500015259,68.6883087158
2018-01-23,248.0854034424,57.7664871216,83.9905166626,127.2799987793,68.7294158936
2018-01-24,247.9890747070,57.8669509888,83.8291320801,128.8300018311,68.7130050659
2018-01-25,248.0941619873,57.6428413391,84.0147933960,127.9700012207,68.6965789795
2018-01-26,250.9665985107,58.1528930664,83.7645416260,128.0700073242,68.6555023193
2018-01-29,249.3025970459,57.6196594238,83.5546722412,127.3499984741,68.6308898926
2018-01-30,246.7456665039,57.1405220032,83.3609161377,126.8000030518,68.6390838623
2018-01-31,246.8682098389,57.0632514954,83.3851623535,127.6500015259,68.6390838623
2018-02-01,246.5879211426,57.2255363464,82.9549713135,128.0700073242,68.6112213135
2018-02-02,241.2197113037,56.0663452148,82.6477432251,126.3899993896,68.6193389893
2018-02-05,231.1312713623,53.7170333862,83.3268966675,126.7099990845,68.7426834106
2018-02-06,235.6850585938,54.7757720947,82.9631042480,125.3799972534,68.6933212280
2018-02-07,234.4064941406,54.1961746216,82.7204971313,124.7900009155,68.6440200806
2018-02-08,225.6142120361,52.7819595337,82.7932586670,124.9800033569,68.6522445679
2018-02-09,229.0032653809,53.0060653687,82.6477432251,124.7699966431,68.7097473145
2018-02-12,232.3660736084,53.8175048828,82.6235351562,125.3700027466,68.6769027710
2018-02-13,232.9440765381,53.6552124023,82.7609405518,126.0800018311,68.6769027710
2018-02-14,236.0878295898,54.6057624817,82.2596588135,128.2299957275,68.5782775879
2018-02-15,239.1004180908,54.9457893372,82.2839202881,128.3800048828,68.5536422729
2018-02-16,239.1704864502,55.1930847168,82.4780044556,127.9599990845,68.5700302124
2018-02-20,237.6730041504,54.6753120422,82.3890304565,126.2399978638,68.5617980957
2018-02-21,236.4907379150,54.4125671387,82.1464691162,125.6600036621,68.5700302124
2018-02-22,236.7972412109,54.6984863281,82.2596588135,126.3000030518,68.5782775879
2018-02-23,240.5717010498,55.1312561035,82.5749969482,126.1399993896,68.5947265625
2018-02-26,243.3652191162,55.6490287781,82.6719818115,126.4499969482,68.6029586792
2018-02-27,240.3264617920,54.8221397400,82.4132537842,125.1299972534,68.5536422729
2018-02-28,237.8919525146,54.3043594360,82.6073303223,125.0000000000,68.5700302124
2018-03-01,234.4328460693,53.3924598694,82.9628143311,124.7200012207,68.6654968262
2018-03-02,235.6413269043,53.6474838257,82.6550903320,125.3899993896,68.6325378418
2018-03-05,238.3648529053,53.9334144592,82.5498580933,125.1800003052,68.6325378418
2018-03-06,238.9690856934,54.2502632141,82.5416946411,126.5299987793,68.6161346436
2018-03-07,238.8815460205,54.2348060608,82.5416946411,125.7200012207,68.6161346436
2018-03-08,240.0374298096,54.3507347107,82.7118301392,125.4199981689,68.6325378418
2018-03-09,244.2146453857,54.6984863281,82.5336532593,125.5400009155,68.5997161865
2018-03-12,243.9081726074,54.7603187561,82.7279739380,125.5400009155,68.6325378418
2018-03-13,242.3318634033,54.3971061707,82.8656845093,125.7799987793,68.6490325928
2018-03-14,241.0883331299,54.5284729004,83.0275878906,125.6999969482,68.6407775879
2018-03-15,240.8255920410,54.4975700378,82.9952545166,124.9000015259,68.6490325928
2018-03-16,241.0868377686,54.4589233398,82.8980484009,124.5999984741,68.6161346436
2018-03-19,237.8248138428,54.0184288025,82.8170928955,124.8700027466,68.6161346436
2018-03-20,238.2292175293,54.0107002258,82.6550903320,124.3099975586,68.5914306641
2018-03-21,237.7720794678,54.0957031250,82.7118301392,126.4800033569,68.6407775879
2018-03-22,231.8283996582,53.0910682678,83.0519332886,125.9800033569,68.6737365723
2018-03-23,226.8870849609,52.5037498474,83.1652984619,127.6100006104,68.6901397705
2018-03-26,233.0944824219,53.4465522766,82.9385070801,128.2799987793,68.6572723389
2018-03-27,229.1291351318,53.0524368286,83.4082412720,127.4899978638,68.7066192627
2018-03-28,228.4521179199,53.3615608215,83.3920593262,125.7300033569,68.7148437500
2018-03-29,231.3711700439,53.8484077454,83.5620498657,125.7900009155,68.7395324707
2018-04-02,226.3771209717,53.1065292358,83.6472473145,127.2600021362,68.7593460083
2018-04-03,229.2785797119,53.4465522766,83.3795547485,126.3000030518,68.7263488770
2018-04-04,231.7316589355,53.6320381165,83.3308563232,126.4499969482,68.6851501465
2018-04-05,233.5604553223,53.9875183105,83.1200180054,125.8000030518,68.7016372681
2018-04-06,228.3554382324,53.6320381165,83.4850158691,126.3899993896,68.7593460083
2018-04-09,229.4808197021,54.0725173950,83.5012283325,126.8199996948,68.7510833740
2018-04-10,233.1296386719,54.6521224976,83.3552246094,127.1200027466,68.7180786133
2018-04-11,231.9075317383,54.4434661865,83.4363784790,128.1100006104,68.7180786133
2018-04-12,233.8154754639,54.6521224976,83.1362380981,126.6200027466,68.6769790649
2018-04-13,233.1296386719,54.7062263489,83.2091827393,127.4499969482,68.6604766846
2018-04-16,235.0463409424,54.7912330627,83.1686477661,127.6299972534,68.6522216797
2018-04-17,237.5610198975,55.0385208130,83.2173004150,127.7500000000,68.6522216797
2018-04-18,237.7369232178,55.3244705200,82.8928833008,127.8499984741,68.5945816040
2018-04-19,236.4179687500,55.1157913208,82.6657257080,127.5999984741,68.5945816040
2018-04-20,234.4133453369,54.9071426392,82.3898849487,126.6299972534,68.5698547363
2018-04-23,234.3781890869,54.8375892639,82.3087921143,125.6200027466,68.5616455078
2018-04-24,231.2217712402,54.6134757996,82.2114868164,126.2300033569,68.5781250000
2018-04-25,231.7932128906,54.5207481384,82.0330276489,125.4100036621,68.5698547363
2018-04-26,234.1495819092,54.7912330627,82.2682571411,124.9700012207,68.5863494873
2018-04-27,234.3694305420,54.8453216553,82.4061431885,125.5000000000,68.6028289795
2018-04-30,232.5669097900,54.6675682068,82.4954071045,124.5899963379,68.5781250000
2018-05-01,232.9801940918,54.4743804932,82.3661727905,123.7099990845,68.5475769043
2018-05-02,231.4151153564,54.4511871338,82.3824081421,123.6500015259,68.5723190308
2018-05-03,230.9052276611,54.6212120056,82.5937652588,124.2799987793,68.6218490601
2018-05-04,233.8946685791,54.8144149780,82.6018295288,124.5400009155,68.5970687866
2018-05-07,234.6859741211,54.8221397400,82.5611877441,124.5699996948,68.5970687866
2018-05-08,234.6859741211,54.8298606873,82.4230422974,124.5899963379,68.6053085327
2018-05-09,236.9542999268,54.9612312317,82.2361679077,124.3300018311,68.5723190308
2018-05-10,239.1700134277,55.3167304993,82.4067916870,125.1800003052,68.5723190308
2018-05-11,239.8998413086,55.4635620117,82.4149093628,125.0000000000,68.5723190308
2018-05-14,240.0141296387,55.5640144348,82.2361679077,124.4899978638,68.5723190308
2018-05-15,238.3612365723,55.1621627808,81.7810516357,122.4800033569,68.5311126709
2018-05-16,239.3634796143,55.2394485474,81.6103820801,122.2900009155,68.5311126709
2018-05-17,239.1611328125,55.3244705200,81.5615997314,122.3600006104,68.5475769043
2018-05-18,238.5633544922,55.1235275269,81.8785705566,122.4100036621,68.5805816650
2018-05-21,240.3569641113,55.4712944031,81.9354324341,122.4800033569,68.5805816650
2018-05-22,239.6887664795,55.4017333984,81.9029388428,122.4100036621,68.5805816650
2018-05-23,240.3481445312,54.7912330627,82.2767562866,122.5400009155,68.6383056641
2018-05-24,239.8558197021,54.6212120056,82.4880447388,123.5899963379,68.6795501709
2018-05-25,239.2842407227,54.2657279968,82.8131408691,123.2099990845,68.7372512817
2018-05-29,236.5322875977,53.1606292725,83.7071151733,123.1900024414,68.9351501465
2018-05-30,239.6887664795,53.9720573425,83.3495483398,123.3700027466,68.8526687622
2018-05-31,238.2203979492,53.6320381165,83.3088836670,123.0999984741,68.8197250366
2018-06-01,240.5591735840,54.0957031250,83.0010681152,122.4899978638,68.7668914795
2018-06-04,241.7022399902,54.2579917908,82.7079315186,122.3700027466,68.7090377808
2018-06-05,241.8780364990,54.1729927063,82.9197082520,122.8499984741,68.7503356934
2018-06-06,243.9003295898,54.6598472595,82.5858001709,122.9199981689,68.7256011963
2018-06-07,243.8738708496,54.3507347107,82.9359130859,122.8600006104,68.7916336060
2018-06-08,244.5948944092,54.4125671387,82.8220062256,123.0100021362,68.7751235962
2018-06-11,244.9202880859,54.7603187561,82.7405319214,123.2300033569,68.7503356934
2018-06-12,245.2367553711,54.4125671387,82.6916503906,122.8199996948,68.7173080444
2018-06-13,244.4542388916,54.4898300171,82.5939788818,123.1900024414,68.6842727661
2018-06-14,245.0696563721,54.3739013672,82.8545455933,123.3799972534,68.7090377808
2018-06-15,244.7571411133,54.0957031250,82.9197082520,121.3399963379,68.7420883179
2018-06-18,244.2536468506,53.7093162537,82.9603805542,121.1100006104,68.7585830688
2018-06-19,243.3174896240,53.2159309387,83.1802215576,120.8000030518,68.7834014893
2018-06-20,243.7325439453,53.2553291321,82.9114913940,120.2600021362,68.7503356934
2018-06-21,242.2046356201,52.8770256042,83.1313858032,120.0500030518,68.7916336060
2018-06-22,242.6461791992,53.4366264343,83.1476745605,120.3399963379,68.7998809814
2018-06-25,239.3431549072,52.6957550049,83.2616424561,119.8899993896,68.8246536255
2018-06-26,239.8730621338,52.7903366089,83.3024063110,119.2600021362,68.8246536255
2018-06-27,237.8858947754,52.2937927246,83.6199417114,118.5800018311,68.8659820557
2018-06-28,239.2459869385,52.4908332825,83.5385208130,118.2200012207,68.8659820557
2018-06-29,239.5904388428,52.7824440002,83.4733657837,118.6500015259,68.8494415283
2018-07-02,240.1026916504,52.3016700745,83.4162597656,117.4599990845,68.8411712646
2018-07-03,239.2547302246,52.4593009949,83.6283798218,118.6500015259,68.8659820557
2018-07-05,241.2066497803,52.9794883728,83.6365127563,119.0500030518,68.8577423096
2018-07-06,243.2467651367,53.2632255554,83.7099838257,118.8600006104,68.8742752075
2018-07-09,245.4370880127,53.7755165100,83.4978332520,119.1500015259,68.8329467773
2018-07-10,246.3202819824,53.7518653870,83.4326400757,118.9300003052,68.8246307373
2018-07-11,244.5186157227,52.8533821106,83.6038894653,117.6399993896,68.8494567871
2018-07-12,246.7354125977,53.2632255554,83.5712585449,118.1299972534,68.8411712646
2018-07-13,246.9296722412,53.4287300110,83.7099838257,117.6100006104,68.8577423096
2018-07-16,246.7089233398,53.4050865173,83.5712585449,117.5500030518,68.8411712646
2018-07-17,247.7068176270,53.4996566772,83.5223388672,116.2799987793,68.8329467773
2018-07-18,248.2279815674,53.5075454712,83.4570770264,116.3099975586,68.8246307373
2018-07-19,247.2918243408,53.3971977234,83.6854553223,115.8099975586,68.8577423096
2018-07-20,247.0091247559,53.6494216919,83.3918075562,116.5599975586,68.8577423096
2018-07-23,247.4684143066,53.6494216919,82.9839019775,116.0000000000,68.8163604736
2018-07-24,248.7136535645,53.9646720886,83.0409851074,116.0400009155,68.8246307373
2018-07-25,250.8332977295,54.3666305542,82.9839019775,116.6800003052,68.7998275757
2018-07-26,250.2416229248,54.1223068237,82.8941650391,115.7699966431,68.7998275757
2018-07-27,248.5458984375,54.2247581482,83.0246887207,115.8300018311,68.8081130981
2018-07-30,247.2477111816,54.2168846130,82.9186019897,115.6500015259,68.8081130981
2018-07-31,248.4664459229,54.2878112793,83.0328445435,115.9899978638,68.8081130981
2018-08-01,248.0513610840,54.0119667053,82.8366775513,115.1399993896,68.8147048950
2018-08-02,249.4026794434,53.6572914124,82.9347763062,114.5199966431,68.8561096191
2018-08-03,250.4712219238,53.6888198853,83.1472778320,114.9199981689,68.8644332886
2018-08-06,251.3897857666,53.4602584839,83.1881561279,114.3300018311,68.8810119629
2018-08-07,252.2199249268,53.8779754639,83.0165023804,114.5899963379,68.8561096191
2018-08-08,252.1140289307,53.8306884766,83.0900344849,114.9100036621,68.8644332886
2018-08-09,251.7695465088,53.6730575562,83.3189163208,114.7399978638,68.9058151245
2018-08-10,250.0827026367,52.6011695862,83.6785964966,114.6900024414,68.9721527100
2018-08-13,249.1464538574,52.4120140076,83.6540908813,112.9599990845,68.9555587769
2018-08-14,250.7362365723,52.4041290283,83.5723648071,113.0699996948,68.9555587769
2018-08-15,248.8639678955,51.6475028992,83.7766799927,111.1900024414,68.9887084961
2018-08-16,250.8775329590,52.0100555420,83.7521743774,111.0999984741,68.9721527100
2018-08-17,251.7606811523,52.3174247742,83.7848434448,112.1299972534,68.9970321655
2018-08-20,252.2994384766,52.6011695862,84.0463714600,112.6900024414,69.0384140015
2018-08-21,252.8911743164,52.9243164062,83.9319915771,113.0199966431,69.0218582153
2018-08-22,252.7411193848,53.1292343140,84.0873184204,113.2699966431,69.0384140015
2018-08-23,252.4055328369,52.7509231567,84.0791091919,112.1999969482,69.0301208496
2018-08-24,253.9245147705,53.0583000183,84.1036453247,114.1600036621,69.0384140015
2018-08-27,255.9293670654,53.7676315308,83.9156646729,114.5899963379,69.0135955811
2018-08-28,256.0529785156,53.7203521729,83.7276382446,113.6800003052,68.9887084961
2018-08-29,257.4306945801,54.0119667053,83.7030944824,114.1999969482,68.9804458618
2018-08-30,256.3886108398,53.4996566772,83.8584289551,113.6399993896,69.0301208496
2018-08-31,256.3973999023,53.0740661621,83.8747787476,113.5100021362,69.0467071533
2018-09-04,255.9557952881,52.6248207092,83.6831817627,112.9300003052,69.0309219360
2018-09-05,255.2669525146,52.1440544128,83.6749649048,113.3199996948,69.0309219360
2018-09-06,254.4985809326,51.9864158630,83.8469467163,113.5400009155,69.0558624268
2018-09-07,254.0039520264,51.5686988831,83.4701690674,113.2300033569,68.9811019897
2018-09-10,254.4456024170,51.8839530945,83.5193328857,113.1500015259,68.9894256592
2018-09-11,255.2846679688,51.9312400818,83.2162399292,113.2200012207,68.9479217529
2018-09-12,255.3464508057,52.1519165039,83.3145599365,114.1699981689,68.9479217529
2018-09-13,256.8567199707,52.5381240845,83.3063735962,113.7600021362,68.9562759399
2018-09-14,256.9008789062,52.6169357300,83.1507263184,113.0199966431,68.9313507080
2018-09-17,255.5407257080,52.6642341614,83.1670837402,113.6100006104,68.9147720337
2018-09-18,256.9273376465,53.2159309387,82.8231048584,113.4400024414,68.9064788818
2018-09-19,257.2011108398,53.4050865173,82.6838760376,113.8799972534,68.8898620605
2018-09-20,259.2854309082,54.0671272278,82.6920471191,114.2699966431,68.9147720337
2018-09-21,259.0486145020,54.0907669067,82.7247848511,113.4899978638,68.8981552124
2018-09-24,258.1879882812,53.8464546204,82.6347274780,113.4700012207,68.8981552124
2018-09-25,257.9484252930,54.1144256592,82.5528106689,113.6500015259,68.9064788818
2018-09-26,257.1765136719,54.1380691528,82.8231048584,113.0500030518,68.9147720337
2018-09-27,257.8952636719,54.0277290344,82.8231048584,112.0500030518,68.9147720337
2018-09-28,257.9218139648,53.5863609314,82.8640441895,112.7600021362,68.9479217529
2018-10-01,258.8179321289,53.6494216919,82.6539382935,112.5699996948,68.9288177490
2018-10-02,258.6669921875,53.3735618591,82.8673477173,113.8700027466,68.9537811279
2018-10-03,258.8090209961,53.2789764404,82.2517852783,113.4199981689,68.9205322266
2018-10-04,256.7861328125,52.6563377380,82.0384368896,113.4800033569,68.9039154053
2018-10-05,255.3489227295,52.3410720825,81.8414688110,113.8000030518,68.8956146240
2018-10-08,255.3489227295,52.0888671875,81.8742904663,112.5400009155,68.8789901733
2018-10-09,254.9763946533,51.9548912048,82.0302200317,112.5999984741,68.9039154053
2018-10-10,246.9029846191,50.8514785767,82.0712585449,112.8799972534,68.9205322266
2018-10-11,241.4645843506,50.1421394348,82.4077377319,115.7799987793,68.9454421997
2018-10-12,244.8181457520,50.3234176636,82.3092651367,115.2300033569,68.9454421997
2018-10-15,243.4429626465,50.2051925659,82.3585128784,116.0000000000,68.9704055786
2018-10-16,248.7661285400,51.0642776489,82.3503341675,115.8000030518,68.9454421997
2018-10-17,248.8104705811,50.7726631165,82.1122817993,115.7900009155,68.9454421997
2018-10-18,245.2173156738,49.9529838562,82.2600402832,115.9199981689,68.9869918823
2018-10-19,245.0843658447,50.2367172241,82.1615524292,116.0100021362,68.9454421997
2018-10-22,243.9841918945,50.0160369873,82.1779632568,115.7099990845,68.9288177490
2018-10-23,242.7421417236,49.5431518555,82.3913345337,116.3899993896,68.9704055786
2018-10-24,235.3874053955,48.1402359009,82.8345108032,116.6600036621,69.0784454346
2018-10-25,239.6104125977,48.7471160889,82.6375350952,116.4000015259,69.0535202026
2018-10-26,235.3962402344,48.4160957336,83.0068511963,116.7699966431,69.0950317383
2018-10-29,234.0920257568,48.2821083069,82.9986419678,116.3099975586,69.1200256348
2018-10-30,237.5609893799,48.8653335571,82.8181152344,115.8000030518,69.0867385864
2018-10-31,240.0983581543,49.2278823853,82.6129150391,115.1500015259,69.0535202026
2018-11-01,242.6534729004,49.8584022522,82.6836853027,116.6299972534,69.0918121338
2018-11-02,241.2162170410,49.9293479919,82.2230834961,116.6500015259,69.0085678101
2018-11-05,242.5469818115,49.9293479919,82.2724075317,116.3700027466,69.0335464478
2018-11-06,244.0818328857,50.1342582703,82.1819534302,116.0400009155,69.0168914795
2018-11-07,249.3073272705,50.8041839600,82.1819534302,116.0299987793,68.9918823242
2018-11-08,248.8548736572,50.3076553345,82.0667877197,115.7799987793,68.9835662842
2018-11-09,246.4238739014,49.9766273499,82.3875885010,114.4800033569,69.0168914795
2018-11-12,241.8195343018,49.1569442749,82.6343078613,113.6600036621,69.0668334961
2018-11-13,241.3669433594,49.3697586060,82.7001266479,113.6999969482,69.0751571655
2018-11-14,239.7168884277,49.4091567993,82.8728485107,114.6399993896,69.1251068115
2018-11-15,242.2187500000,49.5667915344,82.9303894043,114.7699966431,69.1584014893
2018-11-16,242.8486022949,49.6219596863,83.1853637695,115.6200027466,69.2083740234
2018-11-19,238.7409515381,49.1884803772,83.3087387085,115.6699981689,69.2666702271
2018-11-20,234.3227691650,48.3372802734,83.2922744751,115.6699981689,69.2500305176
2018-11-21,235.1212768555,49.0150909424,83.2758026123,115.8600006104,69.2500305176
2018-11-23,233.5508728027,48.6919403076,83.3251571655,115.7699966431,69.2333755493
2018-11-26,237.3214721680,49.4249267578,83.2594451904,115.6399993896,69.2417068481
2018-11-27,238.1199035645,49.2357635498,83.3416595459,114.9499969482,69.2500305176
2018-11-28,243.6027984619,49.9372215271,83.3333816528,115.3799972534,69.2750244141
2018-11-29,243.0704956055,49.6850090027,83.5473022461,115.7399978638,69.2916641235
2018-11-30,244.5520629883,49.4722213745,83.7117462158,115.5400009155,69.3166046143
2018-12-03,247.7901763916,50.1263732910,83.8947448730,116.4100036621,69.2599258423
2018-12-04,239.7612457275,48.8259315491,84.2821197510,117.1200027466,69.3099746704
2018-12-06,239.3974914551,48.3688011169,84.4963455200,117.1399993896,69.3766937256
2018-12-07,233.8347625732,47.8801536560,84.7436065674,118.0899963379,69.4517669678
2018-12-10,234.2784576416,47.5097122192,84.7931137085,117.6800003052,69.4517669678
2018-12-11,234.3316650391,47.6594696045,84.5788116455,117.5400009155,69.3850326538
2018-12-12,235.5116119385,48.3609199524,84.3480377197,117.7900009155,69.3766937256
2018-12-13,235.4317779541,48.2742233276,84.3974914551,117.5299987793,69.4434051514
2018-12-14,231.0845642090,47.6515808105,84.5293807983,117.0599975586,69.4851074219
2018-12-17,226.5509796143,47.2732810974,84.7766189575,117.8700027466,69.5518188477
2018-12-18,226.3026580811,47.3115119934,84.9855804443,118.1500015259,69.5927734375
2018-12-19,222.9135742188,46.8574371338,85.2828979492,117.4300003052,69.6094360352
2018-12-20,219.2850952148,46.6662521362,85.1755371094,119.2399978638,69.6011123657
2018-12-21,214.7919616699,45.8536911011,85.2498855591,118.7200012207,69.6512298584
2018-12-24,209.1165161133,45.3199539185,85.4645919800,120.0199966431,69.7096862793
2018-12-26,219.6821441650,46.3714904785,85.0599060059,119.6600036621,69.6428680420
2018-12-27,221.3686981201,46.5069236755,85.2746353149,120.5699996948,69.7180252075
2018-12-28,221.0831451416,46.7538757324,85.7371063232,121.0599975586,69.8182983398
2018-12-31,223.0195922852,46.8255691528,86.0592498779,121.2500000000,69.8433151245
2019-01-02,223.2515563965,46.7299728394,86.2409286499,121.3300018311,69.8516540527
2019-01-03,217.9241485596,46.3077621460,86.9264526367,122.4300003052,69.9936523438
2019-01-04,225.2236938477,47.7257575989,86.2244415283,121.4400024414,69.8433151245
2019-01-07,226.9994964600,47.9089813232,85.9848861694,121.8600006104,69.7932434082
2019-01-08,229.1322631836,48.2196655273,85.7701873779,121.5299987793,69.7514724731
2019-01-09,230.2030792236,48.7613601685,85.8197250366,122.3099975586,69.7848968506
2019-01-10,231.0151519775,48.9525566101,85.7784652710,121.5899963379,69.7932434082
2019-01-11,231.1044006348,48.6179733276,86.0344772339,121.8000030518,69.8350143433
2019-01-14,229.6944732666,48.3949279785,85.9848861694,122.0899963379,69.8350143433
2019-01-15,232.3269195557,48.6498413086,85.9023284912,121.8799972534,69.8600463867
2019-01-16,232.8891143799,48.7852630615,85.8527679443,122.2699966431,69.8433151245
2019-01-17,234.6559753418,48.9605140686,85.6958160400,122.1100006104,69.8350143433
2019-01-18,237.7792663574,49.4544296265,85.4232940674,121.0199966431,69.7765350342
2019-01-22,234.5667724609,48.6896705627,85.7206268311,121.4499969482,69.8350143433
2019-01-23,235.0575714111,48.9127273560,85.6793212891,121.2799987793,69.8182983398
2019-01-24,235.1824798584,48.9684867859,85.9518585205,121.0899963379,69.8767623901
2019-01-25,237.1724548340,49.5261268616,85.7536392212,122.8600006104,69.8266372681
2019-01-28,235.3698425293,49.2552719116,85.7784652710,123.2900009155,69.8350143433
2019-01-29,235.0575714111,49.3668060303,86.0262298584,123.9800033569,69.8683929443
2019-01-30,238.7787170410,49.9085044861,86.2244415283,124.6900024414,69.9602813721
2019-01-31,240.8757171631,49.9324073792,86.6208648682,124.7500000000,70.0187454224
2019-02-01,240.9917297363,49.9164733887,86.1573715210,124.5000000000,69.9367218018
2019-02-04,242.6872558594,50.0996971130,85.9670181274,123.9599990845,69.9367218018
2019-02-05,243.7045898438,50.4900360107,86.1159896851,124.2799987793,69.9367218018
2019-02-06,243.3833007812,50.2351264954,86.1822128296,123.4400024414,69.9701919556
2019-02-07,241.0631256104,49.5659599304,86.4635925293,123.7399978638,70.0204162598
2019-02-08,241.3576812744,49.4066352844,86.5794372559,124.2099990845,70.0455093384
2019-02-11,241.4915313721,49.3588333130,86.4470443726,123.5999984741,70.0204162598
2019-02-12,244.5969390869,49.9324073792,86.3311691284,123.8600006104,70.0120391846
2019-02-13,245.3910675049,49.9403724670,86.1159896851,123.3700027466,69.9618301392
2019-02-14,244.8467559814,49.9562988281,86.5215530396,124.0599975586,70.0538711548
2019-02-15,247.5149078369,50.6812324524,86.4387664795,124.8000030518,70.0204162598
2019-02-19,247.9432830811,50.8724250793,86.5877380371,126.6999969482,70.0706405640
2019-02-20,248.4429931641,51.0158119202,86.5712203979,126.4800033569,70.0622558594
2019-02-21,247.5595855713,50.9122543335,86.3146286011,125.0500030518,70.0371398926
2019-02-22,249.0944213867,51.0795478821,86.5712203979,125.5000000000,70.0873794556
2019-02-25,249.4335021973,51.2309036255,86.4387664795,125.3700027466,70.0789947510
2019-02-26,249.2550659180,51.4778594971,86.6953201294,125.5800018311,70.1124496460
2019-02-27,249.1480102539,51.2707405090,86.3890991211,124.6900024414,70.0956802368
2019-02-28,248.6840057373,51.1990394592,86.1656417847,123.9899978638,70.0789947510
2019-03-01,250.2366027832,51.4778594971,85.8828735352,121.8799972534,70.0320358276
2019-03-04,249.3265075684,51.2866592407,86.1482696533,121.5599975586,70.0487747192
2019-03-05,248.9873352051,51.3344650269,86.1979980469,121.7200012207,70.0571746826
2019-03-06,247.4792633057,51.2069969177,86.4384841919,121.6100006104,70.1074600220
2019-03-07,245.4089660645,50.5537681580,86.7287521362,121.5100021362,70.1661834717
2019-03-08,244.9181823730,50.5617294312,86.8530654907,122.8399963379,70.1912918091
2019-03-11,248.4698028564,50.9998855591,86.7867660522,122.2399978638,70.1745529175
2019-03-12,249.4066772461,50.9680137634,87.0271987915,122.9800033569,70.1997146606
2019-03-13,251.0576019287,51.4061546326,86.9940414429,123.8399963379,70.2080688477
2019-03-14,250.8970336914,51.3981857300,86.8696899414,122.4100036621,70.2248382568
2019-03-15,252.1366271973,51.9558296204,87.1433258057,122.9700012207,70.2499847412
2019-03-18,253.0508270264,52.1390457153,87.0271987915,123.0400009155,70.2332458496
2019-03-19,253.1135101318,52.2426147461,86.9691925049,123.3799972534,70.2248382568
2019-03-20,252.3516693115,52.2665176392,87.5745391846,124.1800003052,70.3254318237
2019-03-21,255.2018127441,52.2346458435,87.5330886841,123.6800003052,70.3254318237
2019-03-22,250.2901916504,51.2309036255,88.1798095703,123.9700012207,70.4427871704
2019-03-25,250.1019592285,51.3025970459,88.4037322998,124.9199981689,70.5182495117
2019-03-26,251.9662780762,51.5575180054,88.3291091919,124.3000030518,70.5098419189
2019-03-27,250.6486968994,51.5814170837,88.5861740112,123.6500015259,70.5685729980
2019-03-28,251.5987548828,51.4539527893,88.5944290161,121.9000015259,70.5601882935
2019-03-29,253.1852416992,51.6690483093,88.4535522461,122.0100021362,70.5182495117
2019-04-01,256.1878662109,52.3302421570,87.8452453613,121.5299987793,70.4460525513
2019-04-02,256.3133239746,52.3461685181,87.9948272705,121.9800033569,70.4796447754
2019-04-03,256.7166137695,52.7524566650,87.7206115723,121.8000030518,70.4460525513
2019-04-04,257.3979187012,52.6409225464,87.8120498657,122.1100006104,70.4628067017
2019-04-05,258.6436767578,52.7763519287,87.8535461426,121.9800033569,70.4543914795
2019-04-08,258.8407897949,52.8082237244,87.7123489380,122.5100021362,70.4376296997
2019-04-09,257.5143737793,52.4736328125,87.8702011108,123.1500015259,70.4460525513
2019-04-10,258.3927001953,52.6727981567,88.0779037476,123.5299987793,70.5047912598
2019-04-11,258.3210449219,52.5612678528,87.8784942627,121.9499969482,70.4628067017
2019-04-12,260.0688171387,52.9277153015,87.4713592529,121.8300018311,70.4207916260
2019-04-15,259.8985290527,52.9516105652,87.5876464844,121.5999984741,70.4292221069
2019-04-16,260.0688171387,52.9914360046,87.2885360718,120.5100021362,70.4207916260
2019-04-17,259.4324035645,53.1427993774,87.3051452637,120.2799987793,70.4460525513
2019-04-18,259.9432983398,53.1109390259,87.5128936768,120.3700027466,70.4628067017
2019-04-22,260.1673583984,53.0233078003,87.3882369995,120.3700027466,70.4712142944
2019-04-23,262.5066833496,53.1268730164,87.5461273193,120.1200027466,70.5047912598
2019-04-24,261.9241027832,52.7604141235,87.8784942627,120.4700012207,70.5467987061
2019-04-25,261.7628479004,52.7205886841,87.7704620361,120.5699996948,70.5467987061
2019-04-26,262.9818725586,52.9356689453,88.0030975342,121.3700027466,70.6223907471
2019-04-29,263.3939819336,53.1507682800,87.8203353882,120.8300018311,70.5972137451
2019-04-30,263.5285034180,53.1826400757,87.9948272705,121.1999969482,70.6475906372
2019-05-01,261.5476989746,52.8799133301,87.9548645020,120.4000015259,70.5852813721
2019-05-02,260.9830017090,52.8002471924,87.7050247192,119.9400024414,70.5516357422
2019-05-03,263.5374145508,53.3658447266,87.8216629028,120.6500015259,70.5769119263
2019-05-06,262.4529418945,52.7604141235,88.0464477539,120.8099975586,70.6190032959
2019-05-07,258.0700378418,51.8363342285,88.3461761475,121.2099990845,70.6526794434
2019-05-08,257.7115478516,51.9000663757,88.1796188354,120.9100036621,70.6442489624
2019-05-09,256.9317932129,51.6610717773,88.4127807617,121.1999969482,70.6863098145
2019-05-10,258.2223815918,52.0434570312,88.3545303345,121.4300003052,70.7031402588
2019-05-13,251.7332000732,50.8325881958,88.7957687378,122.6699981689,70.7873306274
2019-05-14,254.0098114014,51.3424263000,88.7125244141,122.4599990845,70.7873306274
2019-05-15,255.4977722168,51.5256500244,88.9956054688,122.3899993896,70.8377990723
2019-05-16,257.8638916016,51.9398994446,88.8207550049,121.5100021362,70.7956848145
2019-05-17,256.1968383789,51.5973472595,88.8623733521,120.6500015259,70.8125457764
2019-05-20,254.5028533936,51.3902244568,88.7125244141,120.6399993896,70.7788848877
2019-05-21,256.7973937988,51.7327804565,88.6126327515,120.3600006104,70.7451553345
2019-05-22,256.0086364746,51.5256500244,88.8790512085,120.2399978638,70.7788848877
2019-05-23,252.8805389404,51.0556373596,89.4202270508,121.1699981689,70.9051361084
2019-05-24,253.4541168213,51.6053237915,89.3952331543,121.3000030518,70.8798370361
2019-05-28,251.0969390869,51.1034431458,89.7865676880,120.8300018311,70.9387588501
2019-05-29,249.4117889404,50.7768211365,89.7532577515,120.8700027466,70.9471817017
2019-05-30,250.0930175781,50.9680137634,90.0779953003,121.6900024414,71.0061035156
2019-05-31,246.7229461670,50.5059700012,90.6773757935,123.3300018311,71.1575469971
2019-06-03,246.0955657959,50.8007278442,91.1137161255,125.1100006104,71.2916107178
2019-06-04,251.4375457764,51.3822593689,90.7800140381,125.1500015259,71.2410583496
2019-06-05,253.6154937744,51.3663291931,90.7800140381,125.4700012207,71.2747802734
2019-06-06,255.2645568848,51.5734519958,90.7633666992,125.8799972534,71.2325973511
2019-06-07,257.8190612793,52.2266807556,91.1220626831,126.5899963379,71.3084793091
2019-06-10,259.0022277832,52.3700714111,90.6715698242,125.3300018311,71.2410583496
2019-06-11,258.9395141602,52.6329498291,90.6715698242,125.1800003052,71.2157135010
2019-06-12,258.4823608398,52.2426147461,90.9051971436,125.8300018311,71.2747802734
2019-06-13,259.5489196777,52.2904129028,91.1304168701,126.5999984741,71.3506546021
2019-06-14,259.2621459961,51.9080390930,91.1971359253,126.5599975586,71.3253021240
2019-06-17,259.3607482910,51.9454689026,91.1804809570,126.4800033569,71.2916107178
2019-06-18,262.0764770508,52.6372032166,91.3556518555,127.1200027466,71.3000564575
2019-06-19,262.6679992676,52.9627380371,91.6059112549,127.8899993896,71.4517898560
2019-06-20,265.1775817871,53.4265975952,91.7560882568,131.1100006104,71.4855804443
2019-06-21,264.7921752930,53.1987419128,91.3806381226,131.9799957275,71.4517898560
2019-06-24,264.4679870605,53.3126792908,91.6976776123,133.9400024414,71.4939651489
2019-06-25,261.8740234375,52.9952888489,91.8395156860,134.1999969482,71.5108718872
2019-06-26,261.6129150391,53.0603866577,91.4640884399,132.9700012207,71.4265289307
2019-06-27,262.5405273438,53.1906013489,91.7394104004,132.8399963379,71.4855804443
2019-06-28,263.8914794922,53.4917144775,91.7810897827,133.1999969482,71.4855804443
2019-07-01,266.2872619629,53.7439842224,91.6657867432,130.6199951172,71.4399185181
2019-07-02,266.9807128906,53.8986091614,91.9916992188,133.4100036621,71.4821701050
2019-07-03,269.1153564453,54.2648315430,92.1671600342,133.6300048828,71.4990615845
2019-07-05,268.8090515137,53.8497772217,91.5822372437,132.1399993896,71.3554687500
2019-07-08,267.3320617676,53.5405387878,91.4902954102,131.2899932861,71.3216705322
2019-07-09,267.6653137207,53.3126792908,91.4317932129,131.7500000000,71.2963180542
2019-07-10,268.9442749023,53.4998435974,91.4819488525,133.8300018311,71.4230270386
2019-07-11,269.5746765137,53.4835700989,91.0306701660,132.6999969482,71.3892669678
2019-07-12,270.7815246582,53.5486717224,91.1309814453,133.5299987793,71.3976974487
2019-07-15,270.8716430664,53.5975036621,91.3231353760,133.5299987793,71.4145965576
2019-07-16,269.9979248047,53.3777770996,91.1226119995,132.3999938965,71.3892669678
2019-07-17,268.1606140137,53.3045196533,91.5487976074,134.5800018311,71.4567718506
2019-07-18,269.1423645020,53.4672851562,91.7744216919,136.4799957275,71.5412979126
2019-07-19,267.6473083496,53.3126792908,91.6072845459,134.4700012207,71.4652938843
2019-07-22,268.3046264648,53.3696327209,91.6490478516,134.4499969482,71.4737319946
2019-07-23,270.2231140137,53.7032966614,91.4986648560,133.6900024414,71.4567718506
2019-07-24,271.4930725098,53.7439842224,91.6323471069,134.3699951172,71.4737319946
2019-07-25,270.1961975098,53.1987419128,91.4735412598,133.4199981689,71.4314651489
2019-07-26,272.0064697266,53.3045196533,91.4568710327,133.6399993896,71.4399185181
2019-07-29,271.5111083984,53.4184646606,91.5403900146,134.5299987793,71.4399185181
2019-07-30,270.8446044922,52.7999687195,91.5822372437,134.9799957275,71.4483871460
2019-07-31,267.8814697266,52.4500312805,91.8162460327,133.2100067139,71.4399185181
2019-08-01,265.5487365723,52.3035469055,92.8576354980,136.4100036621,71.6430358887
2019-08-02,263.5492858887,51.8396797180,93.0501632690,135.8899993896,71.6599502563
2019-08-05,255.6235504150,50.5457191467,93.8538284302,137.7899932861,71.8038253784
2019-08-06,259.2081298828,50.8875160217,94.0045166016,138.9100036621,71.8376693726
2019-08-07,259.3612670898,51.0828361511,94.0045166016,141.0200042725,71.8461456299
2019-08-08,264.4499511719,51.5792541504,94.0128860474,141.7299957275,71.8207397461
2019-08-09,262.6486816406,51.2211837769,93.8705902100,141.2599945068,71.7784423828
2019-08-12,259.4513854980,50.8142738342,94.4649810791,142.6300048828,71.8546295166
2019-08-13,263.4861450195,51.2944183350,94.1301269531,141.7799987793,71.7699813843
2019-08-14,255.6956024170,49.8865242004,94.7579879761,142.7500000000,71.8630676270
2019-08-15,256.3710327148,50.0574264526,95.3607406616,143.6999969482,72.0154037476
2019-08-16,260.1539611816,50.6596450806,95.1096038818,142.7799987793,72.0069503784
2019-08-19,263.2880554199,50.9689025879,94.6575088501,141.1100006104,71.9307479858
2019-08-20,261.2706604004,50.7979888916,95.0761032104,142.2100067139,71.9815139771
2019-08-21,263.3961791992,51.1560745239,94.8249511719,141.7599945068,71.9138336182
2019-08-22,263.3150939941,51.0584144592,94.6156463623,141.3999938965,71.8799667358
2019-08-23,256.5511474609,50.4236412048,95.2519302368,144.1699981689,71.9984588623
2019-08-26,259.3883056641,50.8386840820,95.1597976685,144.1900024414,71.9646148682
2019-08-27,258.3705444336,50.7979888916,95.5700302124,145.5700073242,71.9899902344
2019-08-28,260.1899108887,50.7979888916,95.6034927368,145.1600036621,72.0069503784
2019-08-29,263.5132751465,51.2374610901,95.4193344116,144.1199951172,71.9730377197
2019-08-30,263.3961791992,51.4409103394,95.4444503784,143.7500000000,71.9984588623
2019-09-03,261.8560485840,51.3432502747,95.6541061401,145.7500000000,72.0543823242
2019-09-04,264.8281860352,52.0675392151,95.8050231934,146.6600036621,72.1137695312
2019-09-05,268.2326965332,52.3442344666,95.0335769653,143.1399993896,71.9526977539
2019-09-06,268.4397888184,52.5151329041,95.0922851562,141.9199981689,71.9611663818
2019-09-09,268.5749206543,52.6697540283,94.5052642822,141.3899993896,71.8848876953
2019-09-10,268.5118713379,52.7592773438,93.8176651001,140.1799926758,71.7661590576
2019-09-11,270.4212341309,53.0522460938,93.7254257202,141.0299987793,71.7661590576
2019-09-12,271.3580322266,53.3614959717,93.5157394409,141.3200073242,71.7492294312
2019-09-13,271.1778259277,53.6626091003,92.6604461670,140.1499938965,71.6305618286
2019-09-16,270.3402404785,53.1824607849,93.0629272461,141.3200073242,71.6899032593
2019-09-17,271.0247192383,53.3614959717,93.3061370850,141.6000061035,71.7238082886
2019-09-18,271.1867675781,53.2963943481,93.3396606445,140.7100067139,71.6814193726
2019-09-19,271.1688232422,53.4754295349,93.3815994263,141.2799987793,71.6899032593
2019-09-20,269.8875732422,53.3533554077,93.9183273315,142.9499969482,71.7661590576
2019-09-23,269.8242492676,53.2150077820,94.0524520874,143.7500000000,71.8085784912
2019-09-24,267.7070007324,53.0115509033,94.5220413208,144.5099945068,71.8848876953
2019-09-25,269.2903747559,52.8569335938,93.9014663696,141.8300018311,71.7916107178
2019-09-26,268.7295227051,53.0522460938,94.1027526855,141.7899932861,71.8255233765
2019-09-27,267.2817993164,52.8732109070,94.2369155884,141.0599975586,71.8679046631
2019-09-30,268.5213623047,53.0685272217,94.3124008179,138.8699951172,71.9018325806
2019-10-01,265.3273315430,52.5476799011,94.5736083984,139.6300048828,71.9824676514
2019-10-02,260.6403198242,51.4734611511,94.9011306763,141.2599945068,72.0589218140
2019-10-03,262.7758178711,51.8152542114,95.3966522217,141.8999938965,72.2117080688
2019-10-04,266.3316040039,52.2221679688,95.5813674927,141.8999938965,72.2032852173
2019-10-07,265.1825866699,52.1570587158,95.2622451782,140.6900024414,72.1268310547
2019-10-08,261.0657653809,51.6687812805,95.4638061523,141.9199981689,72.1692657471
2019-10-09,263.5448608398,52.0431289673,95.2202453613,142.0500030518,72.1268310547
2019-10-10,265.3273315430,52.4093360901,94.6239624023,140.8099975586,72.0419082642
2019-10-11,268.0779724121,53.3452262878,93.9773178101,140.0299987793,71.9739913940
2019-10-14,267.7793884277,53.1254920959,94.2376708984,140.5899963379,71.9824676514
2019-10-15,270.4304809570,53.7439842224,93.7841491699,139.6100006104,71.9655303955
2019-10-16,269.9961853027,53.8253669739,93.9689102173,140.4100036621,71.9994964600
2019-10-17,270.7923889160,53.9555816650,93.9353179932,140.6100006104,71.9994964600
2019-10-18,269.6071472168,53.9311676025,94.0192871094,140.4600067139,72.0249481201
2019-10-21,271.4347839355,54.2241363525,93.6749725342,139.7899932861,71.9909362793
2019-10-22,270.5481567383,54.0939216614,93.8933334351,140.1999969482,72.0164413452
2019-10-23,271.3353271484,54.3869018555,93.9269180298,140.5299987793,72.0079727173
2019-10-24,271.7787170410,54.4845466614,93.9101333618,141.5299987793,72.0079727173
2019-10-25,272.8916015625,54.5415191650,93.7085266113,141.8600006104,71.9655303955
2019-10-28,274.4298400879,54.7856597900,93.3558197021,140.6399993896,71.9400405884
2019-10-29,274.3483276367,54.7693977356,93.4398193359,140.2500000000,71.9569931030
2019-10-30,275.1898193359,54.9972610474,93.8933334351,141.0200042725,71.9994964600
2019-10-31,274.4569091797,54.8670425415,94.4895782471,142.4299926758,72.1268310547
2019-11-01,276.9993896484,55.3553237915,94.3112869263,142.5599975586,72.0842666626
2019-11-04,278.1123352051,55.6401710510,93.8318328857,142.1499938965,72.0332489014
2019-11-05,277.8047180176,55.5343742371,93.3272323608,139.8500061035,71.9822082520
2019-11-06,277.8680419922,55.5099487305,93.5963745117,140.4499969482,72.0247650146
2019-11-07,278.8452453613,55.6808586121,92.8477859497,138.2700042725,71.9396820068
2019-11-08,279.5328979492,55.6483001709,92.7216186523,137.3899993896,71.9482421875
2019-11-11,278.9990234375,55.5750617981,92.8225708008,137.0599975586,71.9652633667
2019-11-12,279.5871887207,55.5994758606,92.8646240234,137.4299926758,71.9737167358
2019-11-13,279.6776733398,55.4041595459,93.1169357300,137.9799957275,72.0077743530
2019-11-14,280.0847473145,55.2495460510,93.5879592896,138.5599975586,72.0757980347
2019-11-15,282.1115722656,55.5994758606,93.5122604370,138.2100067139,72.0503005981
2019-11-18,282.3196716309,55.6645774841,93.6720733643,138.6199951172,72.0842666626
2019-11-19,282.2382812500,55.5913314819,93.8486709595,138.6900024414,72.0757980347
2019-11-20,281.1887817383,55.2413940430,94.1935501099,138.7599945068,72.1097946167
2019-11-21,280.7363281250,55.1681671143,93.9580535889,138.0000000000,72.0757980347
2019-11-22,281.3606567383,55.3227767944,93.9412307739,137.7400054932,72.0672454834
2019-11-25,283.5411987305,55.7622375488,93.9832687378,137.0800018311,72.0757980347
2019-11-26,284.1836242676,55.7296867371,94.1598587036,137.7400054932,72.1097946167
2019-11-27,285.4503479004,55.8761672974,93.9159698486,137.0099945068,72.0672454834
2019-11-29,284.3917846680,55.4855384827,93.8402709961,137.8600006104,72.0928039551
2019-12-02,281.9758605957,55.2007141113,93.5033798218,137.7899932861,72.0706481934
2019-12-03,280.0847473145,54.9972610474,94.3372650146,139.1100006104,72.1728897095
2019-12-04,281.8129882812,55.5018043518,93.9750518799,138.9199981689,72.1388015747
2019-12-05,282.3196716309,55.3960151672,93.7560348511,139.0000000000,72.1046905518
2019-12-06,284.8984680176,55.9005928040,93.4696807861,137.6199951172,72.0792007446
2019-12-09,284.0027770996,55.6076164246,93.5455245972,137.5800018311,72.0792007446
2019-12-10,283.6859436035,55.6320228577,93.4359436035,137.9700012207,72.0451278687
2019-12-11,284.4913024902,55.9250030518,93.8234405518,138.9199981689,72.1046905518
2019-12-12,286.9432678223,56.2993469238,93.0822143555,138.4299926758,72.0366058350
2019-12-13,287.1152038574,56.6899833679,93.6296997070,139.0500030518,72.1217880249
2019-12-16,289.0877685547,57.2956924438,93.1917572021,139.0399932861,72.0792007446
2019-12-17,289.1510314941,56.9664955139,93.2001190186,139.0099945068,72.0961837769
2019-12-18,289.1691589355,56.8924217224,92.9474411011,139.0200042725,72.1046905518
2019-12-19,290.3544616699,56.8924217224,93.0199966431,139.3800048828,72.1192016602
2019-12-20,291.6274414062,56.9335861206,93.0199966431,139.5200042725,72.1192016602
2019-12-23,292.0729370117,57.0241012573,92.9356231689,139.9499969482,72.1021881104
2019-12-24,292.0821228027,56.9664955139,93.0959091187,141.2700042725,72.1106872559
2019-12-26,293.6368713379,57.2133941650,93.2308578491,142.3800048828,72.1363067627
2019-12-27,293.5641784668,57.3121452332,93.3658218384,142.3300018311,72.1874694824
2019-12-30,291.9455871582,56.8842124939,93.3067779541,142.6300048828,72.2130508423
2019-12-31,292.6548461914,57.1475524902,92.9694137573,142.8999938965,72.2045288086
2020-01-02,295.3917846680,57.7236442566,93.3995285034,143.9499969482,72.2386932373
2020-01-03,293.1549987793,57.0076560974,94.0237426758,145.8600006104,72.2983627319
2020-01-06,294.2733154297,57.2298355103,93.9225082397,147.3899993896,72.2727890015
2020-01-07,293.4460144043,57.0734901428,93.7875595093,147.9700012207,72.2727890015
2020-01-08,295.0098876953,57.2380943298,93.5682296753,146.8600006104,72.2386932373
2020-01-09,297.0103149414,57.3697471619,93.6357345581,146.0299987793,72.2471847534
2020-01-10,296.1555480957,57.1557807922,93.8381958008,146.9100036621,72.2642440796
2020-01-13,298.1922912598,57.4520454407,93.7285079956,145.8200073242,72.2557449341
2020-01-14,297.7376708984,57.5096511841,93.9140930176,145.6900024414,72.2642440796
2020-01-15,298.4105529785,57.5096511841,94.1502761841,146.5399932861,72.2983627319
2020-01-16,300.8927917480,57.7483139038,93.9562530518,146.3099975586,72.2983627319
2020-01-17,301.8293762207,57.9211578369,93.8803405762,146.5800018311,72.3240051270
2020-01-21,301.2383117676,57.4602775574,94.2514572144,146.7400054932,72.3410491943
2020-01-22,301.2747497559,57.5755043030,94.2683563232,146.7899932861,72.3581619263
2020-01-23,301.6201782227,57.4355964661,94.5045471191,147.1199951172,72.3837280273
2020-01-24,298.9378662109,57.1887092590,94.8419189453,147.9799957275,72.4093246460
2020-01-27,294.1461181641,56.0036048889,95.4829635620,148.9900054932,72.4860992432
2020-01-28,297.2284545898,56.5303115845,95.1624450684,147.6600036621,72.4519577026
2020-01-29,296.9829406738,56.5385360718,95.6179275513,148.4600067139,72.5202178955
2020-01-30,297.9468078613,56.4891777039,95.7107009888,148.4700012207,72.5287628174
2020-01-31,292.5368041992,55.5345191956,96.1915054321,149.3300018311,72.6226348877
2020-02-03,294.7098999023,55.6661872864,96.1096191406,148.3600006104,72.6012496948
2020-02-04,299.2015991211,56.5961570740,95.5521392822,146.4299926758,72.5243530273
2020-02-05,302.6567077637,57.1393241882,95.1382827759,146.6100006104,72.4730911255
2020-02-06,303.6751403809,57.2956924438,95.2058410645,147.3999938965,72.4901504517
2020-02-07,302.0566406250,56.7525215149,95.6619186401,147.7899932861,72.5328826904
2020-02-10,304.3115539551,56.8677444458,95.8477630615,148.1699981689,72.5670623779
2020-02-11,304.8389587402,57.2545356750,95.6197128296,147.6600036621,72.5328826904
2020-02-12,306.8029785156,57.4520454407,95.3747634888,147.5399932861,72.4986953735
2020-02-13,306.4757385254,57.0488052368,95.4592361450,148.3800048828,72.5158004761
2020-02-14,306.9666442871,56.9500389099,95.6957092285,149.0000000000,72.5500030518
2020-02-18,306.1756286621,56.5879249573,95.8477630615,150.9100036621,72.5756225586
2020-02-19,307.6395874023,56.7772102356,95.8308715820,151.7899932861,72.5841674805
2020-02-20,306.3756408691,56.4397964478,96.1096191406,152.4100036621,72.6012496948
2020-02-21,303.2204589844,56.1764373779,96.4981307983,154.6999969482,72.6611022949
2020-02-24,293.1641235352,53.9297142029,97.2498245239,156.0899963379,72.7807083130
2020-02-25,284.2805786133,53.0409011841,97.5201034546,153.3000030518,72.8575973511
2020-02-26,283.2349243164,53.1067390442,97.4694442749,153.9700012207,72.9088897705
2020-02-27,270.5144042969,51.5348434448,97.9423751831,154.0000000000,72.9943466187
2020-02-28,269.3778381348,51.2221107483,99.0404281616,148.3800048828,73.2592163086
2020-03-02,281.0436706543,51.8805007935,98.9727935791,149.1999969482,73.2292633057
2020-03-03,272.9966735840,51.4607772827,100.1228332520,153.8899993896,73.5202331543
2020-03-04,284.4715576172,52.9997482300,99.9029998779,154.1600036621,73.5288009644
2020-03-05,275.0152282715,51.5924568176,100.7908859253,157.4900054932,73.6828689575
2020-03-06,270.4689636230,50.8188591003,101.8140563965,157.5500030518,73.7684097290
2020-03-09,249.3467712402,46.8767929077,102.7273712158,157.8099975586,74.1706542969
2020-03-10,262.2492065430,48.6050415039,100.8416366577,154.4799957275,73.8454208374
2020-03-11,249.4650268555,46.1278877258,99.8353042603,153.9299926758,73.7598953247
2020-03-12,225.5968627930,41.0583534241,99.8860244751,147.7899932861,73.7427673340
2020-03-13,244.8822937012,43.5437393188,99.2349014282,143.2799987793,73.8368988037
2020-03-16,218.0863800049,39.0502815247,101.8563919067,141.6399993896,73.9567337036
2020-03-17,229.8612823486,40.9513549805,99.3025512695,143.5599975586,73.7855453491
2020-03-18,218.2227630615,38.6058731079,97.9242095947,140.6999969482,73.6914291382
2020-03-19,218.6864471436,39.2066459656,98.2455596924,138.0399932861,73.8197708130
2020-03-20,209.2623291016,38.7210884094,100.7485961914,140.1100006104,74.0165939331
2020-03-23,203.9119262695,38.2684516907,101.9409713745,146.3000030518,74.1021804810
2020-03-24,222.3869934082,41.5109786987,101.2475051880,153.3999938965,73.9994659424
2020-03-25,225.7161560059,42.8606681824,101.3067016602,151.3000030518,74.0850677490
2020-03-26,238.8956451416,44.7782020569,101.5519485474,153.2400054932,74.1706542969
2020-03-27,231.7799835205,43.5025939941,102.3045578003,152.2500000000,74.1535415649
2020-03-30,239.3072052002,44.3831672668,102.5413436890,152.9199981689,74.1877670288
2020-03-31,235.7402496338,43.9963722229,102.7273712158,148.0500030518,74.1706542969
2020-04-01,225.1307678223,42.0459213257,103.1456375122,149.4499969482,74.2186126709
2020-04-02,230.3258056641,42.8688926697,103.1625442505,151.8999938965,74.2357635498
2020-04-03,226.9965820312,41.8895492554,103.2387542725,152.6499938965,74.2186126709
2020-04-06,242.2431182861,44.1115913391,102.7731094360,156.8800048828,74.1672439575
2020-04-07,242.4900817871,44.3584899902,102.3159027100,156.0399932861,74.1500930786
2020-04-08,250.6300506592,44.7205963135,102.1889343262,154.6499938965,74.1929168701
2020-04-09,254.4439392090,45.7328567505,102.4090499878,158.6900024414,74.2186126709
2020-04-13,252.1208953857,45.2966766357,102.1889343262,161.4100036621,74.2272109985
2020-04-14,259.5566406250,46.1031951904,102.3244247437,162.6799926758,74.2272109985
2020-04-15,254.0415649414,44.6629829407,103.2387542725,161.8500061035,74.2528915405
2020-04-16,255.2671661377,44.6876716614,103.3488159180,161.7100067139,74.2700347900
2020-04-17,262.1633300781,45.8727722168,103.0778656006,158.5700073242,74.2443389893
2020-04-20,257.5444946289,45.1896934509,103.3488159180,159.6999969482,74.2443389893
2020-04-21,249.7245941162,44.3091049194,103.6366729736,158.6100006104,74.2614593506
2020-04-22,255.2671661377,45.0580177307,103.3149337769,161.7299957275,74.2357635498
2020-04-23,255.2488250732,44.9181137085,103.3826675415,163.3399963379,74.2272109985
2020-04-24,258.8066711426,45.4365882874,103.4080581665,162.6399993896,74.2272109985
2020-04-27,262.5382995605,46.0373573303,102.8577423096,161.5599975586,74.2272109985
2020-04-28,261.3309631348,46.3830108643,103.3064727783,160.8399963379,74.2528915405
2020-04-29,268.1721801758,47.5434074402,103.2556838989,161.7299957275,74.2443389893
2020-04-30,265.6754455566,46.5558357239,103.0101394653,158.8000030518,74.3728332520
2020-05-01,258.6419982910,45.5435714722,103.1525344849,159.7799987793,74.2631072998
2020-05-04,259.3555297852,45.5271110535,103.1694717407,160.3399963379,74.2631072998
2020-05-05,261.7517700195,45.6094017029,103.0931777954,161.0200042725,74.2544937134
2020-05-06,259.9773559570,45.3131408691,102.7118530273,158.9499969482,74.2802200317
2020-05-07,263.1145019531,45.9962120056,103.3389892578,161.3899993896,74.3316879272
2020-05-08,267.4680480957,46.7780456543,102.9999847412,160.4199981689,74.3145523071
2020-05-11,267.5228881836,46.7368888855,102.7118530273,159.4199981689,74.2888336182
2020-05-12,262.1907653809,46.1443405151,103.0508193970,160.0399932861,74.3059692383
2020-05-13,257.5536804199,45.7904701233,103.2627029419,161.5800018311,74.3059692383
2020-05-14,260.6358947754,45.3542900085,103.4237213135,163.0099945068,74.2888336182
2020-05-15,261.8340148926,45.3954315186,103.3559570312,163.9299926758,74.3316879272
2020-05-18,269.8094177246,47.2306709290,102.7203063965,162.6900024414,74.2716674805
2020-05-19,267.0381164551,46.5805282593,103.0084762573,164.2599945068,74.3145523071
2020-05-20,271.5746154785,47.5516395569,103.0338668823,164.6499938965,74.3145523071
2020-05-21,269.6996765137,47.0002441406,103.1016540527,162.2500000000,74.2973937988
2020-05-22,270.2118530273,46.8685684204,103.2966537476,163.2100067139,74.2973937988
2020-05-26,273.5410461426,48.2100219727,103.0254058838,160.8899993896,74.2973937988
2020-05-27,277.6109924316,48.7943305969,103.1101226807,161.1799926758,74.2802200317
2020-05-28,277.0988769531,49.2551956177,103.0169296265,161.7200012207,74.3145523071
2020-05-29,278.3335876465,49.0823783875,103.3474655151,162.9100036621,74.3145523071
2020-06-01,279.4584960938,50.1769371033,103.3067550659,163.6600036621,74.3059768677
2020-06-02,281.7724914551,50.6460227966,103.1370697021,162.6000061035,74.3059768677
2020-06-03,285.5223999023,51.8558120728,102.5262451172,159.6000061035,74.2458953857
2020-06-04,284.7723388672,51.6336097717,102.1190032959,161.2799987793,74.2630615234
2020-06-05,292.0709533691,52.5224227905,101.6100006104,158.0099945068,74.2372894287
2020-06-08,295.6014099121,53.2054939270,101.7202758789,159.7200012207,74.2201690674
2020-06-09,293.3970642090,52.5141868591,102.0850753784,161.2599945068,74.2458953857
2020-06-10,291.7600097656,52.3989753723,102.8486175537,163.5700073242,74.2888259888
2020-06-11,274.9403686523,49.5926246643,103.2133941650,162.3899993896,74.2544555664
2020-06-12,278.2329711914,50.4485130310,102.9843673706,162.6199951172,74.2802352905
2020-06-15,280.8303527832,50.6555137634,102.8995437622,162.3300018311,74.2630615234
2020-06-16,286.2357788086,51.2815055847,102.6874237061,162.2500000000,74.2544555664
2020-06-17,285.0468444824,51.4734840393,102.8486175537,162.5599975586,74.2802352905
2020-06-18,285.1565856934,51.1980400085,103.0776901245,162.2400054932,74.2716674805
2020-06-19,283.5268859863,50.9476470947,103.1116256714,164.0299987793,74.2888259888
2020-06-22,285.3458557129,51.5569419861,103.0183334351,165.0899963379,74.2716674805
2020-06-23,286.6593933105,51.8407325745,102.9843673706,166.4799957275,74.2888259888
2020-06-24,279.3471679688,50.5136184692,103.1794891357,165.8999938965,74.2973709106
2020-06-25,282.3418884277,51.2314262390,103.1964263916,165.8000030518,74.2973709106
2020-06-26,275.6358032227,50.4885787964,103.4764251709,166.5399932861,74.3231430054
2020-06-29,279.6868896484,50.8975601196,103.5782165527,166.6300048828,74.3402709961
2020-06-30,283.2696228027,50.8057556152,103.3915939331,167.3699951172,74.3317108154
2020-07-01,285.2539978027,50.9977264404,103.2302474976,166.6199951172,74.3067855835
2020-07-02,286.8247680664,51.5569419861,103.3575973511,166.9799957275,74.3411712646
2020-07-06,291.2525329590,52.3999481201,103.2047882080,167.9799957275,74.3153762817
2020-07-07,288.2486572266,51.6320648193,103.5359573364,169.0399932861,74.3325805664
2020-07-08,290.4533081055,52.0660934448,103.3746109009,170.0899963379,74.3325805664
2020-07-09,288.7998046875,51.4734840393,103.7057571411,169.6300048828,74.3497161865
2020-07-10,291.7486572266,52.0243606567,103.5019836426,169.1900024414,74.3239974976
2020-07-13,289.2223815918,51.6904869080,103.6123733521,169.3999938965,74.3239974976
2020-07-14,292.9703979492,52.4500350952,103.6038742065,170.1900024414,74.3325805664
2020-07-15,295.6620483398,53.0426406860,103.5699310303,170.3399963379,74.3411712646
2020-07-16,294.6882629395,52.7004280090,103.6463317871,168.7299957275,74.3411712646
2020-07-17,295.5426635742,53.0092544556,103.6208343506,170.1199951172,74.3583297729
2020-07-20,297.9310913086,53.2679939270,103.6887817383,170.9400024414,74.3411712646
2020-07-21,298.5649719238,53.3765029907,103.7991485596,173.0000000000,74.3583297729
2020-07-22,300.2643432617,53.5183944702,103.8331451416,175.6300048828,74.3497161865
2020-07-23,296.6816711426,53.0927162170,103.9350509644,177.1799926758,74.3497161865
2020-07-24,294.7710266113,52.8005905151,103.8841018677,178.6999969482,74.3583297729
2020-07-27,296.9205322266,53.4933586121,103.7227630615,182.2299957275,74.3325805664
2020-07-28,295.0373535156,53.1511497498,103.9690017700,183.7500000000,74.3497161865
2020-07-29,298.6659240723,53.7103691101,104.1048812866,185.1300048828,74.3669357300
2020-07-30,297.6003417969,52.9174423218,104.2492141724,183.7599945068,74.3926620483
2020-07-31,299.9519653320,51.7906417847,104.2746887207,185.4299926758,74.4012985229
2020-08-03,302.0373535156,52.8005905151,104.2237091064,185.6399993896,74.4013061523
2020-08-04,303.2039489746,53.0927162170,104.5806503296,189.5899963379,74.4098663330
2020-08-05,305.0871276855,53.2679939270,104.2322311401,191.3500061035,74.3926620483
2020-08-06,307.1265869141,53.3264312744,104.3511505127,193.8899993896,74.3926620483
2020-08-07,307.3470764160,53.1094207764,104.1302490234,190.8099975586,74.3840866089
2020-08-10,308.2656860352,53.2846908569,104.0197296143,190.1499938965,74.3669128418
2020-08-11,305.7210693359,53.4766578674,103.6628189087,179.9400024414,74.3496932983
2020-08-12,309.9835510254,54.6618766785,103.3568801880,179.1000061035,74.3325195312
2020-08-13,309.4232177734,54.4198188782,103.1443939209,183.3300018311,74.3239212036
2020-08-14,309.4323120117,54.0859718323,103.1954193115,182.5399932861,74.3325195312
2020-08-17,310.4152526855,54.4949417114,103.3653793335,186.5000000000,74.3411254883
2020-08-18,311.0858764648,54.4615592957,103.5438232422,188.1799926758,74.3496932983
2020-08-19,309.7906494141,54.2195053101,103.4078598022,182.2400054932,74.3496932983
2020-08-20,310.7551269531,54.0442352295,103.7053146362,183.5000000000,74.3496932983
2020-08-21,311.8575134277,53.7687911987,103.7817916870,182.0299987793,74.3411254883
2020-08-24,315.0175781250,54.4782524109,103.6373291016,181.0000000000,74.3325195312
2020-08-25,316.1199951172,54.5116386414,103.3908538818,181.2200012207,74.3411254883
2020-08-26,319.2893066406,54.8288154602,103.3483657837,183.3600006104,74.3411254883
2020-08-27,319.9874267578,54.2695922852,102.9829025269,181.2400054932,74.3325195312
2020-08-28,322.0543518066,54.6535301208,103.1529083252,184.3899993896,74.3582916260
2020-08-31,320.8876647949,54.2362060547,103.2633972168,184.8300018311,74.3840866089
2020-09-01,323.9099121094,54.2946395874,103.6018447876,185.0500030518,74.3660202026
2020-09-02,328.5950622559,55.0207824707,103.7464218140,182.6199951172,74.3746109009
2020-09-03,317.2866821289,53.7771415710,103.8824920654,181.1399993896,74.3660202026
2020-09-04,314.6961059570,53.8522529602,103.3042144775,181.6399993896,74.3402252197
2020-09-08,306.0976867676,53.1928863525,103.5253448486,181.2899932861,74.3488082886
2020-09-09,312.1423645020,54.1861267090,103.4743347168,183.0500030518,74.3574447632
2020-09-10,306.7223510742,53.5517845154,103.6018447876,182.4600067139,74.3488082886
2020-09-11,306.8784179688,54.0859718323,103.7634353638,182.4499969482,74.3660202026
2020-09-14,310.9205017090,54.3781013489,103.6699066162,183.8899993896,74.3574447632
2020-09-15,312.4913635254,54.7286453247,103.6188583374,183.4499969482,74.3660202026
2020-09-16,311.2512512207,54.7286453247,103.5593566895,183.9700012207,74.3746109009
2020-09-17,308.5137634277,54.8037757874,103.5933761597,182.9600067139,74.3574447632
2020-09-18,304.9618225098,54.3614006042,103.4998016357,183.1999969482,74.3660202026
2020-09-21,301.5678100586,52.9842109680,103.6868972778,179.5200042725,74.3574447632
2020-09-22,304.6390686035,52.9675178528,103.6868972778,178.6499938965,74.3746109009
2020-09-23,297.5741271973,52.5251502991,103.6868972778,174.7899932861,74.3746109009
2020-09-24,298.3673095703,52.4750709534,103.7379226685,175.4400024414,74.3660202026
2020-09-25,303.1910705566,52.6503562927,103.8229980469,174.9400024414,74.3746109009
2020-09-28,308.2268371582,53.4432716370,103.8059692383,176.6999969482,74.3832244873
2020-09-29,306.5483398438,53.3848495483,103.8824920654,178.1900024414,74.3746109009
2020-09-30,308.8725280762,53.1261062622,103.6018447876,177.1199951172,74.3832244873
2020-10-01,310.8554687500,53.4349250793,103.6606140137,178.6999969482,74.3660125732
2020-10-02,307.9040222168,53.3264312744,103.5584793091,178.5399932861,74.3746032715
2020-10-05,313.3641662598,54.1360435486,102.9031906128,179.4100036621,74.3488159180
2020-10-06,308.9093017578,53.5601272583,103.1414489746,177.3000030518,74.3488159180
2020-10-07,314.2864379883,54.0191917419,102.8436203003,177.2200012207,74.3402099609
2020-10-08,317.0718078613,54.3947944641,103.0308227539,177.8500061035,74.3402099609
2020-10-09,319.9032592773,54.8204727173,102.9797897339,181.0800018311,74.3402099609
2020-10-12,325.0497741699,55.1376266479,103.0904235840,180.5599975586,74.3574295044
2020-10-13,322.9284057617,54.5199813843,103.3201904297,177.7200012207,74.3488159180
2020-10-14,320.8993530273,54.4281730652,103.3542251587,178.2700042725,74.3488159180
2020-10-15,320.5027770996,53.7854881287,103.2435913086,178.9199981689,74.3660125732
2020-10-16,320.3092041016,54.0358772278,103.1840209961,178.3000030518,74.3574295044
2020-10-19,315.4393920898,53.8355674744,103.0138320923,178.3899993896,74.3574295044
2020-10-20,316.7029113770,54.1026649475,102.7925415039,179.2500000000,74.3488159180
2020-10-21,316.1033630371,53.8439216614,102.6563796997,180.6000061035,74.3488159180
2020-10-22,317.8373413086,53.8856468201,102.2989654541,178.8300018311,74.3230209351
2020-10-23,318.9164428711,54.2362060547,102.4436492920,178.6399993896,74.3316116333
2020-10-26,313.0228881836,53.2596511841,102.7159500122,178.5500030518,74.3402099609
2020-10-27,311.9436645508,52.8423233032,102.9457397461,179.0200042725,74.3402099609
2020-10-28,301.2818908691,51.2648200989,102.9372024536,176.1300048828,74.3402099609
2020-10-29,304.3439331055,51.5068664551,102.5032272339,175.3999938965,74.3574295044
2020-10-30,301.1711730957,51.2397727966,102.1713256836,176.1999969482,74.3488159180
2020-11-02,304.5468139648,51.9075012207,102.3467483521,177.9100036621,74.3479461670
2020-11-03,309.9238891602,53.2679939270,102.1167984009,178.9199981689,74.3307723999
2020-11-04,316.8504638672,53.8522529602,102.9768829346,178.8200073242,74.3479461670
2020-11-05,323.0299377441,55.1459808350,102.9598312378,182.9299926758,74.3307723999
2020-11-06,322.9560852051,55.2628364563,102.6107254028,183.1900024414,74.3393707275
2020-11-09,327.0143432617,56.8737258911,101.8528671265,175.0800018311,74.3135375977
2020-11-10,326.5347290039,57.3828659058,101.5633316040,175.6600036621,74.3049240112
2020-11-11,328.9604492188,57.8669776917,101.7251281738,174.8999938965,74.2876968384
2020-11-12,325.7692565918,57.0239715576,102.3041687012,175.9600067139,74.2963180542
2020-11-13,330.2793273926,57.9003639221,102.1679382324,177.1600036621,74.2963180542
2020-11-16,334.4020996094,58.5013198853,102.0913085938,177.1499938965,74.3135375977
2020-11-17,332.6034240723,58.4428825378,102.3552398682,176.5000000000,74.3049240112
2020-11-18,328.6006469727,58.1340599060,102.3212127686,175.4900054932,74.3049240112
2020-11-19,329.9841003418,58.5430564880,102.4318923950,175.1600036621,74.3221588135
2020-11-20,327.7244873047,58.7183380127,102.6107254028,175.6900024414,74.3307723999
2020-11-23,329.6890258789,58.6432037354,102.4063339233,172.2299957275,74.3307723999
2020-11-24,335.0014953613,59.5195999146,102.2445449829,169.5899963379,74.3393707275
2020-11-25,334.4850158691,59.4444808960,102.2786254883,169.5099945068,74.3479461670
2020-11-27,335.4165954590,59.8534660339,102.5851974487,167.7899932861,74.3479461670
2020-11-30,333.9316406250,58.5513954163,102.5170364380,166.6699981689,74.3651657104
2020-12-01,337.5839843750,59.9285964966,101.9717330933,170.1799926758,74.3246994019
2020-12-02,338.2941894531,59.9369354248,101.8013000488,171.4600067139,74.3419113159
2020-12-03,338.2019348145,60.0370864868,102.0739517212,172.8099975586,74.3591537476
2020-12-04,341.1164550781,60.5462341309,101.6734771729,172.3200073242,74.3505172729
2020-12-07,340.4154968262,60.0537757874,101.9887161255,174.8899993896,74.3677520752
2020-12-08,341.4115905762,60.2624511719,102.0910110474,175.5000000000,74.3505172729
2020-12-09,338.3495178223,60.3459129333,101.9461441040,172.5000000000,74.3419113159
2020-12-10,338.2388305664,60.4293823242,102.1762084961,172.1699981689,74.3591537476
2020-12-11,337.8421936035,60.2457618713,102.3807296753,172.4900054932,74.4021453857
2020-12-14,336.3296813965,60.2828445435,102.3210754395,171.5399932861,74.3935852051
2020-12-15,340.8765869141,60.8980560303,102.2188186646,173.9400024414,74.3935852051
2020-12-16,341.4115905762,61.1340255737,102.1336059570,174.8999938965,74.3935852051
2020-12-17,343.3207397461,61.5638427734,102.0594406128,176.7400054932,74.3953018188
2020-12-18,341.9498901367,61.2435836792,101.9741821289,176.4400024414,74.3867111206
2020-12-21,340.7272949219,60.4598045349,102.0423889160,175.8800048828,74.3867111206
2020-12-22,340.1530151367,60.3081092834,102.2129135132,174.4900054932,74.3867111206
2020-12-23,340.4587402344,60.9570465088,101.9997482300,175.6499938965,74.4039459229
2020-12-24,341.7831726074,60.9823341370,102.1446838379,176.3500061035,74.3867111206
2020-12-28,344.7194213867,61.4795570374,102.1532287598,175.7100067139,74.3953018188
2020-12-29,344.0617980957,61.8756561279,102.1361465454,176.3500061035,74.3953018188
2020-12-30,344.5525817871,61.9599266052,102.2044067383,177.6999969482,74.4039459229
2020-12-31,346.3032531738,61.4879646301,102.2725677490,178.3600006104,74.3953018188
2021-01-04,341.5887451172,61.8082237244,102.2981491089,182.3300018311,74.4039459229
2021-01-05,343.9412841797,62.4487342834,102.0594406128,182.8699951172,74.4039459229
2021-01-06,345.9976196289,63.1650848389,101.4625396729,179.8999938965,74.3608703613
2021-01-07,351.1381835938,63.2325057983,101.1044998169,179.4799957275,74.3780746460
2021-01-08,353.1388854980,63.8224449158,100.8145828247,173.3399963379,74.3694305420
2021-01-11,350.7584838867,62.9881057739,100.6184997559,173.0000000000,74.3608703613
2021-01-12,350.8325500488,63.2746543884,100.6014709473,174.1199951172,74.3608703613
2021-01-13,351.7773742676,63.1903800964,100.9510040283,173.3699951172,74.3522186279
2021-01-14,350.5454406738,63.6960258484,100.7207946777,173.2799987793,74.3608703613
2021-01-15,347.9890136719,62.7015762329,100.9936294556,171.1300048828,74.3694305420
2021-01-19,350.7214660645,63.1566658020,101.0533294678,172.5800018311,74.3953018188
2021-01-20,355.5749206543,63.5864639282,101.0959701538,175.3899993896,74.3867111206
2021-01-21,355.8990783691,63.6370353699,100.9510040283,175.2799987793,74.3953018188
2021-01-22,354.6394653320,63.3336296082,101.1044998169,173.8999938965,74.3953018188
2021-01-25,356.0380859375,63.2577896118,101.5137329102,174.0500030518,74.4039459229
2021-01-26,355.4823303223,63.3504943848,101.4796142578,173.6199951172,74.3953018188
2021-01-27,346.7941589355,61.9009284973,101.5990142822,172.5200042725,74.3953018188
2021-01-28,349.7766418457,62.2970314026,101.3347091675,172.6799926758,74.3867111206
2021-01-29,342.7743225098,61.0076026917,101.1556701660,172.6100006104,74.4125442505
2021-02-01,348.4799804688,61.7323875427,101.2818908691,174.2299957275,74.4211349487
2021-02-02,353.4075317383,62.3560256958,101.0259552002,172.1100006104,74.3952713013
2021-02-03,353.6854553223,62.5077476501,100.7785415649,171.8500061035,74.4039077759
2021-02-04,357.7052917480,62.5751419067,100.7443923950,168.1499938965,74.4039077759
2021-02-05,359.1131591797,62.9628295898,100.5310974121,169.8099975586,74.4211349487
2021-02-08,361.7066955566,63.4010581970,100.5737762451,171.5200042725,74.4125442505
2021-02-09,361.4658508301,63.7465896606,100.6505737305,172.0800018311,74.3952713013
2021-02-10,361.3083496094,63.5274734497,100.9065246582,172.7100067139,74.4039077759
2021-02-11,361.8918457031,63.9572753906,100.8297348022,171.2100067139,74.4039077759
2021-02-12,363.6795959473,64.3112335205,100.4970016479,170.6900024414,74.4125442505
2021-02-16,363.3645629883,64.7747497559,99.7717590332,168.2400054932,74.3867111206
2021-02-17,363.4480285645,64.3955154419,99.8400344849,166.3300018311,74.4039077759
2021-02-18,361.9011840820,64.0752563477,99.8315353394,166.3200073242,74.4039077759
2021-02-19,361.2620239258,64.2606811523,99.4304962158,167.0099945068,74.4125442505
2021-02-22,358.4833374023,64.1005554199,99.2683944702,169.5099945068,74.3952713013
2021-02-23,358.9186706543,64.1595306396,99.3451995850,169.1199951172,74.4039077759
2021-02-24,362.8737182617,64.3617935181,99.2086944580,169.0000000000,74.3867111206
2021-02-25,354.1299743652,63.2662124634,97.8862533569,165.8200073242,74.2746734619
2021-02-26,352.3052978516,62.3728828430,98.7650375366,161.8099975586,74.3694686890
2021-03-01,360.8453063965,63.5443229675,98.6540374756,161.5299987793,74.3625564575
2021-03-02,358.0294494629,63.4768981934,98.8333358765,162.4100036621,74.3797988892
2021-03-03,353.2870788574,63.0892295837,98.3039932251,160.6199951172,74.3367156982
2021-03-04,348.9153137207,62.4908752441,97.8173980713,159.0399932861,74.3367156982
2021-03-05,355.3341979980,62.8953971863,97.6808090210,159.1399993896,74.3367156982
2021-03-08,353.5649719238,62.6762924194,97.2966232300,157.4900054932,74.3108520508
2021-03-09,358.6130371094,63.5190467834,97.7576446533,160.8399963379,74.3108520508
2021-03-10,360.8453063965,63.7887229919,97.9625320435,161.6600036621,74.3367156982
2021-03-11,364.5039062500,64.1258239746,97.9283828735,161.5200042725,74.3367156982
2021-03-12,364.9948425293,64.2859497070,97.2197952271,161.4900054932,74.3280944824
2021-03-15,367.1715393066,64.3365173340,97.3393249512,162.1999969482,74.3367156982
2021-03-16,366.7083435059,64.4460906982,97.3222351074,162.3500061035,74.3367156982
2021-03-17,367.9588928223,64.8253250122,97.1600265503,163.5099945068,74.3539428711
2021-03-18,362.6051330566,64.2354049683,96.5538711548,162.5599975586,74.3453140259
2021-03-19,361.9341430664,64.4123764038,96.4941635132,163.2400054932,74.3453140259
2021-03-22,364.8242187500,64.4713745117,96.8099899292,163.0000000000,74.3367156982
2021-03-23,361.9527587891,63.5780372620,97.2881546021,161.8099975586,74.3453140259
2021-03-24,360.1127929688,63.2577896118,97.4161529541,162.3699951172,74.3625564575
2021-03-25,362.1385803223,63.7297325134,97.2881546021,161.7799987793,74.3711776733
2021-03-26,367.9745788574,64.5556411743,96.9637069702,162.2400054932,74.3711776733
2021-03-29,367.7886352539,64.3028182983,96.6307296753,160.3099975586,74.3539428711
2021-03-30,366.8128356934,64.2185440063,96.5453643799,157.5700073242,74.3539428711
2021-03-31,368.2996826172,63.9404258728,96.4087753296,159.9600067139,74.3280944824
2021-04-01,372.2770690918,64.7747497559,96.8358993530,161.9799957275,74.3272171021
2021-04-05,377.6203613281,65.7186660767,96.5625762939,161.9199981689,74.3099594116
2021-04-06,377.3973083496,65.0191574097,97.0323944092,163.2200012207,74.3272171021
2021-04-07,377.8341064453,65.1539993286,96.9725570679,162.7599945068,74.3358459473
2021-04-08,379.6275634766,65.5248260498,97.3057327271,164.5099945068,74.3616790771
2021-04-09,382.3875427246,65.7270812988,97.0494461060,163.2700042725,74.3358459473
2021-04-12,382.5268859863,65.3646850586,96.9896621704,162.2799987793,74.3185882568
2021-04-13,383.6605834961,65.7439422607,97.3911437988,163.4299926758,74.3444747925
2021-04-14,382.3504333496,65.7945022583,97.2715682983,162.7200012207,74.3444747925
2021-04-15,386.4577331543,66.3423004150,97.8951492310,165.3500061035,74.3616790771
2021-04-16,387.7494812012,66.8226852417,97.6303253174,166.3500061035,74.3530654907
2021-04-19,385.8443908691,66.7046890259,97.5278015137,165.8899993896,74.3444747925
2021-04-20,383.0194702148,65.5079650879,97.8182754517,166.4799957275,74.3616790771
2021-04-21,386.6435852051,66.1821670532,97.8695373535,168.1300048828,74.3789291382
2021-04-22,383.1123352051,65.9630508423,97.9464111328,167.0399932861,74.3702926636
2021-04-23,387.2662353516,66.6372528076,97.8182754517,166.3999938965,74.3530654907
2021-04-26,388.0746765137,66.6878280640,97.7157669067,166.8399963379,74.3358459473
2021-04-27,387.9910583496,66.4687042236,97.3313522339,166.4199981689,74.3272171021
2021-04-28,387.8795166016,66.6372528076,97.4594726562,166.9100036621,74.3444747925
2021-04-29,390.3514404297,66.6625518799,97.2886352539,166.2200012207,74.3616790771
2021-04-30,387.7865905762,65.8282089233,97.3740463257,165.6600036621,74.3702926636
2021-05-03,388.6230163574,66.5529861450,97.5399017334,167.8099975586,74.3634109497
2021-05-04,386.2254943848,65.5669555664,97.6681213379,166.5800018311,74.3634109497
2021-05-05,386.3462524414,66.4602890015,97.7877960205,167.2700042725,74.3806762695
2021-05-06,389.4314575195,67.0080795288,97.8305206299,170.0599975586,74.3806762695
2021-05-07,392.2657470703,67.7665863037,97.8647308350,171.5899963379,74.4065246582
2021-05-10,388.3814392090,67.4041900635,97.6681213379,172.1100006104,74.3806762695
2021-05-11,384.9151306152,66.5192794800,97.5057067871,172.1399993896,74.3720321655
2021-05-12,376.7376098633,65.4573898315,97.0355529785,170.4299926758,74.3634109497
2021-05-13,381.2631530762,65.9462051392,97.3603820801,171.1300048828,74.3806762695
2021-05-14,387.1175537109,67.0502243042,97.5740814209,172.6900024414,74.3806762695
2021-05-17,386.1325073242,66.9238052368,97.4800720215,174.6999969482,74.3806762695
2021-05-18,382.8056640625,67.0670700073,97.4800720215,175.0399932861,74.3892745972
2021-05-19,381.8020935059,66.4771499634,97.1894454956,175.1600036621,74.3634109497
2021-05-20,385.9095153809,67.3536148071,97.5911560059,175.9600067139,74.3979263306
2021-05-21,385.5935974121,67.4463195801,97.6253738403,176.0399932861,74.3806762695
2021-05-24,389.5243530273,67.8592758179,97.7194061279,176.3500061035,74.3979263306
2021-05-25,388.6601257324,67.8761291504,98.0783920288,177.9499969482,74.3979263306
2021-05-26,389.4314575195,67.8339920044,97.9672851562,177.6399993896,74.4151611328
2021-05-27,389.6358337402,67.9603958130,97.7963409424,177.7100067139,74.4151611328
2021-05-28,390.3328552246,68.1205444336,97.7877960205,178.3800048828,74.4151611328
2021-06-01,389.9890136719,68.3649291992,97.7698440552,177.8999938965,74.3996047974
2021-06-02,390.6023559570,68.5924835205,97.8810119629,178.7700042725,74.4082489014
2021-06-03,389.1526489258,68.2553787231,97.6329879761,175.2700042725,74.3823852539
2021-06-04,392.7117919922,68.8368682861,98.1718750000,177.1600036621,74.4082489014
2021-06-07,392.3307800293,69.0644149780,98.0948638916,177.8699951172,74.3996047974
2021-06-08,392.4144592285,69.0307006836,98.3771514893,177.3200073242,74.4168624878
2021-06-09,391.8289794922,68.8453063965,98.6850967407,176.9799957275,74.3996047974
2021-06-10,393.6504516602,69.0349655151,99.0357742310,177.7400054932,74.4254989624
2021-06-11,394.3008728027,69.1972656250,98.8903579712,175.7400054932,74.4082489014
2021-06-14,395.1836853027,69.3168792725,98.5824203491,174.7100067139,74.3823852539
2021-06-15,394.4588623047,69.4022903442,98.5995330811,174.0500030518,74.3737487793
2021-06-16,392.2564086914,68.9751510620,97.9238281250,171.1100006104,74.3047866821
2021-06-17,392.1262817383,68.4967651367,98.2744827271,165.8500061035,74.3047866821
2021-06-18,386.8363952637,67.0786437988,98.8304824829,164.9299926758,74.2444000244
2021-06-21,392.3743286133,67.9585571289,98.5139770508,166.9499969482,74.2616729736
2021-06-22,394.4720764160,67.9670867920,98.6936187744,166.2500000000,74.3047866821
2021-06-23,393.9965820312,67.5314102173,98.4968719482,166.1399993896,74.2530441284
2021-06-24,396.3273925781,68.1806640625,98.4797744751,166.0399932861,74.2616729736
2021-06-25,397.7351379395,68.3259048462,98.2744827271,166.5899963379,74.2530441284
2021-06-28,398.5369873047,67.8901977539,98.5824203491,166.5800018311,74.2789001465
2021-06-29,398.7513732910,67.9072875977,98.6337509155,164.8300018311,74.2702865601
2021-06-30,399.0870056152,67.3861846924,98.7877273560,165.6300048828,74.2875289917
2021-07-01,401.2966003418,67.5485000610,98.7166976929,166.1999969482,74.2728576660
2021-07-02,404.3639526367,67.7791595459,99.0761947632,167.2899932861,74.3073730469
2021-07-06,403.6273803711,67.3349380493,99.5983276367,168.1199951172,74.3332138062
2021-07-07,405.0538940430,67.7022705078,99.8893280029,168.7599945068,74.3418731689
2021-07-08,401.7534179688,66.8309020996,100.1461181641,168.6499938965,74.3763198853
2021-07-09,406.0420532227,67.9670867920,99.6410903931,169.2100067139,74.3504486084
2021-07-12,407.4964904785,68.2575607300,99.5897521973,169.0000000000,74.3332138062
2021-07-13,406.1073608398,67.8987579346,99.2816085815,169.2200012207,74.2728576660
2021-07-14,406.7133483887,68.0525360107,99.7095718384,171.0399932861,74.3246078491
2021-07-15,405.3241882324,67.4032745361,100.1289901733,171.0700073242,74.3332138062
2021-07-16,402.1449890137,66.9077911377,100.1118698120,169.4100036621,74.3246078491
2021-07-19,396.2061462402,65.6947021484,100.9678344727,169.6100006104,74.3591156006
2021-07-20,401.8839721680,66.1730957031,100.8394393921,169.3899993896,74.3936157227
2021-07-21,405.1376953125,67.1811447144,100.2574005127,168.7599945068,74.3677597046
2021-07-22,405.9861450195,67.2067718506,100.4885177612,169.0899963379,74.3763198853
2021-07-23,410.1629028320,67.6766357422,100.3344192505,168.5599975586,74.3849563599
2021-07-26,411.1698303223,67.7706146240,100.2659835815,168.1600036621,74.3677597046
2021-07-27,409.2959289551,67.4972381592,100.6939468384,168.4400024414,74.3849563599
2021-07-28,409.1280212402,67.7877120972,100.7795028687,169.2899932861,74.3936157227
2021-07-29,410.8248291016,68.2575607300,100.4713668823,171.1699981689,74.3936157227
2021-07-30,408.8297729492,67.9072875977,100.7538681030,169.8200073242,74.4108581543
2021-08-02,407.9720153809,68.2490081787,101.1957931519,169.6100006104,74.4384460449
2021-08-03,411.2909851074,68.7359619141,101.2214889526,169.4900054932,74.4384460449
2021-08-04,409.2678833008,68.5309295654,101.1957931519,169.5299987793,74.4125747681
2021-08-05,411.8597717285,68.8641052246,100.8274841309,168.8600006104,74.3780975342
2021-08-06,412.5403137207,68.6078186035,100.2365036011,164.6399993896,74.3521881104
2021-08-09,412.2047424316,68.5736389160,100.0223693848,161.7200012207,74.3263473511
2021-08-10,412.7174682617,68.7274246216,99.8339767456,161.7700042725,74.3004608154
2021-08-11,413.7429809570,69.1972656250,99.9452972412,164.0000000000,74.3349533081
2021-08-12,414.9829406738,69.1374740601,99.8425140381,164.0399932861,74.3349533081
2021-08-13,415.7381286621,69.5560760498,100.4163742065,166.3899993896,74.3435592651
2021-08-16,416.7171325684,69.1972656250,100.6390686035,167.2200012207,74.3607940674
2021-08-17,413.9854431152,68.5480117798,100.5876617432,166.9700012207,74.3435592651
2021-08-18,409.4543151855,68.2831726074,100.5362701416,167.1000061035,74.3435592651
2021-08-19,410.0882568359,67.6082992554,100.7589874268,166.6100006104,74.3435592651
2021-08-20,413.3515014648,67.8731155396,100.6647720337,166.6999969482,74.3435592651
2021-08-23,416.9874572754,68.5053024292,100.6904373169,168.7299957275,74.3435592651
2021-08-24,417.6494445801,68.6505203247,100.4163742065,168.6499938965,74.3349533081
2021-08-25,418.5258178711,68.6761627197,100.0223693848,167.4799957275,74.3263473511
2021-08-26,416.0551757812,68.3173522949,100.0223693848,167.6699981689,74.3263473511
2021-08-27,419.7751159668,68.9409866333,100.3478469849,170.1900024414,74.3780975342
2021-08-30,421.6211242676,68.9239044189,100.5448684692,169.3500061035,74.3953170776
2021-08-31,420.9964904785,68.8897247314,100.3564071655,169.6900024414,74.3866806030
2021-09-01,421.2202148438,69.5133514404,100.3992919922,169.6999969482,74.3806610107
2021-09-02,422.5161743164,69.7952651978,100.5192718506,169.2500000000,74.3806610107
2021-09-03,422.4134826660,70.1113662720,100.2792816162,171.0599975586,74.3806610107
2021-09-07,420.9031677246,70.1626052856,99.8850326538,167.7100067139,74.3547515869
2021-09-08,420.3904113770,69.6073379517,100.1593093872,167.2899932861,74.3719940186
2021-09-09,418.5910949707,69.4877319336,100.4421539307,168.0299987793,74.3893051147
2021-09-10,415.2907104492,69.3339614868,100.1249771118,167.1799926758,74.3634109497
2021-09-13,416.3534851074,69.8807067871,100.2450027466,167.7400054932,74.3806610107
2021-09-14,414.1065979004,69.5902328491,100.6221160889,168.8200073242,74.3893051147
2021-09-15,417.5654907227,69.7952651978,100.4506988525,167.8300018311,74.3893051147
2021-09-16,416.9035339355,69.6842117310,100.1335906982,164.0299987793,74.3634109497
2021-09-17,412.8424682617,68.7701263428,99.8421554565,163.7700042725,74.3461380005
2021-09-20,405.9586181641,67.4972381592,100.3478469849,164.9400024414,74.3634109497
2021-09-21,405.5751953125,68.1635894775,100.2878417969,166.0399932861,74.3806610107
2021-09-22,409.5315246582,68.5053024292,100.3821258545,165.4199981689,74.3375625610
2021-09-23,414.5072937012,69.2485351562,99.4735870361,163.5099945068,74.2943649292
2021-09-24,415.1900939941,68.5992584229,99.1736526489,163.3000030518,74.2685394287
2021-09-27,414.0022888184,68.5565414429,98.9079360962,163.6399993896,74.2599182129
2021-09-28,405.6593627930,67.0615463257,98.5308380127,162.0500030518,74.2685394287
2021-09-29,406.3421936035,66.9077911377,98.6336975098,161.3200073242,74.2943649292
2021-09-30,401.3756713867,66.6429443359,98.7536849976,164.2200012207,74.3116607666
2021-10-01,406.1457214355,66.8052673340,99.1568069458,164.5899963379,74.3470458984
2021-10-04,400.9080810547,66.1047592163,99.0366973877,165.3600006104,74.3125152588
2021-10-05,405.0794982910,66.5575256348,98.7279663086,164.5899963379,74.3038635254
2021-10-06,406.7630615234,66.1132888794,98.7536926270,165.0299987793,74.2952575684
2021-10-07,410.2797546387,66.6258697510,98.3591461182,164.1600036621,74.2693939209
2021-10-08,409.5315246582,66.6173248291,98.1447219849,164.2299957275,74.2435150146
2021-10-11,406.5666198730,66.4037551880,97.9045867920,163.9199981689,74.1831207275
2021-10-12,405.5658264160,66.4379348755,98.3505477905,164.6600036621,74.2176208496
2021-10-13,407.0248718262,67.0957412720,98.5392456055,167.5899963379,74.1917343140
2021-10-14,413.8712158203,67.7620620728,98.7708587646,168.0000000000,74.1917343140
2021-10-15,417.0232849121,68.3259048462,98.2819366455,165.3300018311,74.1486129761
2021-10-18,418.2578735352,68.0354385376,98.1447219849,164.9199981689,74.0968475342
2021-10-19,421.4847106934,68.4455032349,97.7930679321,165.4499969482,74.1227111816
2021-10-20,423.1401672363,68.6847076416,97.7501678467,166.8999938965,74.1486129761
2021-10-21,424.2438049316,68.3600692749,97.4928817749,166.7500000000,74.0623321533
2021-10-22,423.8042602539,68.7701263428,97.7416152954,167.7700042725,74.0450973511
2021-10-25,426.0770263672,68.6334381104,97.8616561890,168.9299926758,74.0795974731
2021-10-26,426.4605102539,68.7701263428,97.9817428589,167.6799926758,74.0623321533
2021-10-27,424.5712585449,68.4967651367,98.5306930542,168.1199951172,74.0450973511
2021-10-28,428.6677856445,69.1631088257,98.2733764648,168.0800018311,74.0536727905
2021-10-29,429.5377197266,68.7615890503,98.3162536621,166.6499938965,74.0623321533
2021-11-01,430.2765808105,69.4279327393,98.3085327148,167.5200042725,74.0286941528
2021-11-02,432.0162353516,69.2826919556,98.5488357544,167.1600036621,74.1063613892
2021-11-03,434.6537170410,69.8465194702,98.2398300171,165.7700042725,74.0890884399
2021-11-04,436.7020263672,69.8038177490,98.7720108032,167.6499938965,74.1581039429
2021-11-05,438.2172241211,69.9063262939,99.3127441406,169.8399963379,74.1926269531
2021-11-08,438.5913696289,69.8977966309,98.8835830688,170.4499969482,74.1063613892
2021-11-09,437.1416320801,69.7440338135,99.3384475708,171.2899932861,74.1494827271
2021-11-10,433.6249694824,68.8982696533,98.4887771606,173.1499938965,74.0027999878
2021-11-11,433.7651977539,69.1460113525,98.1711883545,174.1199951172,73.9510345459
2021-11-12,437.0387573242,69.5219039917,98.3771896362,174.4499969482,74.0114669800
2021-11-15,437.1884460449,69.3937683105,97.9909439087,174.1799926758,74.0027999878
2021-11-16,438.9187316895,69.2399826050,97.9051208496,172.9199981689,74.0027999878
2021-11-17,437.8524475098,69.1545562744,98.2570419312,174.5000000000,74.0286941528
2021-11-18,439.3395385742,69.2229080200,98.3171081543,173.9400024414,74.0200576782
2021-11-19,438.5540161133,68.6334381104,98.5831985474,172.6100006104,74.0027999878
2021-11-22,437.3193664551,68.2319335938,97.8622131348,168.7400054932,73.9164962769
2021-11-23,437.8992614746,68.1635894775,97.4588165283,167.2799987793,73.9164962769
2021-11-24,439.0684509277,67.7108154297,97.7592315674,167.1199951172,73.8992691040
2021-11-26,429.2757568359,65.8911819458,99.0208969116,166.8500061035,74.0459518433
2021-11-29,434.5415039062,66.2243576050,98.7977523804,166.6199951172,74.0804595947
2021-11-30,426.0863952637,65.6434326172,99.3899841309,165.5000000000,74.0200576782
2021-12-01,421.3537597656,65.2675476074,99.5771942139,166.1600036621,74.0287094116
2021-12-02,427.8072814941,66.0791168213,99.3624877930,165.2400054932,73.9337234497
2021-12-03,424.0848083496,65.8057556152,99.9465713501,166.6300048828,73.9768981934
2021-12-06,429.1073913574,66.4379348755,99.4483718872,166.2200012207,73.9164428711
2021-12-07,437.9834594727,67.8389663696,99.0704498291,166.8099975586,73.8214874268
2021-12-08,439.1431579590,67.9670867920,98.7526473999,166.8999938965,73.8473663330
2021-12-09,436.1782836914,67.4032745361,99.0017318726,165.8800048828,73.8214874268
2021-12-10,440.2843017578,67.5485000610,99.0704498291,166.5800018311,73.8560256958
2021-12-13,436.3840637207,66.9157638550,99.5428543091,167.0000000000,73.8991928101
2021-12-14,433.3817138672,66.5594253540,99.3710937500,165.4400024414,73.8560256958
2021-12-15,440.1533813477,67.4633178711,99.2250595093,166.1499938965,73.8819122314
2021-12-16,436.2718200684,67.4720153809,99.5139083862,168.1600036621,73.9406051636
2021-12-17,431.6286315918,66.6202468872,99.7374496460,167.8000030518,73.9061279297
2021-12-20,427.0389404297,66.4724960327,99.6514816284,167.0899963379,73.9233474731
2021-12-21,434.6227722168,67.2112655640,99.2560119629,167.0200042725,73.8801956177
2021-12-22,438.9683837891,67.8370590210,99.3505554199,168.5899963379,73.8715667725
2021-12-23,441.6997375488,68.2368621826,99.1442031860,168.9700012207,73.8629379272
2021-12-27,447.9507141113,68.7670516968,99.1786193848,169.3699951172,73.8370208740
2021-12-28,447.5845947266,68.7931289673,99.1614532471,168.6399993896,73.8370208740
2021-12-29,448.1572265625,68.7670516968,98.6542129517,168.5899963379,73.8283767700
2021-12-30,446.9182434082,68.5867614746,98.9808959961,169.8000030518,73.8715667725
2021-12-31,445.7919616699,68.5258026123,98.8691406250,170.9600067139,73.8629379272
2022-01-03,448.3731079102,68.9699783325,97.9492187500,168.3300018311,73.7765808105
2022-01-04,448.2227783203,69.3619003296,97.8976593018,169.5700073242,73.8197555542
2022-01-05,439.6160278320,68.7522354126,97.4849777222,169.0599975586,73.7247772217
2022-01-06,439.2030639648,68.4038696289,97.2442474365,166.9900054932,73.6643142700
2022-01-07,437.4666748047,68.6041870117,96.9261550903,167.7500000000,73.6470565796
2022-01-10,436.9222106934,67.9683914185,96.9003295898,168.2599945068,73.6038818359
2022-01-11,440.9018554688,68.7086868286,97.1324844360,170.2899932861,73.6298065186
2022-01-12,442.0938415527,69.3793258667,97.1496582031,170.7400054932,73.6038818359
2022-01-13,436.0025329590,68.8741607666,97.4591598511,170.1600036621,73.6384429932
2022-01-14,436.1807250977,68.8044891357,96.7885665894,169.6699981689,73.5434570312
2022-01-18,428.4561462402,67.7941970825,96.0578155518,169.3899993896,73.4311981201
2022-01-19,424.0073547363,67.7332382202,96.2899169922,172.0800018311,73.4657211304
2022-01-20,419.3143310547,67.4022674561,96.4962539673,171.6499938965,73.4484634399
2022-01-21,411.0829467773,66.4877777100,97.0550994873,171.0899963379,73.5089263916
2022-01-24,412.8287048340,65.8258743286,96.9691238403,172.0299987793,73.5520629883
2022-01-25,407.7884826660,65.4252319336,96.8401870728,172.5800018311,73.5175247192
2022-01-26,406.7654418945,65.1726684570,96.1523895264,169.7899932861,73.3880310059
2022-01-27,404.7568359375,64.8678359985,96.5564498901,167.6000061035,73.3275680542
2022-01-28,414.8092041016,65.0855712891,96.7799758911,167.1000061035,73.3534774780
2022-01-31,422.2803039551,66.0348968506,96.7799758911,168.0899963379,73.3534774780
2022-02-01,425.1336669922,66.6619720459,96.6491851807,168.2299957275,73.3474197388
2022-02-02,429.2633972168,67.1584167480,96.8471145630,168.8399963379,73.3647079468
2022-02-03,419.1735534668,66.0958633423,96.4340362549,168.6000061035,73.3042373657
2022-02-04,421.1445617676,66.2526245117,95.6939392090,168.8600006104,73.1574020386
2022-02-07,419.7930908203,66.3658599854,95.7198028564,170.1100006104,73.1746978760
2022-02-08,423.2470092773,66.7055206299,95.4099807739,170.6300048828,73.0969161987
2022-02-09,429.4417419434,67.7854919434,95.5390625000,171.2100067139,73.0883483887
2022-02-10,421.7265930176,66.9232482910,94.6612854004,170.5599975586,72.7169113159
2022-02-11,413.4106140137,65.9129562378,95.6422882080,173.8099975586,72.9414672852
2022-02-14,412.0590820312,65.4862060547,94.9796905518,174.7400054932,72.7859725952
2022-02-15,418.7042541504,66.6881103516,94.6956939697,173.0800018311,72.8119125366
2022-02-16,419.1735534668,66.9406738281,94.8936157227,174.8600006104,72.9069290161
2022-02-17,410.2194519043,65.8607177734,95.4013748169,177.2500000000,72.9500961304
2022-02-18,407.5632629395,65.5820159912,95.7111663818,177.1199951172,72.9587631226
2022-02-22,403.1894226074,64.8155822754,95.7025527954,177.4900054932,72.8896408081
2022-02-23,396.0374450684,64.2843017578,95.2034835815,178.2899932861,72.8464660645
2022-02-24,401.9973449707,63.4220695496,95.4271774292,177.1399993896,72.9069290161
2022-02-25,410.8670959473,65.0071792603,95.4013748169,176.5500030518,72.9069290161
2022-02-28,409.8159179688,63.7704582214,96.4856567383,178.3800048828,73.0364990234
2022-03-01,403.5742187500,62.3769454956,97.4253845215,181.6199951172,73.2049636841
2022-03-02,410.9985046387,63.1607894897,95.9611129761,179.7299957275,72.9630432129
2022-03-03,408.9523010254,61.9153404236,96.3745651245,180.8000030518,72.9630432129
2022-03-04,405.6297607422,60.1211929321,97.3306045532,183.6799926758,73.0407943726
2022-03-07,393.6721496582,58.2138290405,96.9172058105,186.4100036621,72.9457626343
2022-03-08,390.6874694824,58.7189750671,96.2884063721,191.5099945068,72.8507156372
2022-03-09,401.1620483398,61.1750411987,95.6940917969,185.8200073242,72.8074874878
2022-03-10,399.3506164551,60.4434471130,95.2548370361,186.3999938965,72.7470703125
2022-03-11,394.2729187012,59.7902412415,95.2289886475,185.0899963379,72.7211227417
2022-03-14,391.3913574219,60.3389167786,94.0231094360,182.3000030518,72.5310668945
2022-03-15,399.9981994629,60.9137535095,93.9800491333,178.8899993896,72.5569686890
2022-03-16,408.8678588867,63.0998191833,93.8508605957,180.0099945068,72.4879074097
2022-03-17,413.9831542969,63.6310958862,93.6699905396,180.8899993896,72.4619522095
2022-03-18,418.5174255371,64.2494583130,93.9456253052,179.3000030518,72.4446792603
2022-03-21,418.3950805664,63.8488235474,92.7225341797,180.6699981689,72.2027511597
2022-03-22,423.2908935547,64.4497909546,92.2143402100,179.3600006104,72.1509170532
2022-03-23,417.8395385742,63.6136779785,92.8344650269,181.8099975586,72.2114105225
2022-03-24,424.1382141113,64.2059173584,92.3176727295,183.1300048828,72.1940689087
2022-03-25,426.2094726562,64.2407608032,91.3701934814,182.3800048828,71.9953842163
2022-03-28,429.2411804199,64.0317306519,91.5769119263,179.0599975586,71.9262847900
2022-03-29,434.5512695312,65.4513626099,92.0334396362,179.1399993896,71.9608230591
2022-03-30,431.8679809570,65.1813735962,92.3951873779,180.5800018311,72.0126571655
2022-03-31,425.2210083008,64.1013946533,92.5674514771,180.6499938965,72.0126571655
2022-04-01,426.4261474609,64.7023468018,91.9646911621,179.5000000000,71.8622741699
2022-04-04,430.0791625977,64.9636306763,91.9043502808,180.3699951172,71.9054718018
2022-04-05,424.6466369629,64.0839920044,90.8092193604,179.2400054932,71.7758483887
2022-04-06,420.4004516602,63.3175621033,90.4901657104,179.6600036621,71.8277053833
2022-04-07,422.5188598633,63.4569129944,90.2659759521,180.3399963379,71.8795547485
2022-04-08,421.3889770508,63.4830398560,89.8089675903,181.4700012207,71.7931137085
2022-04-11,414.1866149902,62.8124122620,89.3777999878,182.3699951172,71.8104171753
2022-04-12,412.6519165039,62.3421058655,89.8089675903,183.7700042725,71.9919281006
2022-04-13,417.3782653809,63.0127296448,90.0072937012,184.6499938965,72.0264892578
2022-04-14,412.1811218262,62.7253150940,89.1967391968,184.0399932861,71.8968200684
2022-04-18,412.3505859375,62.3595237732,88.9380416870,184.6100006104,71.8968200684
2022-04-19,419.0070190430,62.6556434631,88.3516235352,181.8200073242,71.7326202393
2022-04-20,418.6963195801,63.0736923218,89.0414962769,182.7100067139,71.7758483887
2022-04-21,412.4353027344,62.3943595886,88.5499725342,182.0599975586,71.6548080444
2022-04-22,401.1184692383,61.3753433228,88.5931320190,180.2899932861,71.6375427246
2022-04-25,403.4439392090,61.0792350769,89.1622467041,177.0500030518,71.7499008179
2022-04-26,391.7598571777,59.3721809387,89.7572021484,177.3200073242,71.8795547485
2022-04-27,392.8615417480,59.6421737671,89.2571029663,175.9799957275,71.8449935913
2022-04-28,402.7849426270,60.4869842529,89.1277618408,176.9299926758,71.7931137085
2022-04-29,387.8997497559,59.7815246582,88.6534347534,176.9100036621,71.6548080444
2022-05-02,390.2346191406,59.6334609985,87.9930114746,173.6300048828,71.6496200562
2022-05-03,392.0235595703,60.0776481628,88.0966110229,174.0899963379,71.6150054932
2022-05-04,403.9618225098,61.1314926147,88.6664047241,175.8000030518,71.8053207397
2022-05-05,389.6038513184,59.1631622314,87.7771606445,175.1300048828,71.6842117310
2022-05-06,387.2783508301,58.5883331299,87.2763977051,175.4199981689,71.6755828857
2022-05-09,374.8787841797,56.8203163147,87.9239349365,172.8800048828,71.8571777344
2022-05-10,375.7449340820,57.2470893860,88.2174758911,171.4199981689,71.8139495850
2022-05-11,369.7757568359,56.9074134827,88.7613601685,172.8200073242,71.8226089478
2022-05-12,369.3897399902,56.7680664062,89.0549011230,170.1699981689,71.9263534546
2022-05-13,378.2210998535,58.3444709778,88.5886764526,168.7899932861,71.9004135132
2022-05-16,376.6863403320,58.3967323303,88.9599456787,170.3999938965,71.9436569214
2022-05-17,384.4349975586,59.4854125977,88.2865524292,169.3300018311,71.7880020142
2022-05-18,368.9378356934,58.0657653809,88.9168014526,169.4199981689,71.8226089478
2022-05-19,366.6782226562,58.6231689453,89.2362518311,171.9100036621,71.9263534546
2022-05-20,366.8382568359,59.0238075256,89.6506347656,172.0299987793,71.9782562256
2022-05-23,373.7018737793,60.0253982544,89.1067352295,172.8300018311,71.9436569214
2022-05-24,370.8490905762,59.9295845032,89.8751144409,174.1300048828,72.1079711914
2022-05-25,374.1254272461,59.9470100403,90.0564041138,173.0800018311,72.1598739624
2022-05-26,381.6010437012,60.6089286804,90.0132675171,172.7599945068,72.1771621704
2022-05-27,390.9689636230,61.3405227661,90.1427688599,172.8500061035,72.1944885254
2022-05-31,388.7752990723,60.9747238159,89.2017211914,171.1399993896,72.0820159912
2022-06-01,385.6307678223,60.3302192688,88.6994171143,172.2299957275,71.9479064941
2022-06-02,392.9744262695,61.5843772888,88.8291168213,174.3500061035,71.9652099609
2022-06-03,386.5250854492,60.7047157288,88.6562271118,172.5800018311,71.9392547607
2022-06-06,387.7020568848,60.9485931396,87.9906539917,171.8200073242,71.8440322876
2022-06-07,391.4209289551,61.1314926147,88.3450698853,172.9400024414,71.8526992798
2022-06-08,387.1654052734,60.2779655457,88.0165557861,172.7799987793,71.8007659912
2022-06-09,377.9574890137,59.0120849609,87.9387588501,172.2299957275,71.7488327026
2022-06-10,366.9983520508,57.5877494812,87.0743331909,174.5399932861,71.4459228516
2022-06-13,353.0640563965,55.6826934814,85.5269775391,169.9299926758,71.0824203491
2022-06-14,352.0001831055,55.1574745178,84.8440933228,168.5700073242,70.9439239502
2022-06-15,357.0184020996,56.1901206970,86.0283432007,170.7700042725,71.2208862305
2022-06-16,345.2024841309,54.9527206421,86.5902404785,172.6900024414,71.3160934448
2022-06-17,345.9466857910,54.7301673889,86.6161727905,171.2700042725,71.2987747192
2022-06-21,354.6553649902,55.5580711365,86.1666641235,170.6300048828,71.2728118896
2022-06-22,354.0124511719,55.1841773987,87.2558593750,171.3099975586,71.4805297852
2022-06-23,357.4826354980,55.1218605042,87.7485504150,170.2599945068,71.5411148071
2022-06-24,368.8484191895,56.7687530518,87.4373931885,170.0899963379,71.5238265991
2022-06-27,367.4394836426,56.5284004211,86.9446411133,169.8999938965,71.4459228516
2022-06-28,359.9317321777,56.1456069946,87.0570373535,169.6199951172,71.4286117554
2022-06-29,359.6385803223,55.9319572449,87.7572097778,169.4900054932,71.5151672363
2022-06-30,356.7166748047,55.6292839050,88.4315109253,168.4600067139,71.6536483765
2022-07-01,360.4895935059,55.7628173828,89.3794555664,168.3200073242,71.8693466187
2022-07-05,361.1703796387,54.5699348450,89.7084503174,164.7500000000,71.8606872559
2022-07-06,362.3901062012,54.6144447327,88.9466400146,162.1399993896,71.6614227295
2022-07-07,367.8177490234,55.4423408508,88.4011840820,162.2299957275,71.6094589233
2022-07-08,367.5151367188,55.5046577454,87.8644180298,162.3000030518,71.5228118896
2022-07-11,363.3168029785,54.6055488586,88.5570068359,161.4299926758,71.5488052368
2022-07-12,360.1018676758,54.5966377258,88.7648162842,160.8300018311,71.5834655762
2022-07-13,358.2107849121,54.5699348450,89.1457443237,161.6000061035,71.5054550171
2022-07-14,357.3408203125,53.8043518066,88.6522369385,159.3300018311,71.4794921875
2022-07-15,364.1678771973,54.6589622498,88.9552459717,159.0099945068,71.5314788818
2022-07-18,361.1609497070,54.8815155029,88.6955261230,159.1600036621,71.4881515503
2022-07-19,370.9191894531,56.3770675659,88.2886199951,159.5399932861,71.4101943970
2022-07-20,373.2831726074,56.0031738281,88.2020797729,158.0399932861,71.4015426636
2022-07-21,377.0843200684,56.5818099976,89.2063217163,160.2700042725,71.6007995605
2022-07-22,373.5857543945,56.4393768311,90.2278976440,160.6699981689,71.7827148438
2022-07-25,374.0395507812,56.8755760193,89.9075851440,160.2299957275,71.7220687866
2022-07-26,369.6142883301,56.0832939148,89.9421844482,160.0399932861,71.6874084473
2022-07-27,379.2118835449,57.4097061157,90.1240310669,161.6699981689,71.8000564575
2022-07-28,383.9681396484,57.7034721375,91.0157318115,163.6399993896,71.9559707642
2022-07-29,389.5658569336,58.5046730042,91.0503463745,164.1000061035,71.9473114014
2022-08-01,388.4123229980,58.5847854614,91.5828552246,165.0299987793,71.9455718994
2022-08-02,385.8497924805,57.6500663757,90.3166732788,164.0500030518,71.6940689087
2022-08-03,391.8920898438,57.9883422852,90.6895904541,164.4499969482,71.7200927734
2022-08-04,391.6272277832,58.2821083069,91.1492156982,167.1699981689,71.8154602051
2022-08-05,390.9653015137,57.8726196289,89.8309860229,165.2899932861,71.5206527710
2022-08-08,390.5114440918,58.0061531067,90.3600311279,166.6900024414,71.5899963379
2022-08-09,388.9607238770,57.6945724487,90.0911560059,167.1999969482,71.5206527710
2022-08-10,397.1304321289,58.9942893982,90.1432113647,166.7799987793,71.5899963379
2022-08-11,397.1304321289,58.9764785767,89.5447998047,166.3399963379,71.5639572144
2022-08-12,403.8535156250,59.4304847717,89.9003829956,167.8699951172,71.5813064575
2022-08-15,405.5176696777,59.0744018555,90.1865463257,165.7100067139,71.6420364380
2022-08-16,406.3119812012,59.0565986633,90.0825042725,165.4199981689,71.5813064575
2022-08-17,403.4278869629,58.5847854614,89.4753952026,164.3500061035,71.5206527710
2022-08-18,404.6004333496,58.3889312744,89.6488952637,163.9199981689,71.6247024536
2022-08-19,399.1634216309,57.5877494812,88.8769989014,162.7200012207,71.5726547241
2022-08-22,390.8518676758,56.6085166931,88.4867172241,161.6399993896,71.4772644043
2022-08-23,389.9062805176,56.6352195740,88.2699356079,162.7700042725,71.5119323730
2022-08-24,391.1545104980,56.7064437866,87.9750442505,163.2500000000,71.4339065552
2022-08-25,396.6766662598,57.3295936584,88.5387725830,163.7500000000,71.4772644043
2022-08-26,383.2494506836,55.8251304626,88.4346923828,161.7599945068,71.4599456787
2022-08-29,380.7153930664,55.7005004883,87.9316940308,161.8600006104,71.4078979492
2022-08-30,376.5358886719,55.2999038696,87.9056701660,160.5099945068,71.3731994629
2022-08-31,373.6708679199,54.9260215759,87.5414276123,159.2700042725,71.3645324707
2022-09-01,374.8433532715,54.1871414185,86.8455200195,157.8699951172,71.3124160767
2022-09-02,370.8908386230,53.8310623169,87.3320312500,159.2599945068,71.4687500000
2022-09-06,369.4914855957,53.6975326538,86.3589706421,158.3300018311,71.3124160767
2022-09-07,376.1293029785,54.1693382263,86.9237060547,159.9400024414,71.4166336060
2022-09-08,378.5878601074,54.2049407959,86.6022796631,158.9799957275,71.3297882080
2022-09-09,384.4692382812,55.5847702026,86.6109313965,159.8200073242,71.2690048218
2022-09-12,388.6014099121,56.3592605591,86.4023971558,160.6300048828,71.2603302002
2022-09-13,371.7040405273,54.4007949829,85.9159164429,158.5399932861,71.0172271729
2022-09-14,373.1224365234,54.5788345337,85.9593353271,157.9299926758,70.9564437866
2022-09-15,368.8862304688,54.0981178284,85.6639251709,154.9799957275,70.8782730103
2022-09-16,366.0719909668,53.7687454224,85.7334442139,155.8399963379,70.9130172729
2022-09-19,368.9109802246,53.9556884766,85.4901733398,155.9600067139,70.8348770142
2022-09-20,364.6763305664,53.0387725830,84.9602127075,155.0700073242,70.8001327515
2022-09-21,358.3150634766,52.3444061279,85.2990341187,155.7899932861,70.7393722534
2022-09-22,355.3052062988,52.1930732727,84.0132064819,155.6999969482,70.6091156006
2022-09-23,349.3521728516,50.5283737183,84.1174621582,153.0099945068,70.5223007202
2022-09-26,345.8961791992,49.7805938721,82.7186813354,151.2299957275,70.3660278320
2022-09-27,345.0131530762,49.4423217773,82.1539688110,151.5399932861,70.3660278320
2022-09-28,351.8017578125,50.6352043152,84.0045089722,154.6900024414,70.6699218750
2022-09-29,344.4530029297,50.0387611389,83.6135787964,154.6600036621,70.5743865967
2022-09-30,339.1264038086,49.8607177734,83.3963851929,154.6699981689,70.5136032104
2022-10-03,348.0799255371,50.8488540649,84.3861312866,158.4299926758,70.6683654785
2022-10-04,358.8657226562,52.8874359131,84.5601882935,160.6999969482,70.6944427490
2022-10-05,358.0302124023,52.3266029358,83.7593536377,159.8099975586,70.6249008179
2022-10-06,354.3367919922,51.4096870422,83.2980117798,159.6300048828,70.5379409790
2022-10-07,344.4530029297,50.5906944275,82.8888854980,157.8800048828,70.4509963989
2022-10-10,341.8229064941,50.3058242798,82.4013824463,155.4799957275,70.4248962402
2022-10-11,339.6582336426,49.7538871765,82.6103668213,155.1600036621,70.4597091675
2022-10-12,338.5378417969,49.5936584473,82.8801498413,155.9900054932,70.5292816162
2022-10-13,347.4722595215,50.6174011230,82.5319442749,154.9100036621,70.3205795288
2022-10-14,339.5537719727,49.8607177734,82.0706024170,152.9799957275,70.2858123779
2022-10-17,348.2792663574,51.0892105103,82.1576385498,153.4199981689,70.3640670776
2022-10-18,352.3714599609,51.4541931152,82.3665771484,153.7500000000,70.3988418579
2022-10-19,349.8743591309,50.8221473694,81.5047454834,151.6900024414,70.2684249878
2022-10-20,346.9405212402,50.7064132690,80.8954010010,151.4499969482,70.1901473999
2022-10-21,355.3717041016,51.6233329773,81.0782241821,154.1499938965,70.3727569580
2022-10-24,359.7202453613,51.6322364807,80.9737777710,153.6499938965,70.3553619385
2022-10-25,365.4644470215,52.7717094421,81.9835739136,154.0000000000,70.4248962402
2022-10-26,362.7110290527,53.2702217102,82.4013824463,154.9799957275,70.4858016968
2022-10-27,360.7741088867,52.7717094421,82.9846115112,154.7400054932,70.6335906982
2022-10-28,369.3571777344,53.2969322205,82.5580902100,153.1600036621,70.5292816162
2022-10-31,366.6891784668,52.7984123230,82.1837768555,151.9100036621,70.4248962402
2022-11-01,365.0846252441,53.2168159485,82.1689605713,153.4600067139,70.3561096191
2022-11-02,355.9223937988,52.4423255920,82.0293502808,152.3899993896,70.3212661743
2022-11-03,352.2575073242,51.9972229004,81.6716918945,151.8099975586,70.1906204224
2022-11-04,357.3275451660,54.0803184509,81.4971694946,156.4700012207,70.2690277100
2022-11-07,360.7456054688,54.2494621277,81.2093124390,155.8500061035,70.2080612183
2022-11-08,362.6918945312,54.8637084961,81.7501831055,159.4499969482,70.2777481079
2022-11-09,355.2197875977,54.0981178284,82.0293502808,158.6499938965,70.3909606934
2022-11-10,374.7405700684,57.1337432861,83.8700408936,163.4799957275,70.7741851807
2022-11-11,378.3674926758,58.2732086182,83.6955795288,164.5599975586,70.7567749023
2022-11-14,375.1488037109,57.6589622498,83.4949493408,164.9199981689,70.6957931519
2022-11-15,378.3485412598,58.0417556763,84.1143188477,165.5000000000,70.7654571533
2022-11-16,375.4621582031,57.9082298279,84.7336807251,165.1199951172,70.7741851807
2022-11-17,374.3133239746,57.8815193176,84.1579437256,163.9199981689,70.6870651245
2022-11-18,376.0128479004,57.9972419739,83.8613281250,162.7899932861,70.6087036133
2022-11-21,374.6456604004,57.5610504150,83.8090057373,161.8800048828,70.5912704468
2022-11-22,379.6872253418,58.3622360229,84.2888107300,162.0700073242,70.6435470581
2022-11-23,382.0798645020,59.0031814575,84.7424163818,163.0800018311,70.7045211792
2022-11-25,381.9944458008,59.3058509827,84.7162475586,163.2200012207,70.7132186890
2022-11-28,375.8989257812,58.5402755737,84.7511520386,161.9299926758,70.7306289673
2022-11-29,375.2532958984,58.7094078064,84.3934936523,162.7299957275,70.7045211792
2022-11-30,387.0739746094,59.7509651184,85.1524200439,164.8099975586,70.9135284424
2022-12-01,386.7891235352,60.3295936584,86.0825042725,167.8399963379,71.0662689209
2022-12-02,386.3429565430,60.2850914001,86.2573318481,167.2599945068,71.0488357544
2022-12-05,379.3928527832,59.4928054810,85.3832092285,164.3899993896,70.8480911255
2022-12-06,373.9240417480,59.2257385254,85.9076919556,164.8399963379,70.9266052246
2022-12-07,373.2878417969,59.2257385254,86.6594314575,166.3300018311,71.0750122070
2022-12-08,376.2123107910,59.5284080505,86.1699142456,166.4700012207,71.0052032471
2022-12-09,373.4018859863,59.5640182495,85.5317993164,167.0599975586,70.9702529907
2022-12-12,378.7853088379,59.7420616150,85.4094467163,165.6799926758,70.9266052246
2022-12-13,381.6526489258,60.5893630981,86.1786575317,168.5099945068,71.1360855103
2022-12-14,379.2125854492,60.5357360840,86.4146881104,168.1000061035,71.1448135376
2022-12-15,369.9363098145,58.9894981384,86.5828323364,165.3500061035,71.1544265747
2022-12-16,365.5688171387,58.4711036682,86.3638916016,166.7899932861,71.2244110107
2022-12-19,362.4689025879,58.3281097412,85.6632080078,166.3200073242,71.1369323730
2022-12-20,362.9649047852,58.5604782104,85.0414199829,169.0800018311,71.1369323730
2022-12-21,368.3920593262,59.1682472229,85.1464843750,168.8000030518,71.2069549561
2022-12-22,363.1366577148,58.6856193542,85.1202239990,166.7599945068,71.1631927490
2022-12-23,365.2254333496,58.8911781311,84.7348632812,167.2599945068,71.1281890869
2022-12-27,363.7852478027,58.9805564880,84.0254287720,168.6699981689,71.0319519043
2022-12-28,359.2641296387,58.3549194336,83.8240203857,167.9100036621,71.0319519043
2022-12-29,365.7309570312,59.2755050659,84.2355957031,168.8500061035,71.0844497681
2022-12-30,364.7676086426,58.6677360535,83.8853225708,169.6399993896,70.9970016479
2023-01-03,363.2319946289,59.1861381531,84.5421829224,171.0599975586,71.0582122803
2023-01-04,366.0361633301,59.9726562500,85.1902694702,172.6699981689,71.1281890869
2023-01-05,361.8585510254,59.3738250732,85.0676727295,170.5200042725,71.0319519043
2023-01-06,370.1566772461,60.8932571411,86.1624450684,173.7100067139,71.3031234741
2023-01-09,369.9467773438,61.1524467468,86.3813781738,174.1000061035,71.3731079102
2023-01-10,372.5411987305,61.3311958313,85.8383865356,174.7400054932,71.3118972778
2023-01-11,377.2530822754,61.7959632874,86.3901519775,174.6199951172,71.3731079102
2023-01-12,378.6265563965,62.7076263428,87.1608352661,176.6399993896,71.5305557251
2023-01-13,380.0954589844,63.0383071899,86.6966857910,178.7599945068,71.4080963135
2023-01-17,379.3992004395,63.2349510193,86.4251708984,177.5899963379,71.4518203735
2023-01-18,373.4092102051,63.0115089417,87.5987625122,177.0800018311,71.6092529297
2023-01-19,370.6908264160,62.9131889343,87.4323577881,179.8899993896,71.5917892456
2023-01-20,377.5964660645,63.4673347473,86.8543167114,179.2899932861,71.5305557251
2023-01-23,382.1271057129,63.7265319824,86.5740737915,179.6300048828,71.4605560303
2023-01-24,381.7168579102,63.6460952759,87.0732727051,180.2799987793,71.4868164062
2023-01-25,381.8600769043,64.0661697388,87.1696166992,181.1100006104,71.5305557251
2023-01-26,386.0567626953,64.1197967529,86.8543167114,179.4700012207,71.4868164062
2023-01-27,386.9438171387,63.9946632385,86.7229309082,179.2200012207,71.4868164062
2023-01-30,382.0888977051,63.5835266113,86.4514694214,178.7599945068,71.4168395996
2023-01-31,387.7069091797,63.9499855042,86.8893737793,179.4100036621,71.5480346680
2023-02-01,391.8273315430,64.5220031738,87.5142440796,181.6699981689,71.6724853516
2023-02-02,397.5311889648,64.4326248169,87.4791870117,177.8999938965,71.6812286377
2023-02-03,393.3057861328,63.8337898254,86.5400238037,173.4600067139,71.4183654785
2023-02-06,390.9021606445,63.1813278198,85.7940063477,173.8200073242,71.2167663574
2023-02-07,396.0146484375,63.7176017761,85.5833511353,173.9799957275,71.2518234253
2023-02-08,391.6842651367,63.3243255615,85.8993530273,174.4100036621,71.2781295776
2023-02-09,388.2886962891,63.4405212402,85.5131607056,173.0299987793,71.2255554199
2023-02-10,389.1947326660,63.1634445190,85.1006317139,173.3600006104,71.1904983521
2023-02-13,393.7636413574,63.7980384827,85.3025131226,172.4799957275,71.2080307007
2023-02-14,393.5823669434,63.9142341614,84.9163208008,172.6100006104,71.0590286255
2023-02-15,394.8605346680,63.6282234192,84.6617813110,170.8899993896,71.0678176880
2023-02-16,389.4237365723,63.3153877258,84.3809127808,170.7500000000,71.0765838623
2023-02-17,388.4508361816,63.4762840271,84.6179275513,171.2599945068,71.1379394531
2023-02-21,380.6581420898,62.7791213989,83.6963424683,170.6199951172,70.9976882935
2023-02-22,380.1336364746,62.4305534363,83.8455123901,169.6600036621,71.0327606201
2023-02-23,382.1557312012,62.7523193359,84.1702880859,169.5700073242,71.0765838623
2023-02-24,378.0733337402,61.7065963745,83.6612243652,168.3500061035,70.9276123047
2023-02-27,379.3610229492,62.4394836426,83.9157562256,169.0099945068,70.9889450073
2023-02-28,377.9588928223,61.9836654663,84.0473937988,169.7799987793,70.9714279175
2023-03-01,376.5090637207,62.3143615723,83.3754653931,170.7599945068,70.8414840698
2023-03-02,379.4373474121,62.4394836426,83.0324783325,170.6600036621,70.8678131104
2023-03-03,385.5226745605,63.3511466980,83.7008666992,172.4900054932,70.9117355347
2023-03-06,385.7897338867,63.1902580261,83.5513610840,171.6199951172,70.8765945435
2023-03-07,379.8760070801,62.1356048584,83.5601577759,168.6199951172,70.7273406982
2023-03-08,380.4960021973,62.4752464294,83.5337829590,168.5399932861,70.6922225952
2023-03-09,373.4759521484,62.0194168091,84.0526885986,170.1999969482,70.9204940796
2023-03-10,368.0869140625,61.3580169678,85.6005783081,173.8699951172,71.3068313599
2023-03-13,367.5622558594,60.9379501343,86.6383590698,177.8600006104,72.0180740356
2023-03-14,373.6381530762,61.7512779236,85.8204574585,176.8300018311,71.7458953857
2023-03-15,371.3013610840,59.8385887146,87.0605316162,178.2100067139,72.1673278809
2023-03-16,377.8157958984,60.7681159973,86.2778091431,178.5700073242,71.8775558472
2023-03-17,373.3981323242,60.0441589355,87.2979965210,183.7700042725,72.2376022339
2023-03-20,376.9885559082,60.9826354980,86.9461975098,183.8399963379,72.1497726440
2023-03-21,381.9386291504,61.9032173157,86.1898498535,180.3699951172,71.8775558472
2023-03-22,375.4279479980,61.6887092590,87.3243789673,183.4400024414,72.2112274170
2023-03-23,376.4427795410,61.6976470947,87.8256988525,185.7400054932,72.4219818115
2023-03-24,378.9129943848,61.5099678040,87.8520584106,183.6499938965,72.4571151733
2023-03-27,379.6216125488,62.0909271240,86.7703094482,181.9499969482,72.1497726440
2023-03-28,378.7694091797,62.1177330017,86.7175140381,183.4400024414,72.0707702637
2023-03-29,384.2748413086,62.8684997559,86.5680160522,182.5299987793,72.0444259644
2023-03-30,386.5248413086,63.6014099121,86.6999435425,184.1799926758,72.0531921387
2023-03-31,391.9727478027,63.9231567383,87.1748886108,183.2200012207,72.1409912109
2023-04-03,393.4664306641,64.4326248169,87.5854949951,184.5399932861,72.2290267944
2023-04-04,391.2834472656,64.4415588379,88.1495056152,187.9799957275,72.3961868286
2023-04-05,390.2589111328,63.9946632385,88.5196456909,187.8300018311,72.4929962158
2023-04-06,391.7812500000,64.2985534668,88.5460586548,186.4900054932,72.4665603638
2023-04-10,392.1833801270,64.2538681030,87.6736679077,185.1100006104,72.2114028931
2023-04-11,392.2886962891,64.4683685303,87.6383895874,186.2799987793,72.2025833130
2023-04-12,390.6897583008,64.8794937134,87.8939361572,187.1900024414,72.2818145752
2023-04-13,395.8792114258,65.7107162476,87.6031112671,189.7200012207,72.3258132935
2023-04-14,394.9121093750,65.4425888062,87.1713333130,186.3600006104,72.1585845947
2023-04-17,396.3291931152,65.3263931274,86.6161651611,185.5299987793,72.0529937744
2023-04-18,396.5877380371,65.6839065552,86.7571563721,186.2500000000,72.0353927612
2023-04-19,396.5206909180,65.4783477783,86.5721130371,185.3600006104,71.9738082886
2023-04-20,394.3568725586,65.4783477783,87.0743942261,186.0899963379,72.1497802734
2023-04-21,394.6632690430,65.8090438843,86.8628997803,184.2500000000,72.1058044434
2023-04-24,395.0749511719,65.9788589478,87.2858963013,184.8099975586,72.1849899292
2023-04-25,388.8035583496,65.0582656860,88.1495056152,185.7500000000,72.4665603638
2023-04-26,387.1567687988,65.0135803223,87.8058242798,184.7400054932,72.3786239624
2023-04-27,394.8642883301,65.8269195557,87.2330245972,184.7500000000,72.2378005981
2023-04-28,398.2345275879,65.8001022339,87.8851394653,184.8000030518,72.3169937134
2023-05-01,397.8323669434,65.7017898560,86.8507156372,183.9700012207,72.1591186523
2023-05-02,393.3610229492,65.0403900146,87.9814147949,187.5200042725,72.3972778320
2023-05-03,390.6609802246,65.2102203369,88.5556030273,189.1100006104,72.5736618042
2023-05-04,387.8939819336,65.0761566162,88.5379486084,190.4400024414,72.6883316040
2023-05-05,395.0749511719,66.0324859619,88.0609512329,187.4600067139,72.5119247437
2023-05-08,395.1802978516,66.0503540039,87.5220947266,187.6900024414,72.3972778320
2023-05-09,393.4472656250,65.7822265625,87.4160766602,189.0200042725,72.3796081543
2023-05-10,395.2855834961,65.6481552124,88.0697402954,188.7500000000,72.5560302734
2023-05-11,394.5961914062,65.4872817993,88.3965911865,187.1300048828,72.6001434326
2023-05-12,394.0791931152,65.3710861206,87.8666000366,186.8099975586,72.4766235352
2023-05-15,395.4386901855,65.8716049194,87.6722335815,187.2100067139,72.4854660034
2023-05-16,392.7961730957,65.2459564209,87.3895645142,184.8699951172,72.3972778320
2023-05-17,397.5643310547,65.5498428345,87.1069107056,184.2299957275,72.3178558350
2023-05-18,401.3941040039,65.4515304565,86.5680999756,181.8399963379,72.1855850220
2023-05-19,400.8100891113,65.8358535767,86.2412261963,183.6399993896,72.1326751709
2023-05-22,400.9728698730,65.8537368774,86.0821990967,183.2100067139,72.1061935425
2023-05-23,396.4727783203,64.8884353638,86.2235641479,183.4299926758,72.0973739624
2023-05-24,393.6004638672,63.9410400391,86.0027313232,181.9499969482,72.0091705322
2023-05-25,397.0089416504,63.8516654968,85.4638366699,180.1999969482,71.8504028320
2023-05-26,402.1506042480,64.4773101807,85.6229019165,180.9199981689,71.8327636719
2023-05-30,402.3037414551,63.8248596191,86.2942428589,182.0399932861,71.9738922119
2023-05-31,400.0728454590,63.1634445190,86.6210327148,182.3200073242,72.0444488525
2023-06-01,403.8739624023,64.1019210815,86.8619079590,183.7599945068,72.1567611694
2023-06-02,409.7144165039,64.9331359863,86.1712646484,181.0500030518,71.9533767700
2023-06-05,408.9292907715,64.5577468872,86.1446914673,182.1399993896,71.9710617065
2023-06-06,409.8197631836,65.0940246582,86.1978454590,182.3399963379,71.9356994629
2023-06-07,408.4027099609,64.5215225220,85.5691604614,180.1499938965,71.8826141357
2023-06-08,410.8729248047,65.2041549683,86.1446914673,182.5299987793,71.9975814819
2023-06-09,411.6102294922,65.0949249268,85.8347854614,182.0399932861,71.8649368286
2023-06-12,415.3442382812,65.3770751953,85.9764633179,181.8800048828,71.9268798828
2023-06-13,418.0825195312,65.9959869385,85.3655090332,180.5399932861,71.7942352295
2023-06-14,418.5804748535,66.2417373657,85.4805984497,180.6399993896,71.7500228882
2023-06-15,423.7698364258,66.9425659180,86.1446914673,181.9100036621,71.9003524780
2023-06-16,422.3264160156,66.7969360352,85.7728042603,181.6300048828,71.8030853271
2023-06-20,420.1353149414,65.9140701294,86.0295867920,179.7500000000,71.8295898438
2023-06-21,417.9826660156,66.0141906738,86.1092605591,179.4900054932,71.8295898438
2023-06-22,419.4914855957,65.6046218872,85.6222763062,177.7100067139,71.7500228882
2023-06-23,416.3200683594,64.5852432251,85.9764633179,178.1999969482,71.8119430542
2023-06-26,414.6191101074,64.6671600342,86.1889648438,178.5099945068,71.8649368286
2023-06-27,419.1647033691,65.2314453125,85.8879165649,177.6900024414,71.7588577271
2023-06-28,419.3760681152,65.2769622803,86.2332153320,177.2799987793,71.8384170532
2023-06-29,421.0290527344,65.1859436035,85.3477935791,177.0899963379,71.6615905762
2023-06-30,425.9974365234,65.9868850708,85.5337371826,178.2700042725,71.6881256104
2023-07-03,426.4876403809,65.9140701294,85.1627273560,178.4700012207,71.6048049927
2023-07-05,425.8533630371,65.1768417358,84.7544555664,177.8399963379,71.5870819092
2023-07-06,422.5185852051,64.0482406616,84.0621337891,177.3099975586,71.5427627563
2023-07-07,421.4518737793,64.5306243896,83.9556274414,178.6399993896,71.6225357056
2023-07-10,422.5185852051,64.7126541138,84.3905563354,178.7799987793,71.7289047241
2023-07-11,425.2094116211,65.2951736450,84.5680541992,179.4499969482,71.7200393677
2023-07-12,428.6307373047,66.5420913696,85.3935089111,181.8800048828,71.9327697754
2023-07-13,432.0326538086,67.6069793701,86.1035614014,182.0099945068,72.1366424561
2023-07-14,431.7636108398,67.2247085571,85.6775207520,181.4299926758,71.9505081177
2023-07-17,433.2626953125,67.1427917480,85.8195571899,181.5599975586,71.9771041870
2023-07-18,436.4821777344,67.5796813965,85.9171829224,183.6399993896,71.9771041870
2023-07-19,437.4527587891,67.5432586670,86.2100753784,183.6699981689,72.0036773682
2023-07-20,434.5505065918,67.1974029541,85.5266494751,182.7400054932,71.9150390625
2023-07-21,434.5505065918,67.3339309692,85.5976333618,182.1799926758,71.9239120483
2023-07-24,436.4917602539,67.1701126099,85.3935089111,181.3999938965,71.8352966309
2023-07-25,437.6834106445,67.2429122925,85.2337265015,182.4100036621,71.8263854980
2023-07-26,437.7506713867,67.4249572754,85.5266494751,183.3000030518,71.8973312378
2023-07-27,434.8484191895,67.2702178955,84.5946731567,180.4199981689,71.7909545898
2023-07-28,439.1057434082,67.7526016235,84.8698501587,181.8600006104,71.8884658813
2023-07-31,439.9417419434,67.7707977295,84.9763565063,182.3500061035,71.9061965942
2023-08-01,438.6828918457,66.9243621826,84.4798202515,180.4600067139,71.8457336426
2023-08-02,432.5803833008,65.6774368286,84.3107528687,179.6000061035,71.8813095093
2023-08-03,431.3407287598,65.4953994751,83.6878738403,179.5399932861,71.9079666138
2023-08-04,429.3898925781,65.6774368286,84.5776977539,180.1900024414,72.0501785278
2023-08-07,433.1377868652,66.2326354980,84.3730468750,179.7799987793,72.0768432617
2023-08-08,431.2542114258,65.8321609497,84.8001556396,178.6399993896,72.1123886108
2023-08-09,428.3711547852,65.8139572144,84.8535308838,177.7899932861,72.0679168701
2023-08-10,428.5249023438,66.0960998535,84.2039794922,177.6000061035,72.0324020386
2023-08-11,428.2751159668,65.6501312256,83.7590637207,177.6000061035,71.9612655640
2023-08-14,430.6391601562,65.3588790894,83.6255874634,177.0599975586,71.8990783691
2023-08-15,425.6227111816,64.5488281250,83.4654159546,176.5899963379,71.9257202148
2023-08-16,422.4994201660,64.0209274292,83.1450805664,175.5700073242,71.8901901245
2023-08-17,419.2799682617,63.5658454895,83.0383071899,175.3000030518,71.9701766968
2023-08-18,419.4818420410,63.5658454895,83.2874450684,175.3300018311,71.9968566895
2023-08-21,422.2110595703,63.8024902344,82.7713775635,175.8099975586,71.9168472290
2023-08-22,421.0674743652,63.6841773987,82.8069610596,176.1000061035,71.8813095093
2023-08-23,425.7572326660,64.3759002686,83.7056808472,177.8899993896,72.0146179199
2023-08-24,419.8565979004,63.4930419922,83.3942413330,177.8500061035,71.9701766968
2023-08-25,422.8165588379,63.9208183289,83.3675460815,177.6199951172,71.9257202148
2023-08-28,425.4977416992,64.5943450928,83.5988769531,178.1300048828,71.9701766968
2023-08-29,431.6482238770,65.3952789307,84.1950836182,179.8699951172,72.1301574707
2023-08-30,433.4261169434,65.3588790894,84.1861953735,180.3200073242,72.1301574707
2023-08-31,432.7918395996,65.1040267944,84.3552551270,180.0200042725,72.2012405396
2023-09-01,433.5990905762,65.0676269531,83.8396072388,180.1100006104,72.1620407104
2023-09-05,431.7251586914,64.5033264160,83.3311309814,178.6399993896,72.0729370117
2023-09-06,428.8228454590,64.3667984009,83.1170120239,177.8300018311,71.9927444458
2023-09-07,427.5062866211,64.1574554443,83.4024810791,178.0200042725,72.1263961792
2023-09-08,428.1501464844,64.0664367676,83.4203414917,178.0800018311,72.0907669067
2023-09-11,430.9659118652,64.7308654785,83.2775878906,178.4100036621,72.1085739136
2023-09-12,428.6018066406,64.4669113159,83.3935623169,177.4900054932,72.0729370117
2023-09-13,429.1015014648,64.2666702271,83.4916839600,177.0800018311,72.1353225708
2023-09-14,432.8014221191,65.1131362915,83.3043594360,177.1699981689,72.1175155640
2023-09-15,427.5869140625,64.9675064087,83.0456314087,178.3399963379,72.0818481445
2023-09-18,427.8376464844,64.7399673462,83.1259231567,179.3899993896,72.0729370117
2023-09-19,426.9504089355,64.7945861816,82.8226013184,179.2200012207,72.0194702148
2023-09-20,423.0252990723,64.6398544312,82.7601776123,179.3500061035,71.9749221802
2023-09-21,416.0333862305,63.5658454895,82.1446304321,178.0500030518,72.0105895996
2023-09-22,415.0980224609,63.6204719543,82.4657592773,178.6199951172,72.0818481445
2023-09-25,416.8434753418,63.3383178711,81.8591537476,177.6999969482,72.0551300049
2023-09-26,410.7195739746,62.5191574097,81.8323974609,176.2799987793,72.0640258789
2023-09-27,410.8834838867,62.4008369446,81.4666213989,174.1000061035,72.0105895996
2023-09-28,413.2655639648,62.9105339050,81.6896286011,173.2299957275,72.1353225708
2023-09-29,412.2626037598,62.7285041809,81.7074813843,171.4499969482,72.1442337036
2023-10-02,412.0986328125,61.8092308044,81.0447158813,169.6499938965,72.0718841553
2023-10-03,406.5822448730,61.0355949402,80.3738937378,169.1600036621,72.0182876587
2023-10-04,409.5429687500,61.1448135376,80.8837356567,169.1399993896,72.1790542603
2023-10-05,409.3886413574,61.6818046570,81.0357666016,168.8300018311,72.2505187988
2023-10-06,414.2492065430,62.3644294739,80.5617065430,169.6999969482,72.1879882812
2023-10-09,416.9013366699,62.2734222412,81.5903091431,172.8200073242,72.4023971558
2023-10-10,419.0712890625,63.1289749146,81.4293212891,172.5299987793,72.3577499390
2023-10-11,420.7879638672,63.3929290771,81.8765335083,173.7899932861,72.3398590088
2023-10-12,418.2225952148,62.8650207520,81.0894241333,173.2599945068,72.2505187988
2023-10-13,416.1394958496,62.2825241089,81.6082000732,178.8300018311,72.2951812744
2023-10-16,420.5178222656,62.7375984192,81.1252136230,177.9600067139,72.2505187988
2023-10-17,420.4985351562,62.7740173340,80.3291625977,178.2899932861,72.0897369385
2023-10-18,414.8953857422,61.6818046570,79.9534988403,180.8699951172,72.0897369385
2023-10-19,411.2499389648,61.1357116699,79.5599441528,183.0899963379,72.1879882812
2023-10-20,406.1965332031,60.5896148682,80.0250473022,183.5899963379,72.3041458130
2023-10-23,405.4924316406,60.6351242065,80.4007263184,182.9700012207,72.3487854004
2023-10-24,408.5496215820,60.9809875488,80.5438232422,182.9499969482,72.3309249878
2023-10-25,402.6860046387,60.5441017151,79.8372344971,183.7200012207,72.2505187988
2023-10-26,397.8640441895,60.1072273254,80.4454574585,184.0099945068,72.3934631348
2023-10-27,396.0606079102,59.9251937866,80.5706634521,186.1499938965,72.4381027222
2023-10-30,400.7958068848,60.6897277832,80.3023300171,185.1000061035,72.4113311768
2023-10-31,403.3129272461,60.9081687927,80.1323776245,184.0899963379,72.3845214844
2023-11-01,407.6141662598,61.4815788269,81.0552978516,183.5099945068,72.5457839966
2023-11-02,415.4257812500,62.7375984192,81.5575866699,184.1199951172,72.5547332764
2023-11-03,419.2159118652,63.4020309448,82.1854705811,184.7899932861,72.7518157959
2023-11-06,420.1802978516,63.0834579468,81.7101135254,183.3500061035,72.6174621582
2023-11-07,421.3762207031,62.7012023926,82.1764984131,182.5899963379,72.6712036133
2023-11-08,421.6847839355,62.6192932129,82.5083465576,180.7700042725,72.6532745361
2023-11-09,418.3961486816,62.6101837158,81.6921310425,181.4900054932,72.5457839966
2023-11-10,424.9251403809,62.8923301697,81.7818374634,179.5099945068,72.5637130737
2023-11-13,424.5201416016,63.0561637878,81.7369689941,180.5099945068,72.5905685425
2023-11-14,432.7561645508,64.6671600342,82.9657974243,182.1199951172,72.8772659302
2023-11-15,433.6722412109,64.5670318604,82.3199996948,181.6399993896,72.7428359985
2023-11-16,434.2026977539,64.5215225220,82.9388885498,183.6900024414,72.8682785034
2023-11-17,434.7427978516,65.3952789307,82.9926986694,183.6699981689,72.8145294189
2023-11-20,438.0892333984,65.6410293579,83.1092910767,183.3699951172,72.8234939575
2023-11-21,437.1345214844,65.3861770630,83.2169189453,185.3500061035,72.8682785034
2023-11-22,438.8222351074,65.5409011841,83.1899948120,184.5599975586,72.8772659302
2023-11-24,439.0922546387,66.0414886475,82.7594909668,185.5200042725,72.8234939575
2023-11-27,438.3014221191,65.8139572144,83.3873443604,186.7700042725,72.9130630493
2023-11-28,438.7354431152,65.8321609497,83.7550811768,189.2599945068,73.0474624634
2023-11-29,438.4267883301,65.9686889648,84.1945495605,189.5399932861,73.1907958984
2023-11-30,440.1531372070,65.9140701294,83.7819900513,188.7500000000,73.1459884644
2023-12-01,442.7569885254,66.6057968140,84.5724716187,192.0099945068,73.3589630127
2023-12-04,440.4327697754,66.0869979858,84.2217483521,187.8600006104,73.2511215210
2023-12-05,440.3459472656,65.8503646851,84.8152847290,187.1499938965,73.3409805298
2023-12-06,438.5715026855,66.0505905151,85.1660385132,187.8399963379,73.3230209351
2023-12-07,441.9179687500,66.3691558838,85.0401382446,188.1499938965,73.3769378662
2023-12-08,443.8178710938,66.5693893433,84.4915466309,185.6399993896,73.2151870728
2023-12-11,445.5440979004,66.7332229614,84.5005493164,183.5899963379,73.2331619263
2023-12-12,447.5789794922,66.8515396118,84.6804046631,183.4900054932,73.2421417236
2023-12-13,453.7510986328,67.8254165649,85.9394607544,187.6300048828,73.6105422974
2023-12-14,455.2074890137,68.3260040283,86.6538314819,188.7299957275,73.7367630005
2023-12-15,454.4579162598,67.6615829468,86.5816574097,187.0000000000,73.6556243896
2023-12-18,457.0143127441,67.8254165649,86.3922500610,187.8500061035,73.6466140747
2023-12-19,459.7932434082,68.3988265991,86.5545959473,189.1300048828,73.6736679077
2023-12-20,453.4218750000,67.7085571289,86.9785461426,188.1000061035,73.7727890015
2023-12-21,457.7211608887,68.8052444458,86.8432693481,189.4299926758,73.8449172974
2023-12-22,458.6410217285,68.8697586060,86.7620773315,190.2700042725,73.8719635010
2023-12-26,460.5776367188,69.1830902100,86.8161697388,191.7200012207,73.8359146118
2023-12-27,461.4103698730,69.5517272949,87.4926834106,192.5899963379,73.9260406494
2023-12-28,461.5846862793,69.3673934937,87.1589431763,191.4700012207,73.9170379639
2023-12-29,460.2484436035,69.4411315918,86.9424591064,191.1699981689,73.9531021118
2024-01-02,457.6727294922,68.6669998169,86.6177597046,190.7200012207,73.8629684448
2024-01-03,453.9350585938,68.1509170532,86.8252105713,189.1300048828,73.8809814453
2024-01-04,452.4728393555,68.3075866699,86.3020401001,189.3200073242,73.8359146118
2024-01-05,453.0925903320,68.3536605835,85.9863891602,189.3500061035,73.8178787231
2024-01-08,459.5609436035,69.0817184448,86.2749938965,187.8699951172,73.8809814453
2024-01-09,458.8636779785,68.4642562866,86.2389450073,187.9299926758,73.8990173340
2024-01-10,461.4588317871,68.9066085815,86.1036071777,187.5000000000,73.8990173340
2024-01-11,461.2555541992,68.8973922729,86.5636520386,187.8699951172,74.0702896118
2024-01-12,461.5749816895,69.1830902100,86.7981643677,189.7100067139,74.2235107422
2024-01-16,459.8804321289,68.0218963623,86.0945968628,187.9100036621,74.1063461304
2024-01-17,457.3241577148,67.3767929077,85.8149795532,185.8399963379,73.9621276855
2024-01-18,461.3909912109,67.9758071899,85.6255798340,187.3699951172,73.9981613159
2024-01-19,467.1427612305,68.1324768066,85.6346054077,187.9299926758,73.9440765381
2024-01-22,468.1305236816,68.3444442749,85.8961791992,187.2200012207,73.9801406860
2024-01-23,469.4957275391,68.1509170532,85.6797027588,187.9499969482,73.9711227417
2024-01-24,470.0090637207,68.6669998169,85.4361724854,186.3999938965,73.9350585938
2024-01-25,472.5653686523,68.8605346680,85.8059387207,187.1399993896,74.0702896118
2024-01-26,471.9650268555,69.1646575928,85.6526260376,187.0099945068,74.0252075195
2024-01-29,475.7026672363,69.5701446533,86.1667556763,188.3300018311,74.0973358154
2024-01-30,475.3347473145,69.4779891968,86.2840194702,188.5899963379,74.0522460938
2024-01-31,467.5785522461,69.1277923584,87.0056228638,188.4499969482,74.1874847412
2024-02-01,473.6982727051,69.8097610474,87.5445098877,190.4100036621,74.2977600098
2024-02-02,478.6851196289,69.2568054199,86.4052124023,188.6100006104,74.0626983643
2024-02-05,476.9421386719,68.8881759644,85.5643386841,187.5700073242,73.9180526733
2024-02-06,478.3268127441,69.3121109009,86.0254592896,188.5500030518,74.0355682373
2024-02-07,482.3162841797,69.2752456665,85.8717422485,188.5000000000,74.0084533691
2024-02-08,482.5292968750,69.1554412842,85.5914535522,188.3300018311,73.9903488159
2024-02-09,485.3180541992,69.3950500488,85.4377288818,187.6000061035,73.9632492065
2024-02-12,485.1050415039,69.5148544312,85.5191192627,187.1100006104,73.9722900391
2024-02-13,478.4236145020,68.4458160400,84.5787429810,184.5299987793,73.7372131348
2024-02-14,482.7713928223,69.2107391357,84.8951950073,184.4199981689,73.8457260132
2024-02-15,486.1023254395,69.9940872192,85.1302947998,185.6600036621,73.9180526733
2024-02-16,483.6816101074,70.1046829224,84.7595672607,186.3399963379,73.8276519775
2024-02-20,481.0187683105,70.3903579712,84.9042510986,187.4700012207,73.8728408813
2024-02-21,481.4544372559,70.4456634521,84.6329803467,187.4799957275,73.8095626831
2024-02-22,491.4183654785,71.2382125854,84.6420288086,187.5599975586,73.8005065918
2024-02-23,491.7573547363,71.3303756714,85.0308380127,188.6199951172,73.8366851807
2024-02-26,489.9562988281,71.2289962769,84.9042510986,188.1999969482,73.7824401855
2024-02-27,490.8664550781,71.4225311279,84.7143859863,188.0000000000,73.7824401855
2024-02-28,490.2176513672,71.0078277588,85.0217895508,188.3399963379,73.8547592163
2024-02-29,491.9799804688,71.1921310425,85.1935729980,189.3099975586,73.8999786377
2024-03-01,496.5988464355,71.8833160400,85.5825195312,192.8899993896,74.0450668335
2024-03-04,496.0662841797,71.6990127563,85.3921432495,196.0099945068,73.9725189209
2024-03-05,491.1085510254,71.5699920654,85.9179382324,197.1900024414,74.0269241333
2024-03-06,493.5971069336,72.4178390503,86.1264801025,198.8099975586,74.0450668335
2024-03-07,498.4967956543,73.2749176025,86.2715377808,199.9400024414,74.1357269287
2024-03-08,495.5046386719,73.0353012085,86.3349761963,201.6300048828,74.1719970703
2024-03-11,495.0786743164,72.6205825806,86.2261810303,202.0000000000,74.1085357666
2024-03-12,500.4043579102,73.2011795044,85.8726196289,199.7899932861,74.0359802246
2024-03-13,499.6199645996,73.2103958130,85.6822509766,201.1900024414,73.9996948242
2024-03-14,498.6323242188,72.6758804321,85.0476303101,200.3500061035,73.9362411499
2024-03-15,495.2084045410,72.7035293579,84.9025726318,199.7100067139,73.8909149170
2024-03-18,498.1515502930,72.6850967407,84.8028335571,200.0299987793,73.8999710083
2024-03-19,500.9197998047,72.8141174316,85.0476303101,199.8000030518,73.9634399414
2024-03-20,505.5529174805,73.5882339478,85.2470779419,202.1799926758,74.0813140869
2024-03-21,507.2236022949,73.5513839722,85.2561492920,201.9700012207,74.0813140869
2024-03-22,506.2620544434,73.3947067261,85.6731796265,200.3500061035,74.1357269287
2024-03-25,504.8633422852,73.2380447388,85.4465408325,200.9900054932,74.0994491577
2024-03-26,503.9308776855,73.3209838867,85.5734405518,201.6399993896,74.1175842285
2024-03-27,508.1657409668,73.7633361816,85.8998489380,203.1000061035,74.1992187500
2024-03-28,508.0686950684,73.5974655151,85.8182373047,205.7200012207,74.1538696289
2024-04-01,507.1847534180,73.2841186523,85.0417404175,207.8200073242,73.9991836548
2024-04-02,503.9600524902,72.7680358887,84.8599014282,210.8899993896,74.0355682373
2024-04-03,504.5136413574,73.1735382080,84.9599151611,212.7400054932,74.0901718140
2024-04-04,498.3555603027,72.5468597412,85.2508621216,211.5200042725,74.1629638672
2024-04-05,503.5617065430,72.7772445679,84.6871185303,215.1399993896,74.0446701050
2024-04-08,503.8434143066,73.1366729736,84.4961776733,216.4799957275,73.9719161987
2024-04-09,504.4262390137,73.1274490356,84.8326187134,217.6699981689,74.0446701050
2024-04-10,499.3753662109,72.1597976685,83.7051391602,215.6100006104,73.7444534302
2024-04-11,503.1441345215,72.3533248901,83.5869522095,219.8000030518,73.8354263306
2024-04-12,496.1991577148,71.1829147339,83.9324493408,216.8899993896,73.8809127808
2024-04-15,489.9827575684,70.9709548950,83.3960113525,220.9499969482,73.8536529541
2024-04-16,489.0891113281,70.2705459595,83.0686721802,221.2200012207,73.8081436157
2024-04-17,486.1945495605,70.3166351318,83.5960311890,219.5899963379,73.8627395630
2024-04-18,485.1941223145,70.1231002808,83.3050994873,220.3399963379,73.8263320923
2024-04-19,480.9591674805,70.1507415771,83.4141921997,221.0299987793,73.8445358276
2024-04-22,485.3883666992,70.9709548950,83.4232635498,215.5700073242,73.8809127808
2024-04-23,491.1482543945,71.7450790405,83.5323867798,215.0399932861,73.9446334839
2024-04-24,490.9151916504,71.6068344116,83.2778015137,214.6399993896,73.9173202515
2024-04-25,489.0502624512,71.2750625610,82.9595565796,215.9199981689,73.8627395630
2024-04-26,493.6834106445,71.8464508057,83.1868743896,216.6199951172,73.8809127808
2024-04-29,495.4317932129,72.1229324341,83.5232925415,216.1799926758,73.9173202515
2024-04-30,487.5835571289,71.2105560303,83.1323242188,211.8699951172,73.8263320923
2024-05-01,486.0002746582,71.0538940430,83.4615325928,213.7899932861,73.9741973877
2024-05-02,490.5460510254,72.0123443604,83.8536758423,213.1300048828,74.0837097168
2024-05-03,496.6265869141,72.7311706543,84.3187713623,212.9600067139,74.2023849487
2024-05-06,501.7551269531,73.2288284302,84.3917083740,215.1999969482,74.1932525635
2024-05-07,502.3087768555,73.4223480225,84.6106033325,214.2100067139,74.2023849487
2024-05-08,502.3572998047,73.3394165039,84.3734741211,213.5800018311,74.1841354370
2024-05-09,505.2518005371,73.9015731812,84.6288299561,216.9499969482,74.2480239868
2024-05-10,505.9026489258,74.0398101807,84.3552474976,218.7100067139,74.1841354370
2024-05-13,505.9705505371,74.0398101807,84.4555740356,216.2599945068,74.2023849487
2024-05-14,508.2920532227,74.5927658081,84.7017974854,218.0899963379,74.2753829956
2024-05-15,514.5863037109,75.3853378296,85.3401641846,220.8899993896,74.4122924805
2024-05-16,513.5275268555,74.9798355103,85.1759872437,220.0299987793,74.3575515747
2024-05-17,514.2657470703,75.2378692627,84.9115371704,223.6600036621,74.3119049072
2024-05-20,514.8581542969,75.2931594849,84.7838516235,224.5599975586,74.2936477661
2024-05-21,516.1209106445,75.1733627319,85.0027160645,224.2299957275,74.3301544189
2024-05-22,514.6348876953,74.4637527466,84.8933029175,220.1100006104,74.2753829956
2024-05-23,510.8759460449,74.0858917236,84.5923614502,215.7200012207,74.2388916016
2024-05-24,514.2559814453,74.6941452026,84.7017974854,215.9199981689,74.2662582397
2024-05-28,514.6154174805,74.6664886475,84.2275695801,218.1900024414,74.2023849487
2024-05-29,511.0117797852,73.4868698120,83.8171920776,216.1600036621,74.1749877930
2024-05-30,507.6218872070,74.1043319702,84.2366943359,216.5700073242,74.2571487427
2024-05-31,512.2454223633,74.8139419556,84.6288299561,215.3000030518,74.3575515747
2024-06-03,512.6630859375,75.0259094238,85.1831130981,217.2200012207,74.4417877197
2024-06-04,513.2360839844,74.9337463379,85.6495971680,215.2700042725,74.5150222778
2024-06-05,519.3359375000,75.4590454102,85.9606170654,217.8200073242,74.5883026123
2024-06-06,519.3262939453,75.7170944214,85.9239959717,219.4299926758,74.5974426270
2024-06-07,518.6949462891,74.8968811035,85.0184783936,211.6000061035,74.4051437378
2024-06-10,520.2975463867,74.8415985107,84.8355331421,213.5399932861,74.4142990112
2024-06-11,521.5507202148,73.9911422729,85.2837295532,214.1499938965,74.4967117310
2024-06-12,525.8340454102,74.8631591797,85.7593536377,214.7200012207,74.5974426270
2024-06-13,526.8929443359,73.7942276001,86.3264694214,212.9700012207,74.7164688110
2024-06-14,527.2135009766,72.9784622192,86.5277023315,215.7299957275,74.7256240845
2024-06-17,531.4095458984,73.2691345215,86.1252288818,214.6100006104,74.6523742676
2024-06-18,532.7597045898,73.5597991943,86.5002593994,215.4700012207,74.7531127930
2024-06-20,531.3123779297,73.6066970825,86.2807083130,218.1600036621,74.7256240845
2024-06-21,530.6002197266,73.0909805298,86.2990264893,214.7799987793,74.7531127930
2024-06-24,528.8753051758,73.6723251343,86.3722076416,215.6300048828,74.7622680664
2024-06-25,530.9119262695,73.8504867554,86.4453582764,214.5599975586,74.7714233398
2024-06-26,531.5745849609,73.3066406250,85.9239959717,212.5800018311,74.6981658936
2024-06-27,532.4126586914,73.3628997803,86.1160812378,214.9900054932,74.7531127930
2024-06-28,530.3175659180,73.4472961426,85.6587448120,215.0099945068,74.7622680664
2024-07-01,531.4089355469,73.5785675049,85.0211105347,215.5700073242,74.6979598999
2024-07-02,534.9851074219,73.7567214966,85.3422164917,215.5599975586,74.7622528076
2024-07-03,537.3726196289,74.6006164551,85.9110565186,217.9900054932,74.8724975586
2024-07-05,540.4713134766,75.0975723267,86.3881301880,220.9299926758,75.0103073120
2024-07-08,541.0949096680,74.7225189209,86.4156723022,218.1900024414,75.0011138916
2024-07-09,541.6210937500,74.4224548340,86.2963790894,218.5599975586,74.9827651978
2024-07-10,546.9806518555,75.4726409912,86.3789596558,219.3600006104,75.0103073120
2024-07-11,542.2643432617,75.6883087158,86.9294357300,223.2500000000,75.1848449707
2024-07-12,545.6846923828,76.4946975708,87.1129455566,223.1100006104,75.2950897217
2024-07-15,547.1853637695,75.8195800781,86.8376998901,223.8300018311,75.2950897217
2024-07-16,550.4302368164,76.1852722168,87.2230300903,228.2899932861,75.3226242065
2024-07-17,542.7125854492,75.7820739746,87.2964248657,227.2299957275,75.3318176270
2024-07-18,538.5418701172,75.0319366455,87.0486984253,225.7799987793,75.2950897217
2024-07-19,534.9656372070,74.5724868774,86.7734527588,221.7299957275,75.2583236694
2024-07-22,540.4811401367,75.3601226807,86.6908874512,221.8000030518,75.2675170898
2024-07-23,539.6332397461,74.9381790161,86.7551269531,222.5800018311,75.3042831421
2024-07-24,527.4038696289,73.9911422729,86.5624542236,221.8000030518,75.3410186768
2024-07-25,524.6559448242,73.5223083496,86.7551269531,218.3300018311,75.3502120972
2024-07-26,530.5319213867,74.4599685669,87.1679763794,220.6300048828,75.4512710571
2024-07-29,530.8437500000,74.1317749023,87.3147659302,220.3200073242,75.4604263306
2024-07-30,528.1542358398,74.3005599976,87.4982604980,222.5200042725,75.4880142212
2024-07-31,536.7391967773,75.3507537842,88.1404876709,226.5500030518,75.6441726685
2024-08-01,529.1383666992,73.3535232544,88.5168457031,225.7700042725,75.7750778198
2024-08-02,519.2868041992,72.2001876831,89.8880081177,225.3399963379,76.1990737915
2024-08-05,504.1631469727,70.6249160767,89.9800338745,222.4799957275,76.1806030273
2024-08-06,508.8113403320,70.7468032837,89.1794357300,220.6999969482,76.0884552002
2024-08-07,505.4104309082,71.0843734741,88.8573379517,220.5500030518,76.0423736572
2024-08-08,517.0941772461,72.2752075195,88.5904769897,224.0099945068,76.0055007935
2024-08-09,519.3744506836,72.5565032959,88.9493789673,224.5599975586,76.0239334106
2024-08-12,519.6472778320,72.4908676147,89.1978454590,228.4100036621,76.0700149536
2024-08-13,528.1931152344,73.7379608154,89.5935134888,228.0599975586,76.1898498535
2024-08-14,529.8594970703,74.0098876953,89.7131423950,226.1999969482,76.1806030273
2024-08-15,538.9414062500,74.9100494385,89.1518096924,226.9100036621,75.9962539673
2024-08-16,540.1497192383,75.3226165771,89.3266601562,231.9900054932,76.0792312622
2024-08-19,545.3142700195,76.2415237427,89.4462814331,231.6100006104,76.0607986450
2024-08-20,544.4276733398,76.0071105957,89.8051757812,232.4600067139,76.1714324951
2024-08-21,546.2985839844,76.7103500366,89.9892425537,232.1499938965,76.2543716431
2024-08-22,542.0109252930,76.2602767944,89.5751266479,229.3699951172,76.1529693604
2024-08-23,547.7700195312,77.6574020386,89.9892425537,232.0200042725,76.3281021118
2024-08-26,546.4641113281,77.3104629517,89.8787994385,232.7599945068,76.2912063599
2024-08-27,547.2145385742,77.6667861938,89.8419799805,233.3899993896,76.3373260498
2024-08-28,544.0377807617,77.3948593140,89.7959823608,231.7500000000,76.3281021118
2024-08-29,544.0864257812,77.6855316162,89.6395416260,232.9499969482,76.3188934326
2024-08-30,549.2803955078,77.8074264526,89.3266601562,231.2899932861,76.3188934326
2024-09-03,537.9768066406,76.5790786743,89.9154968262,230.2899932861,76.4002990723
2024-09-04,536.8756103516,76.2415237427,90.4415969849,230.4299926758,76.5667800903
2024-09-05,535.5698242188,76.2602767944,90.6538696289,232.3500061035,76.5945129395
2024-09-06,526.5560913086,74.8256607056,90.7831039429,230.6300048828,76.7332458496
2024-09-09,532.4515991211,75.5757827759,90.9123229980,231.6000061035,76.7425003052
2024-09-10,534.7708129883,75.2007217407,91.2999496460,232.6199951172,76.8534927368
2024-09-11,540.2570190430,75.6508026123,91.2353668213,232.2500000000,76.7887649536
2024-09-12,544.8075561523,76.2696533203,91.0876998901,236.3300018311,76.7980117798
2024-09-13,547.6530151367,76.4478149414,91.2630386353,238.6799926758,76.9089736938
2024-09-16,548.4618530273,77.0666656494,91.5030212402,238.6600036621,76.9552536011
2024-09-17,548.6859741211,76.6353530884,91.3368911743,237.3399963379,76.8997421265
2024-09-18,547.0586547852,76.3915634155,90.9400100708,235.5099945068,76.8720092773
2024-09-19,556.3938598633,77.9011993408,90.8661727905,239.1699981689,76.9367446899
2024-09-20,555.4320068359,77.1323165894,90.8384628296,242.2100067139,76.9644927979
2024-09-23,556.8200073242,77.4229888916,90.7831039429,242.6799926758,76.9644927979
2024-09-24,558.4133300781,77.8824386597,90.8846206665,246.0700073242,77.0385055542
2024-09-25,557.1816406250,77.4604949951,90.5154418945,245.7299957275,76.9737548828
2024-09-26,559.3907470703,79.1670455933,90.4508438110,246.9799957275,76.8997421265
2024-09-27,558.5794677734,78.6888275146,90.8107833862,245.0200042725,77.0199966431
2024-09-30,560.8178100586,78.4169082642,90.5616149902,243.0599975586,76.9089736938
2024-10-01,555.7937622070,77.8355560303,90.8911361694,245.6100006104,76.9581832886
2024-10-02,556.0282592773,77.6761550903,90.6319427490,245.6600036621,76.9396362305
2024-10-03,555.0118408203,76.9541473389,90.1691284180,245.4900054932,76.8375473022
2024-10-04,560.0554199219,77.4042282104,89.2989807129,245.0000000000,76.5776977539
2024-10-07,554.9922485352,76.9729080200,88.9750137329,244.1699981689,76.4756240845
2024-10-08,560.2411499023,76.8510055542,89.0490570068,242.3699951172,76.5405883789
2024-10-09,564.1216430664,76.8697662354,88.7158126831,241.0500030518,76.4663543701
2024-10-10,563.1343383789,76.7759933472,88.7065582275,242.8200073242,76.5313110352
2024-10-11,566.5064697266,77.1698226929,88.7343215942,245.4700012207,76.5962600708
2024-10-14,571.1396484375,77.3948593140,88.5769653320,245.0700073242,76.5591659546
2024-10-15,566.7021484375,76.1102600098,89.0305404663,245.9199981689,76.5962600708
2024-10-16,569.1652221680,76.3071594238,89.1693801880,247.1499938965,76.6426544189
2024-10-17,569.2140502930,76.3165435791,88.7065582275,248.6300048828,76.5776977539
2024-10-18,571.4036254883,76.8322601318,88.8083877563,251.2700042725,76.6426544189
2024-10-21,570.4652709961,75.9227218628,88.1234054565,251.2200012207,76.5313110352
2024-10-22,570.1621704102,75.4914016724,88.0401000977,253.9299926758,76.5220413208
2024-10-23,564.9523315430,74.7318801880,87.8364257812,250.8699951172,76.4756240845
2024-10-24,566.1741943359,75.1538391113,88.0308227539,252.8000030518,76.5127563477
2024-10-25,565.9786987305,74.9006652832,87.8364257812,253.3200073242,76.4849014282
2024-10-28,567.7283935547,75.5007629395,87.6327667236,253.3300018311,76.4477920532
2024-10-29,568.6471557617,75.2288513184,87.6697998047,256.0899963379,76.4756240845
2024-10-30,566.9268188477,74.7412643433,87.5402297974,257.5000000000,76.4106521606
2024-10-31,555.8132934570,74.2818069458,87.4939346313,253.5099945068,76.4292449951
2024-11-01,558.1591186523,74.4318313599,86.9758071899,252.4700012207,76.4040908813
2024-11-04,556.9569091797,74.4880981445,87.4400787354,252.8300018311,76.4599533081
2024-11-05,563.6914672852,75.2288513184,87.4865036011,253.3999938965,76.4413452148
2024-11-06,577.7080078125,74.1411590576,86.5858230591,245.6999969482,76.3481979370
2024-11-07,582.1749877930,75.2663574219,87.2822494507,249.6499938965,76.4785919189
2024-11-08,584.6966552734,74.2255477905,87.4679336548,247.9600067139,76.4227371216
2024-11-11,585.2539062500,74.2443008423,87.2265167236,242.1399993896,76.3668441772
2024-11-12,583.4357910156,72.8659362793,86.6786651611,240.0500030518,76.2923431396
2024-11-13,583.7192993164,72.4346084595,86.6229629517,237.6300048828,76.4040908813
2024-11-14,579.9659423828,72.5846328735,86.6136932373,237.0099945068,76.2923431396
2024-11-15,572.5373535156,72.3220825195,86.6508178711,236.5899963379,76.3761520386
2024-11-18,574.8833618164,72.7159118652,86.8458175659,241.0899963379,76.4320373535
2024-11-19,576.9846801758,72.6221389771,87.0315322876,243.2500000000,76.4320373535
2024-11-20,577.1802368164,72.4252319336,86.9015274048,244.6199951172,76.3947830200
2024-11-21,580.2786254883,72.4439926147,86.8551177979,246.6600036621,76.3761520386
2024-11-22,582.0771484375,72.7252807617,86.9108047485,249.8399963379,76.3668441772
2024-11-25,584.0517578125,73.1003494263,87.8486404419,242.4799957275,76.5158157349
2024-11-26,587.1011962891,72.6784057617,87.6629333496,242.9499969482,76.5158157349
2024-11-27,585.3223876953,73.0722198486,88.0157699585,243.4900054932,76.5623931885
2024-11-29,588.9583129883,74.0473861694,88.3871917725,245.5899963379,76.6555175781
2024-12-02,590.0139770508,74.2536773682,88.3797302246,243.4400024414,76.6508560181
2024-12-03,590.2877197266,74.6756210327,88.1282730103,243.9299926758,76.6601715088
2024-12-04,593.9530639648,74.7318801880,88.4635543823,244.6699981689,76.7442550659
2024-12-05,592.9757080078,75.0975723267,88.4542465210,242.8600006104,76.7442550659
2024-12-06,594.0997924805,75.0882034302,88.7336425781,242.9499969482,76.8189926147
2024-12-09,591.0403442383,75.0413208008,88.4263000488,245.3600006104,76.7909774780
2024-12-10,589.2026977539,74.3661956787,88.2679519653,248.5899963379,76.7816390991
2024-12-11,593.7575683594,74.8350372314,88.0071716309,250.9600067139,76.7629470825
2024-12-12,590.6983032227,74.1786651611,87.6718673706,247.2799987793,76.7255783081
2024-12-13,590.5809326172,73.9723815918,87.2620773315,244.2899932861,76.6882019043
2024-12-16,593.1027221680,73.7285766602,87.2899856567,244.8800048828,76.6975326538
2024-12-17,590.6591186523,73.6116790771,87.2899856567,243.9400024414,76.7068862915
2024-12-18,573.0553588867,71.8058471680,86.6153411865,239.2599945068,76.5662841797
2024-12-19,572.8794555664,71.5777359009,86.2228393555,239.6000061035,76.6506500244
2024-12-20,579.7603149414,71.3781433105,86.5405654907,242.1000061035,76.6600189209
2024-12-23,583.2320556641,71.8438644409,86.1574401855,240.9600067139,76.6131820679
2024-12-24,589.7147216797,72.1004791260,86.2041625977,241.4400024414,76.6506500244
2024-12-26,589.7540283203,72.4426422119,86.2695693970,243.0700073242,76.6693954468
2024-12-27,583.5459594727,72.3380966187,86.0453033447,241.3999938965,76.6881179810
2024-12-30,576.8866577148,71.8628768921,86.5499191284,240.6300048828,76.8006286621
2024-12-31,574.7880249023,71.8628768921,86.3910369873,242.1300048828,76.8475036621
2025-01-02,573.3756713867,71.6157608032,86.4377899170,245.4199981689,76.8287277222
2025-01-03,580.5449218750,71.9294052124,86.2975997925,243.4900054932,76.8287277222
2025-01-06,583.8891601562,72.6137237549,86.2135009766,243.1900024414,76.8475036621
2025-01-07,577.2888183594,72.5566864014,85.8210296631,244.5599975586,76.8006286621
2025-01-08,578.1322631836,72.4426422119,85.9705429077,245.8600006104,76.8475036621
2025-01-10,569.3056640625,71.3401260376,85.3444519043,248.2100067139,76.7069168091
2025-01-13,570.1883544922,71.1405334473,85.1949462891,245.7400054932,76.7256393433
2025-01-14,570.9728393555,71.3971557617,85.2229690552,247.0299987793,76.7443695068
2025-01-15,581.3588867188,72.3095779419,86.1200637817,248.8800048828,76.9131393433
2025-01-16,580.2408447266,72.6802520752,86.3256378174,250.6000061035,76.9599761963
2025-01-17,586.0664062500,72.9748916626,86.3910369873,249.2700042725,76.9412536621
2025-01-21,591.4309082031,74.4480743408,86.6807403564,253.1300048828,76.9693603516
2025-01-22,594.7557373047,74.2770004272,86.4564743042,254.4299926758,76.9506072998
2025-01-23,598.0019531250,74.8852767944,86.2321853638,254.0700073242,76.9506072998
2025-01-24,596.2561645508,75.3034667969,86.4097518921,255.6499938965,76.9974670410
2025-01-27,587.8218994141,75.3034667969,86.9704055786,252.9900054932,77.1099853516
2025-01-28,592.8726806641,75.2084274292,86.9797515869,255.1799926758,77.1287155151
2025-01-29,590.2148437500,75.1989212036,86.8769760132,254.1999969482,77.0818405151
2025-01-30,593.3826293945,76.0258026123,87.0638732910,258.0499877930,77.1287155151
2025-01-31,590.2247924805,75.3129653931,86.9236907959,258.5599975586,77.1380920410
2025-02-03,586.2527465820,74.4290618896,86.9855728149,259.9400024414,77.0844726562
2025-02-04,590.1854858398,75.2939682007,87.2011947632,262.5000000000,77.1597213745
2025-02-05,592.5784912109,76.0258026123,87.7073898315,264.1300048828,77.2067413330
2025-02-06,594.6380615234,76.3869781494,87.6042709351,263.4299926758,77.1785354614
2025-02-07,589.1950073242,75.6646347046,87.3136672974,263.8999938965,77.0938873291
2025-02-10,593.1962890625,76.1778717041,87.2949371338,268.3699951172,77.1315002441
2025-02-11,593.6473999023,76.5390396118,87.0699462891,267.3900146484,77.1126937866
2025-02-12,591.7350463867,76.8241729736,86.4699783325,267.6700134277,77.0092468262
2025-02-13,597.9822998047,77.7555999756,87.1168136597,270.3099975586,77.1126937866
2025-02-14,597.9528198242,77.8696594238,87.4824066162,266.2900085449,77.2161254883
2025-02-18,599.7083740234,78.4304199219,87.0136795044,270.7000122070,77.1503143311
2025-02-19,601.1206054688,77.6225433350,87.1543121338,270.8500061035,77.2067413330
2025-02-20,598.6198120117,77.9837112427,87.3324203491,270.9899902344,77.2161254883
2025-02-21,588.3809814453,77.4989852905,87.8480072021,270.7399902344,77.3478164673
2025-02-24,585.7034912109,77.4514617920,88.0355072021,272.2099914551,77.4042510986
2025-02-25,582.7907714844,78.1548004150,88.7292022705,268.6199951172,77.5077133179
2025-02-26,583.0849609375,78.2593307495,88.9729461670,269.0299987793,77.5359344482
2025-02-27,573.7778930664,77.3754348755,88.8698272705,264.9299926758,77.5641555786
2025-02-28,582.7318725586,77.5370025635,89.3573074341,263.2699890137,77.7052001953
2025-03-03,572.5224609375,78.3924026489,89.6816558838,266.7399902344,77.7552108765
2025-03-04,565.7455444336,78.3733901978,89.3996047974,269.0599975586,77.7646560669
2025-03-05,571.8261108398,80.2457656860,88.9013442993,269.6199951172,77.6797256470
2025-03-06,561.6755981445,79.4188690186,88.8543243408,268.2500000000,77.7269210815
2025-03-07,564.8237304688,80.2457656860,88.7415008545,268.3900146484,77.7174758911
2025-03-10,549.7793579102,78.3543853760,89.3620223999,266.0400085449,77.8589782715
2025-03-11,545.2090454102,78.0882644653,89.0423660278,269.1600036621,77.8118133545
2025-03-12,548.1021728516,78.6490173340,88.7791213989,270.3299865723,77.7552108765
2025-03-13,540.7957153320,78.1262817383,89.1363677979,275.1300048828,77.8118133545
2025-03-14,551.9663085938,79.5614471436,88.8261260986,275.2399902344,77.7552108765
2025-03-17,556.2227172852,80.4548645020,88.9013442993,276.7300109863,77.7269210815
2025-03-18,550.2107543945,80.4453582764,89.0047378540,279.9599914551,77.7269210815
2025-03-19,556.2031250000,80.6829681396,89.2773818970,281.1099853516,77.8401336670
2025-03-20,554.5946655273,80.0081481934,89.4090118408,280.7500000000,77.8589782715
2025-03-21,554.7775878906,79.5139312744,89.3338012695,278.4899902344,77.9061813354
2025-03-24,564.7128906250,79.5044174194,88.8167190552,277.2500000000,77.8023986816
2025-03-25,566.0703735352,79.9416198730,88.9671630859,278.4700012207,77.8307037354
2025-03-26,559.3125000000,78.9056320190,88.7602920532,278.2399902344,77.8118133545
2025-03-27,557.8270874023,79.0767135620,88.6850967407,281.9700012207,77.8495559692
2025-03-28,546.5934448242,78.3733901978,89.3996047974,284.0599975586,77.9910736084
2025-03-31,550.2625122070,77.6795730591,89.6628723145,288.1400146484,78.0476913452
2025-04-01,551.8167724609,77.7936248779,89.9778747559,287.5700073242,78.0760803223
2025-04-02,555.3087768555,77.9742126465,89.8929977417,288.1600036621,78.0192718506
2025-04-03,527.9427490234,76.3394470215,90.8172836304,286.4200134277,78.3127212524
2025-04-04,497.0354309082,71.3021087646,91.0719299316,279.7200012207,78.2654037476
2025-04-07,496.1501464844,69.5818023682,89.9873123169,273.7099914551,78.2748565674
2025-04-08,488.3790588379,69.3442077637,89.5345916748,275.2000122070,78.2275314331
2025-04-09,539.6682739258,74.6951828003,89.2516403198,285.3800048828,78.1801986694
2025-04-10,516.0205688477,73.2220077515,88.6951675415,292.3500061035,78.1707305908
2025-04-11,525.2277832031,75.0563507080,88.1953125000,297.9299926758,78.0287399292
2025-04-14,530.3232421875,75.8642272949,88.9026641846,296.2300109863,78.1991348267
2025-04-15,528.8378295898,76.5485534668,89.1667633057,297.7799987793,78.1991348267
2025-04-16,517.0829467773,76.2539138794,89.5534286499,307.4700012207,78.3032531738
2025-04-17,517.8206787109,77.0807952881,89.2988128662,306.1199951172,78.3316497803
2025-04-21,505.4951171875,76.6626052856,88.8177871704,315.5899963379,78.2843322754
2025-04-22,518.6469726562,78.2498397827,88.8837890625,311.1099853516,78.3127212524
2025-04-23,526.6835937500,78.5634841919,88.9781188965,303.6499938965,78.2559280396
2025-04-24,537.7697143555,79.6089706421,89.4591140747,308.0700073242,78.3505783081
2025-04-25,541.6553344727,79.9511260986,89.7986755371,304.7300109863,78.4168395996
2025-04-28,541.8617553711,80.4833679199,90.1570587158,309.0700073242,78.5304183960
2025-04-29,545.2753295898,80.6449432373,90.4683227539,306.0599975586,78.5777816772
2025-04-30,545.4916992188,80.5498962402,90.6097946167,303.7699890137,78.6819000244
2025-05-01,549.3574829102,80.2932891846,90.2152099609,297.4599914551,78.5195236206
2025-05-02,557.5122680664,81.8330001831,89.6096191406,297.9800109863,78.3675842285
2025-05-05,554.3153076172,81.9755706787,89.4487533569,306.8800048828,78.3580932617
2025-05-06,549.6821289062,81.8710098267,89.6758422852,315.4800109863,78.4245605469
2025-05-07,551.9938354492,81.5953826904,89.9124145508,310.7500000000,78.4530715942
2025-05-08,555.8400268555,81.3102569580,89.2121734619,304.6300048828,78.2916336060
2025-05-09,555.1317749023,81.7094421387,89.2784271240,306.8399963379,78.3296127319
2025-05-12,573.4774780273,82.1276397705,88.7106628418,298.1900024414,78.1871643066
2025-05-13,577.2647094727,82.2321853638,88.6444396973,299.4599914551,78.1681900024
2025-05-14,578.0024414062,81.8330001831,88.3132705688,293.1600036621,78.1112213135
2025-05-15,580.8255004883,82.7264175415,88.8904647827,297.8399963379,78.2631301880
2025-05-16,584.5045776367,82.9164962769,88.9188537598,294.2399902344,78.2441482544
2025-05-19,585.1439208984,83.7053756714,88.8715591431,298.0299987793,78.2726364136
2025-05-20,583.1765747070,84.1045532227,88.7579803467,303.5799865723,78.2821273804
2025-05-21,573.3494873047,83.6103286743,88.1429290771,305.8200073242,78.2346649170
2025-05-22,573.5758666992,83.5627975464,88.4741134644,303.1099853516,78.2821273804
2025-05-23,569.6607666016,83.6768569946,88.7296066284,309.7500000000,78.3296127319
2025-05-27,581.5043334961,84.8934173584,89.0986328125,304.5000000000,78.3580932617
2025-05-28,578.1401367188,83.9144668579,88.8525924683,303.8099975586,78.3011322021
2025-05-29,580.4223022461,84.2851409912,89.2216567993,305.6099853516,78.3865966797
2025-05-30,579.7731323242,84.4086914062,89.4865951538,303.6000061035,78.4815444946
2025-06-02,583.0389404297,85.3116226196,89.1828079224,311.6700134277,78.4167556763
2025-06-03,586.3637084961,84.6653137207,89.0973663330,308.9100036621,78.3977050781
2025-06-04,586.2062377930,85.0455017090,89.7524337769,310.8999938965,78.5406112671
2025-06-05,583.3733520508,84.9884643555,89.4866027832,309.3299865723,78.4548645020
2025-06-06,589.3639526367,85.2926101685,88.7745971680,305.1799926758,78.3214874268
2025-06-09,589.8950805664,85.2831039429,88.9359664917,306.6199951172,78.3786621094
2025-06-10,593.2396850586,85.3971557617,89.0878829956,306.7099914551,78.3786621094
2025-06-11,591.5477294922,85.2545852661,89.4581451416,308.3699951172,78.5025024414
2025-06-12,593.8987426758,85.9103927612,89.8473587036,312.2000122070,78.5691833496
2025-06-13,587.2589111328,84.8078842163,89.5150833130,316.2900085449,78.5120239258
2025-06-16,592.8461914062,85.1259994507,89.2587585449,311.7799987793,78.5025024414
2025-06-17,587.7802734375,84.0817413330,89.6954727173,311.9400024414,78.5406112671
2025-06-18,587.6917114258,84.2267761230,89.7524337769,310.2600097656,78.5787124634
2025-06-20,586.3114624023,83.4725952148,89.8093795776,310.1300048828,78.6358795166
2025-06-23,592.1027221680,84.1010818481,90.1226882935,311.0799865723,78.7406768799
2025-06-24,598.6437988281,85.1259994507,90.4359664917,306.1900024414,78.8073730469
2025-06-25,598.9793090820,84.6618804932,90.4739379883,307.1199951172,78.8169097900
2025-06-26,603.6655883789,85.6094436646,90.7967300415,306.7799987793,78.9121704102
2025-06-27,606.6647949219,86.3829574585,90.5593872070,301.2200012207,78.8835830688
2025-06-30,609.5653076172,86.4313049316,90.9201354980,304.8299865723,78.9407348633
2025-07-01,609.3681030273,86.2862777710,90.7515640259,307.5499877930,78.8585433960
2025-07-02,612.1306152344,86.5376739502,90.5610885620,309.2500000000,78.8489913940
2025-07-03,616.9550170898,86.5570068359,90.2468185425,307.1400146484,78.7629852295
2025-07-07,612.3573608398,85.6191101074,89.9610824585,307.3699951172,78.7438735962
2025-07-08,612.0220336914,86.2475967407,89.8277664185,304.1600036621,78.7534179688
2025-07-09,615.6921386719,86.8954238892,90.2944412231,305.5199890137,78.8203125000
2025-07-10,617.4285278320,86.8374099731,90.2468185425,306.2000122070,78.8203125000
2025-07-11,615.2580566406,86.0058746338,89.8277664185,309.1400146484,78.8012008667
2025-07-14,616.4320678711,86.0058746338,89.7896652222,308.0100097656,78.8107604980
2025-07-15,613.7978515625,85.1066589355,89.4373016357,306.7300109863,78.7342987061
2025-07-16,615.8499145508,85.4547424316,89.6848907471,308.2600097656,78.8394546509
2025-07-17,619.6187133789,85.6771316528,89.6563415527,307.5899963379,78.8107604980
2025-07-18,619.1649169922,85.4354019165,89.9039535522,308.3900146484,78.8776626587
2025-07-21,620.3389892578,85.8898468018,90.2182388306,313.1300048828,78.9254608154
2025-07-22,620.4277954102,86.3636245728,90.4753646851,316.1000061035,78.9827880859
2025-07-23,625.7059936523,88.5101470947,90.1515731812,312.1799926758,78.9159011841
2025-07-24,625.9132080078,87.8526611328,90.0182189941,310.2699890137,78.8489913940
2025-07-25,628.5572509766,87.7462921143,90.2277526855,307.3999938965,78.8967895508
2025-07-28,628.3994750977,86.3346176147,90.0277633667,305.4100036621,78.8872222900
2025-07-29,626.7420043945,86.1605758667,90.6182327271,306.2500000000,78.9541244507
2025-07-30,625.9526367188,85.5417633057,90.3039474487,300.9599914551,78.8681106567
2025-07-31,623.6046142578,84.6232070923,90.3801422119,302.9599914551,78.8681106567
2025-08-01,613.3834228516,84.4008178711,91.4206619263,309.1099853516,79.2612457275
2025-08-04,622.7067871094,85.5224227905,91.5448837280,310.9100036621,79.2804260254
2025-08-05,619.5496826172,85.5127563477,91.4779891968,311.1600036621,79.2516632080
2025-08-06,624.2952880859,86.0735549927,91.4111022949,310.5000000000,79.2804260254
2025-08-07,623.7723388672,86.8470764160,91.3442153931,313.1199951172,79.2420654297
2025-08-08,628.6361694336,87.3788757324,91.1340026855,313.0499877930,79.2228927612
2025-08-11,627.3931274414,87.0114440918,91.1626739502,308.5499877930,79.2228927612
2025-08-12,634.0723266602,88.0750350952,91.1435699463,308.2699890137,79.2804260254
2025-08-13,636.2429199219,88.6068344116,91.4684295654,309.2099914551,79.3859100342
2025-08-14,636.3020019531,88.6165084839,91.1722412109,307.2500000000,79.2995986938
2025-08-15,634.8122558594,89.1386337280,90.9907150269,307.4299926758,79.2708282471
2025-08-18,634.6741333008,89.0419387817,90.9047088623,306.9500122070,79.2708282471
2025-08-19,631.2308959961,89.0516128540,91.1340026855,305.2699890137,79.3091888428
2025-08-20,629.5537109375,89.3706893921,91.2677764893,308.3599853516,79.3379592896
2025-08-21,627.0281372070,88.8098831177,91.0002441406,307.2900085449,79.2708282471
2025-08-22,636.6572265625,90.1442184448,91.5066528320,310.5799865723,79.4434356689
2025-08-25,633.8552856445,88.9549255371,91.3251342773,309.8299865723,79.4050827026
2025-08-26,636.5092163086,88.8582305908,91.5639877319,312.0799865723,79.4721908569
2025-08-27,637.9595336914,88.6455078125,91.7359848022,312.7099914551,79.5297546387
2025-08-28,640.2187500000,88.9742584229,91.9461898804,315.0299987793,79.5009918213
2025-08-29,636.4006958008,88.4521408081,91.8697509766,318.0700073242,79.5681076050
2025-09-02,631.6848144531,87.5819244385,91.5955734253,325.5899963379,79.5276947021
2025-09-03,635.1082763672,87.7172927856,91.9119110107,328.1400146484,79.5854034424
2025-09-04,640.4161376953,88.3554382324,92.3241119385,326.6900024414,79.6431198120
2025-09-05,638.5612792969,88.7518768311,92.7746658325,331.0499877930,79.7585449219
2025-09-08,640.1300048828,89.6414184570,93.0622634888,334.8200073242,79.8066253662
2025-09-09,641.6098632812,89.3416824341,92.8417816162,334.0599975586,79.7393188477
2025-09-10,643.4646606445,89.3223419189,93.0910034180,335.2600097656,79.7489395142
2025-09-11,648.8120117188,90.2699050903,93.2347946167,334.7600097656,79.7777786255
2025-09-12,648.5948486328,89.9121551514,92.9664077759,335.4200134277,79.7681732178
2025-09-15,652.0480346680,90.5116348267,93.1197814941,338.9100036621,79.7970046997
2025-09-16,651.1502075195,90.2602386475,93.1772918701,339.5899963379,79.8354949951
2025-09-17,650.3411865234,89.9218215942,92.9759826660,336.9700012207,79.7970046997
2025-09-18,653.3798217773,90.2699050903,92.6692199707,335.6199951172,79.7681732178
2025-09-19,656.6160278320,89.9218215942,92.6308746338,339.1799926758,79.7970046997
2025-09-22,659.7224121094,90.2118988037,92.4775085449,345.0499877930,79.7585449219
2025-09-23,656.1312866211,90.0378570557,92.7363128662,346.4599914551,79.7873916626
2025-09-24,654.0436401367,89.5157318115,92.4870986938,343.3200073242,79.7489395142
2025-09-25,651.0263061523,88.8775634766,92.2857894897,344.7500000000,79.6815872192
2025-09-26,654.7560424805,89.5640716553,92.2378463745,346.7399902344,79.7296981812
2025-09-29,656.5962524414,89.9121551514,92.5062561035,352.4599914551,79.7585449219
2025-09-30,659.0695190430,90.2795791626,92.4679183960,355.4700012207,79.7970046997
2025-10-01,661.3153686523,91.0240936279,92.7794418335,356.0299987793,79.8896560669
2025-10-02,662.0770263672,91.1691284180,92.8756027222,354.7900085449,79.9089508057
2025-10-03,662.0671997070,91.9329757690,92.6929168701,357.6400146484,79.8799972534
2025-10-06,664.4415283203,92.1456985474,92.4236755371,364.3800048828,79.8606948853
2025-10-07,661.9781494141,91.3431701660,92.6544494629,366.2600097656,79.8992919922
2025-10-08,665.9255371094,91.6138992310,92.6736831665,372.2999877930,79.8896560669
2025-10-09,663.9963378906,90.8597259521,92.6063766479,365.4299926758,79.8799972534
2025-10-10,646.0499877930,89.1869735718,93.1833114624,369.1199951172,80.0150756836
2025-10-13,655.9630126953,89.9024887085,93.2313766479,378.0899963379,80.1694259644
2025-10-14,655.1616821289,90.3085937500,93.4717636108,380.7900085449,80.1115646362
2025-10-15,658.0703125000,90.7436904907,93.3659973145,387.3900146484,80.0729675293
2025-10-16,653.5887451172,91.2174682617,93.7986984253,396.4500122070,80.1791000366
2025-10-17,657.2986450195,91.3818435669,93.6448440552,388.9899902344,80.1694259644
2025-10-20,664.1348876953,92.1360244751,93.7698440552,403.1499938965,80.1791000366
2025-10-21,664.1249389648,91.4591979980,93.9429092407,377.2399902344,80.1984024048
2025-10-22,660.6722412109,91.3238296509,93.9621582031,377.2799987793,80.1984024048
2025-10-23,664.5899658203,91.7492675781,93.6544647217,378.7900085449,80.1405105591
2025-10-24,670.0213623047,91.8943023682,93.7409820557,377.5199890137,80.1887512207
2025-10-27,677.9260864258,92.5324554443,93.7409820557,367.0100097656,80.1694259644
2025-10-28,679.7266235352,92.4937820435,93.8275451660,364.3800048828,80.1791000366
2025-10-29,680.0531616211,91.9716644287,93.2217559814,363.0000000000,80.0247192383
2025-10-30,672.5737915039,91.5655517578,93.0871429443,370.1300048828,80.0343704224
2025-10-31,674.7800292969,91.3625030518,93.1256103516,368.1199951172,80.0633163452
2025-11-03,676.0463867188,91.4011840820,93.0812377930,368.7799987793,80.0662155151
2025-11-04,668.0328369141,90.4632873535,93.1969833374,362.3200073242,80.0952529907
2025-11-05,670.3479003906,91.0434341431,92.7532882690,366.5100097656,80.0372009277
2025-11-06,663.1554565430,90.8403778076,93.2259368896,366.0700073242,80.1339721680
2025-11-07,663.8083496094,91.1788024902,93.2645111084,368.3099975586,80.1726913452
2025-11-10,674.1666870117,92.1360244751,93.1391220093,378.3800048828,80.1533279419
2025-11-11,675.7099609375,92.8128585815,93.4284896851,379.8699951172,80.2210769653
2025-11-12,676.0859375000,93.3639907837,93.4477691650,385.9899902344,80.1920547485
2025-11-13,664.8669433594,92.3680801392,93.1777038574,382.8699951172,80.1436614990
2025-11-14,664.7581787109,92.1070251465,93.0233688354,375.9599914551,80.1726913452
2025-11-17,658.5648803711,90.9080657959,93.1294708252,371.6499938965,80.1630172729
2025-11-18,653.0346069336,89.7284469604,93.2837982178,374.3500061035,80.2114105225
2025-11-19,655.5574340820,89.4577026367,93.2162857056,374.9599914551,80.2017211914
2025-11-20,645.5652465820,88.2200775146,93.4381332397,374.8500061035,80.2694854736
2025-11-21,651.9958496094,89.5834121704,93.7468109131,374.2699890137,80.3662719727
2025-11-24,661.5922851562,89.6607666016,93.8914718628,380.2000122070,80.3759536743
2025-11-25,667.8151245117,90.7340164185,94.1326217651,380.0799865723,80.4243316650
2025-11-26,672.4254760742,91.7299346924,94.2097930908,383.1199951172,80.4146575928
2025-11-28,676.0958251953,92.0393447876,94.0458221436,387.8800048828,80.4146575928
2025-12-01,673.0091552734,91.5848922729,93.5408096313,389.7500000000,80.3457260132
2025-12-02,674.2557373047,91.8943023682,93.6182098389,387.2399902344,80.3942642212
2025-12-03,676.5905151367,92.3874282837,93.8116912842,386.8800048828,80.4428253174
2025-12-04,677.0852050781,92.6388168335,93.5214767456,387.1300048828,80.3845748901
2025-12-05,678.3712768555,92.6388168335,93.3279800415,386.4400024414,80.3554382324
2025-12-08,676.3333129883,92.3487472534,93.1344985962,385.4200134277,80.3360290527
2025-12-09,675.7495117188,92.2230529785,92.9990463257,387.3999938965,80.2971954346
2025-12-10,680.2312622070,93.2479629517,93.2989501953,389.0499877930,80.4331207275
2025-12-11,681.8141479492,93.7990951538,93.3086318970,393.2399902344,80.4428253174
2025-12-12,674.4832153320,93.3059768677,93.0570983887,395.4400024414,80.4525451660
2025-12-15,673.4641723633,93.8764495850,93.1344985962,395.7999877930,80.5010757446
2025-12-16,671.6240844727,93.4413375854,93.3957061768,395.8900146484,80.5399017334
2025-12-17,664.2338256836,92.6833343506,93.3763427734,399.2900085449,80.5496063232
2025-12-18,669.2496337891,93.3428955078,93.6182098389,398.5700073242,80.6078567505
2025-12-19,675.3153686523,93.9729232788,93.4075851440,399.0199890137,80.5932540894
2025-12-22,679.5224609375,94.2091827393,93.3105316162,408.2300109863,80.5543136597
2025-12-23,682.6281738281,94.7900009155,93.2717056274,413.6400146484,80.5153656006
2025-12-24,685.0294799805,94.9081344604,93.5143585205,411.9299926758,80.5640487671
2025-12-26,684.9600219727,95.0656356812,93.6016921997,416.7399902344,80.6224822998
2025-12-29,682.5190429688,94.7801513672,93.7376022339,398.6000061035,80.6614227295
2025-12-30,681.6855468750,94.9376602173,93.6405410767,398.8900146484,80.6808929443
2025-12-31,676.6350097656,94.5340423584,93.3299484253,396.3099975586,80.6516799927
2026-01-02,677.8753051758,95.5283126831,93.2523040771,398.2799987793,80.6906433105
2026-01-05,682.3900756836,96.6210250854,93.5337524414,408.7600097656,80.7198562622
2026-01-06,686.4483642578,96.7686920166,93.4658355713,413.1799926758,80.7295913696
2026-01-07,684.2356567383,96.4044494629,93.6405410767,409.2300109863,80.7198562622
2026-01-08,684.1661987305,96.4142990112,93.3590698242,411.4899902344,80.6906433105
2026-01-09,688.6908569336,97.2707366943,93.4658355713,414.4700012207,80.6614227295
2026-01-12,689.7723999023,97.8613967896,93.3493576050,422.2300109863,80.6614227295
2026-01-13,688.3931884766,97.3002700806,93.4658355713,421.6300048828,80.6808929443
2026-01-14,685.0095825195,97.7531127930,93.6599349976,425.9400024414,80.7003784180
2026-01-15,686.8750610352,97.7137298584,93.4658355713,423.3299865723,80.6419448853
2026-01-16,686.2994995117,97.9795227051,93.1067123413,421.2900085449,80.6224822998
2026-01-20,672.3286132812,96.4930419922,92.7379074097,437.2300109863,80.6322097778
2026-01-21,680.0880737305,97.4873123169,92.9805450439,443.6000061035,80.6711502075
2026-01-22,683.6403198242,97.8712387085,92.9708404541,451.7900085449,80.6419448853
2026-01-23,683.8883056641,98.4126739502,93.1261291504,458.0000000000,80.6711502075
2026-01-26,687.3612670898,98.9048843384,93.2620010376,464.7000122070,80.7003784180
2026-01-27,690.0997924805,100.4996414185,93.1552505493,476.1000061035,80.7198562622
2026-01-28,690.0303344727,99.4364700317,93.0775985718,494.5599975586,80.7198562622
2026-01-29,688.6610717773,100.1058807373,93.1746520996,495.8999938965,80.7490692139
2026-01-30,686.6071777344,99.1706695557,93.1164245605,444.9500122070,80.8172302246
2026-02-02,690.0204467773,99.8203964233,92.9333496094,427.1300048828,80.7781600952
2026-02-03,684.1860351562,99.8696136475,93.0209960938,454.2900085449,80.7684020996
2026-02-04,680.8719482422,100.1944732666,93.0015182495,453.9700012207,80.8074722290
2026-02-05,672.3683471680,98.7670669556,93.5468139648,441.8800048828,80.9344482422
2026-02-06,685.2675781250,101.0115432739,93.5468139648,455.4599914551,80.9344482422
2026-02-09,688.5717773438,102.3700408936,93.5662841797,467.0299987793,80.9539794922
2026-02-10,686.7559204102,102.6161499023,93.9752655029,462.3999938965,81.0028228760
2026-02-11,686.5972290039,103.3052520752,93.7123413086,467.6300048828,80.9246826172
2026-02-12,675.9901123047,102.5275573730,94.2868499756,451.3900146484,81.0028228760
2026-02-13,676.4663085938,102.6161499023,94.6568679810,462.6199951172,81.1297988892
2026-02-17,677.5578002930,102.5964660645,94.6471405029,448.2000122070,81.1005020142
2026-02-18,680.9711303711,102.7145919800,94.4523925781,458.2799987793,81.0516586304
2026-02-19,679.1751708984,102.4291152954,94.5400161743,459.5599975586,81.0516586304
2026-02-20,684.0868530273,103.2658691406,94.5400161743,468.6199951172,81.0614242554
2026-02-23,677.1013793945,102.8425674438,94.8808288574,481.2799987793,81.1297988892
2026-02-24,682.0228881836,103.0296096802,94.8613510132,474.6099853516,81.1297988892
2026-02-25,687.7780151367,104.0140380859,94.7834472656,473.4200134277,81.1102676392
2026-02-26,683.9577636719,103.9254302979,95.0366363525,477.4800109863,81.1395645142
2026-02-27,680.6734619141,103.7383880615,95.4163818359,483.7500000000,81.2470092773
2026-03-02,681.0604248047,101.6907958984,94.8431472778,490.0000000000,81.1030426025
2026-03-03,675.0573730469,98.5307998657,94.7357330322,468.1400146484,81.0932540894
2026-03-04,679.8201904297,99.8007049561,94.5404052734,471.7999877930,81.0442810059
2026-03-05,676.0297241211,97.6152954102,94.2474517822,466.1300048828,80.9855270386
2026-03-06,667.1688842773,96.7489929199,94.1888504028,473.5100097656,81.0246963501
2026-03-09,673.0133056641,97.4479370117,94.4818191528,472.5299987793,81.0638580322
2026-03-10,671.9317626953,97.6743545532,94.1790847778,477.8599853516,81.0149002075
2026-03-11,671.0883789062,97.4676284790,93.7493972778,476.2399902344,80.9365463257
2026-03-12,660.8979492188,95.9417724609,93.4466781616,466.8800048828,80.7994308472
2026-03-13,657.1571655273,94.7998428345,93.3490142822,460.8399963379,80.8483963013
2026-03-16,663.8449707031,96.5718002319,93.7689361572,460.4299926758,80.9463424683
2026-03-17,665.5912475586,96.8376007080,93.9349441528,459.2699890137,80.9561386108
2026-03-18,656.3037719727,95.1837692261,93.5052566528,444.7399902344,80.8092269897
2026-03-19,654.6864013672,95.0164108276,93.4954986572,426.4100036621,80.7896423340
2026-03-20,645.3010253906,92.1320571899,92.6556549072,413.3800048828,80.6133499146
2026-03-23,652.0766601562,94.3470001221,92.9486160278,404.0400085449,80.7308731079
2026-03-24,649.8877563477,93.7858810425,92.6361236572,404.1300048828,80.6133499146
2026-03-25,653.5093994141,95.1542358398,93.1244049072,416.2900085449,80.7015075684
2026-03-26,641.8385620117,93.1853942871,92.3724517822,400.6400146484,80.5252075195
2026-03-27,630.8939819336,92.3387908936,92.3822250366,414.7000122070,80.6917037964
2026-03-30,628.7846679688,92.6045761108,93.0365066528,414.5799865723,80.7994308472
2026-03-31,647.0620727539,95.6169052124,93.2025222778,430.2900085449,80.8679885864
2026-04-01,651.9373779297,97.0738601685,93.1212081909,437.8200073242,80.8650512695
2026-04-02,652.5244140625,96.4733581543,93.3367614746,429.4100036621,80.9043426514
2026-04-06,655.6088256836,96.9557266235,93.0918045044,427.6499938965,80.8257446289
2026-04-07,655.8972778320,96.8179016113,93.3269729614,431.8099975586,80.8846817017
2026-04-08,672.6027221680,100.5980911255,93.5327377319,434.5299987793,80.9632720947
2026-04-09,676.4829711914,100.3618240356,93.5033340454,437.9100036621,80.9829254150
2026-04-10,676.0353393555,100.5882415771,93.3465652466,437.1300048828,80.9534530640
2026-04-13,682.6418457031,101.2084274292,93.5523300171,435.3599853516,81.0123901367
2026-04-14,690.9597167969,102.0254974365,93.8560638428,445.0899963379,81.0713195801
2026-04-15,696.4121093750,101.7006378174,93.6503067017,440.4599914551,81.0516815186
2026-04-16,698.1234130859,101.4053115845,93.4837341309,440.0799865723,81.0222167969
2026-04-17,706.5607299805,102.6949081421,93.9932403564,445.9299926758,81.1793823242
2026-04-20,705.1477661133,102.2912979126,93.9050598145,442.0899963379,81.1400985718
2026-04-21,700.5312500000,100.0468063354,93.4935302734,429.5700073242,81.0222167969
2026-04-22,707.6253051758,100.3815155029,93.5915145874,435.2600097656,81.0615005493
2026-04-23,704.8792114258,99.6628875732,93.4445419312,431.0400085449,81.0222167969
2026-04-24,710.3415527344,100.1846237183,93.6307144165,433.2500000000,81.1106185913
2026-04-27,711.5653076172,99.8007049561,93.4151458740,429.8900146484,81.0909729004
2026-04-28,708.1028442383,99.3872451782,93.3269729614,421.9100036621,81.0418624878
2026-04-29,707.9934082031,98.3732910156,92.8860473633,417.4100036621,80.9338150024
2026-04-30,715.0377197266,100.7260589600,93.0624237061,423.6600036621,81.0222167969
2026-05-01,717.0177001953,100.5094909668,93.1332015991,423.1799926758,81.0350265503
2026-05-04,714.3909912109,99.1312942505,92.7891311646,414.7099914551,80.9365081787
2026-05-05,720.1220092773,100.4504241943,92.9267654419,418.2699890137,80.9759140015
2026-05-06,730.1312866211,103.1772689819,93.3887939453,430.9599914551,81.0842895508
2026-05-07,727.8926391602,101.2871856689,93.1037063599,431.6799926758,81.0153198242
2026-05-08,733.9021606445,102.3405151367,93.3494644165,433.7699890137,81.0842895508
2026-05-11,735.5736694336,102.1239395142,93.0349044800,434.6499938965,81.0054702759
2026-05-12,734.4593505859,101.5332870483,92.7203292847,432.9299926758,80.9463653564
2026-05-13,738.5685424805,102.2125396729,92.7203292847,430.5000000000,80.9759140015
2026-05-14,744.3989868164,101.8483047485,92.6613388062,427.2099914551,80.9463653564
2026-05-15,735.4443969727,100.1354064941,91.9240646362,417.2900085449,80.8478393555
2026-05-18,734.9270019531,101.0607681274,91.8847351074,418.4299926758,80.8872375488
2026-05-19,730.0317993164,100.3322906494,91.5308532715,411.5000000000,80.8281250000
2026-05-20,737.5138549805,102.0058135986,92.1501617432,417.3999938965,80.9365081787
2026-05-21,738.9764404297,102.5669326782,92.2091369629,416.9899902344,80.9266510010
2026-05-22,741.8817749023,102.3602066040,92.2877883911,413.8200073242,80.9069442749
2026-05-26,746.8068237305,103.4922866821,92.6809997559,414.0000000000,80.9956207275
2026-05-27,746.6774902344,103.1378936768,92.7203292847,408.4899902344,81.0054702759
2026-05-28,750.7965698242,103.0591430664,92.9365921021,412.7699890137,81.0448837280
2026-05-29,752.6671142578,103.1674346924,93.0447235107,417.1199951172,81.0842895508
2026-06-01,754.7167358398,102.8130416870,92.8839492798,411.2600097656,81.0378417969
2026-06-02,755.7415771484,103.3839950562,92.9529876709,411.9500122070,81.0378417969
2026-06-03,750.4384155273,102.4980239868,92.7162704468,407.8699951172,80.9983291626
2026-06-04,753.2740478516,103.3150863647,92.8346405029,411.2699890137,81.0576019287
2026-06-05,733.8325195312,100.6669998169,92.3414764404,396.2399902344,80.8896255493
2026-06-08,735.4940795898,101.2773361206,92.2428283691,397.2699890137,80.9291534424
2026-06-09,733.3350219727,101.2970275879,92.4992752075,390.7799987793,80.9686813354
2026-06-10,721.7736206055,99.9877471924,92.4105072021,374.5799865723,80.9686813354
2026-06-11,734.0415039062,103.0985260010,93.0516281128,386.3200073242,81.1168899536
2026-06-12,738.0113525391,103.3839950562,92.8938140869,386.5400085449,81.0971374512
2026-06-15,751.0254516602,104.0800018311,92.9924468994,396.5499877930,81.1366653442
2026-06-16,746.5481567383,104.3099975586,93.2291717529,397.6300048828,81.1564178467
2026-06-17,737.2253417969,103.7799987793,92.7359924316,388.6000061035,80.9093856812
2026-06-18,744.8902587891,104.4100036621,93.0713653564,387.1199951172,81.0180816650
2026-06-22,742.5461425781,104.5800018311,92.7162704468,384.5899963379,80.9390335083
2026-06-23,731.7628784180,102.4599990845,92.8346405029,377.3200073242,80.9983291626
2026-06-24,731.4237060547,102.2600021362,93.4363098145,365.9200134277,81.0971374512
2026-06-25,732.4810791016,103.1500015259,93.4954910278,369.4599914551,81.1168899536
2026-06-26,727.1842651367,102.5400009155,93.7322082520,373.6300048828,81.2157135010
2026-06-29,739.1644897461,103.4499969482,93.7617874146,368.5799865723,81.1959457397
2026-06-30,744.9202270508,103.8799972534,93.2784957886,368.3800048828,81.1366653442
2026-07-01,743.9127197266,103.0199966431,93.0518722534,370.6000061035,81.1049499512
2026-07-02,742.9351806641,104.3700027466,93.1409378052,378.1300048828,81.2040557861
2026-07-06,749.4190673828,105.4599990845,93.2003097534,382.1300048828,81.2436981201
2026-07-07,745.8579101562,104.1600036621,92.7252960205,377.4899902344,81.1247711182
2026-07-08,743.5536499023,103.3600006104,92.5372848511,374.4500122070,81.1049499512
2026-07-09,749.8480224609,103.9199981689,92.7352066040,378.1799926758,81.1743240356
2026-07-10,753.0799560547,104.3300018311,92.6560287476,377.0100097656,81.1445922852
2026-07-13,747.3142700195,103.2399978638,92.3195724487,367.1300048828,81.0553970337
2026-07-14,749.9677124023,103.9599990845,92.5768661499,372.1499938965,81.1941375732
2026-07-15,752.9403076172,104.6500015259,92.8044738770,372.3500061035,81.2635116577
2026-07-16,748.8604125977,103.8099975586,92.7450942993,364.9599914551,81.2635116577
2026-07-17,741.4487915039,103.3300018311,92.8638458252,368.4100036621,81.2536010742
2026-07-20,740.2518310547,102.5699996948,92.5669784546,367.6000061035,81.2238769531
2026-07-21,746.4265136719,104.0599975586,92.3393630981,374.8099975586,81.1545028687
2026-07-22,745.5585937500,104.2500000000,92.1315460205,379.1199951172,81.0950469971
2026-07-23,736.3515014648,102.9000015259,91.8841400146,371.5199890137,81.0355758667
2026-07-24,737.0996093750,103.4100036621,92.0622787476,371.8999938965,81.1148605347
2026-07-27,737.2592773438,103.9100036621,92.3096771240,374.6300048828,81.1346817017
2026-07-28,739.0248413086,103.8899993896,92.5867614746,369.3699951172,81.2040557861
2026-07-29,727.6531372070,103.3700027466,92.2008132935,371.0799865723,81.2536010742
2026-07-30,739.8527832031,106.2399978638,92.2403945923,377.1600036621,81.2734222412
2026-07-31,745.1796264648,105.5800018311,91.9831008911,371.5400085449,81.2635116577
2026-08-03,755.7932128906,106.0199966431,92.1697845459,371.7099914551,81.2843856812
2026-08-04,769.4193725586,107.3199996948,92.5967788696,374.1600036621,81.3837966919
2026-08-05,767.8831787109,107.4300003052,92.6563491821,389.6400146484,81.4136199951
2026-08-06,766.6562500000,107.3600006104,92.2988739014,389.6700134277,81.3142089844
2026-08-07,771.3446044922,108.5500030518,92.5173339844,398.4700012207,81.4334945679
2026-08-10,771.1151733398,108.0100021362,92.1102142334,402.5400085449,81.3738555908
2026-08-11,768.6513061523,108.0899963379,92.2194442749,400.9599914551,81.3837966919
2026-08-12,770.5764770508,108.5000000000,92.3088073730,404.9200134277,81.4334945679
2026-08-13,775.9531860352,108.6900024414,92.6464309692,398.9599914551,81.5428390503
2026-08-14,774.4169921875,108.6399993896,92.3882446289,401.4800109863,81.5130233765
2026-08-17,770.7560424805,108.4499969482,92.1896438599,405.4899902344,81.5130233765
2026-08-18,765.5490112305,107.2699966431,92.2790222168,398.5499877930,81.5328979492
2026-08-19,767.1549682617,107.6600036621,92.7258682251,413.8399963379,81.5726623535
2026-08-20,760.7109985352,107.3499984741,92.3485260010,415.2600097656,81.5328979492
2026-08-21,763.8232421875,108.2399978638,92.1697845459,423.3599853516,81.5130233765
2026-08-24,761.5787963867,108.0299987793,92.3584594727,426.6900024414,81.5130233765
2026-08-25,764.0127563477,108.8099975586,92.8549575806,428.0700073242,81.5925521851
2026-08-26,764.1823730469,108.2699966431,92.6662902832,421.3200073242,81.5627288818
2026-08-27,769.1899414062,108.0199966431,92.5769195557,422.6000061035,81.5527877808
2026-08-28,767.4442749023,107.7200012207,92.1995773315,408.8900146484,81.4036712646
2026-08-31,765.1499633789,107.4499969482,92.0903472900,408.4200134277,81.4036712646
2026-09-01,759.8930664062,106.4899978638,91.7834091187,396.7500000000,81.3478393555
2026-09-02,763.2646484375,107.0599975586,91.8631362915,402.7799987793,81.3976974487
2026-09-03,771.2548217773,108.2099990845,91.9627914429,410.2200012207,81.4674911499
2026-09-04,768.2822265625,108.3499984741,91.9328918457,406.7699890137,81.4475479126
2026-09-08,764.0626831055,107.7600021362,91.8432083130,399.7200012207,81.4176406860
2026-09-09,760.5115356445,106.5599975586,91.5840988159,403.3500061035,81.3877258301
2026-09-10,755.9528198242,105.6600036621,90.8665695190,396.3599853516,81.1783447266
2026-09-11,762.3967895508,106.6999969482,90.6971588135,398.7699890137,81.1285018921
2026-09-14,758.9952392578,105.8499984741,90.6174316406,392.8399963379,81.0985794067
2026-09-15,755.5139160156,105.4000015259,90.5078125000,394.1499938965,81.0686721802
2026-09-16,752.1821899414,105.0199966431,90.4181213379,391.7399902344,80.9988784790
2026-09-17,760.7109985352,106.0400009155,90.9363327026,398.3599853516,81.1185302734
2026-09-18,761.6900024414,104.9700012207,90.4878845215,401.1700134277,80.9988784790
2026-09-21,773.5000000000,106.1299972534,90.8366775513,398.3800048828,81.0487365723
2026-09-22,773.3800048828,106.5000000000,90.8466415405,400.0700073242,81.0786437988
2026-09-23,767.8099975586,104.8000030518,89.8799743652,392.8800048828,80.8792419434
2026-09-24,767.1799926758,104.5000000000,89.3816986084,391.6900024414,80.8493270874
2026-09-25,771.3499755859,105.5599975586,89.6906280518,393.4100036621,80.9689712524
2026-09-28,765.6099853516,105.0400009155,89.2222442627,377.9100036621,80.8692703247
2026-09-29,764.2000122070,104.5400009155,89.1425170898,382.8900146484,80.9191207886
2026-09-30,762.6300048828,103.8899993896,89.0029983521,380.8399963379,80.9589996338
